stock_ticker,org_name,org_base_country,managing_currency,traded_currency,exchange_name,ipo_date,market_capitalization,org_logo_url,share_outstanding,industry_type,org_phone_no,website_address,floating_share,stock_symbol,process_date,r_source,hash_id,current_price,price_change,day_high_price,day_low_price,opening_price,previous_close_price,quote_timestamp,trade_date,price_change_percent,r_target,open_gap,open_gap_percent,high_low_gap,high_low_gap_percent,high_current_gap,high_current_gap_percent,low_current_gap,low_current_gap_percent,close_price_6_days_ago,weekly_moving,weekly_moving_percentage
OC,Owens Corning,US,USD,USD,"NEW YORK STOCK EXCHANGE, INC.",2006-10-23,12418.548628391103,https://static2.finnhub.io/file/publicdatany/finnhubimage/stock_logo/OC.png,80.53,Building,14192488000,https://www.owenscorning.com/,79.63,,20260816,AADP,001ba89caa37685a583a7cba78d28b4a,154.67,-1.18,156.56,153.395,154.96,155.85,2026-08-14 20:00:00,2026-08-14,-0.7571,cadp_finnhub,0.8899999999999864,0.5743417656169245,3.164999999999992,2.0633006290948153,1.8900000000000148,1.2219564233529547,1.2749999999999773,0.8243356824206228,153.8,0.8699999999999761,0.5656697009102575
ELAN,Elanco Animal Health Inc,US,USD,USD,"NEW YORK STOCK EXCHANGE, INC.",2018-09-20,11051.635818328929,https://static2.finnhub.io/file/publicdatany/finnhubimage/stock_logo/ELAN.png,499.45,Pharmaceuticals,18773526261,https://www.elanco.com/,492.83,,20260816,AADP,0020fc70f64cffb0fb42f62144f0fcc8,23.67,1.16,23.69,22.67,22.75,22.51,2026-08-14 20:00:00,2026-08-14,5.1533,cadp_finnhub,-0.23999999999999844,-1.054945054945048,1.0199999999999996,4.499338332598144,0.019999999999999574,0.08449514152936025,1.0,4.224757076468102,22.28,1.3900000000000006,6.238779174147219
PSA,Public Storage,US,USD,USD,"NEW YORK STOCK EXCHANGE, INC.",1984-10-19,61238.67261983486,https://static2.finnhub.io/file/publicdatany/finnhubimage/stock_logo/950680574146.png,186.82,Real Estate,18182448080,https://www.publicstorage.com/,168.96,,20260816,AADP,002456881536c65aeb1d740e1a9eb803,325.93,-2.79,329.49,325.17,329.19,328.72,2026-08-14 20:00:00,2026-08-14,-0.8487,cadp_finnhub,-0.46999999999997044,-0.14277468938909763,4.319999999999993,1.328535842789923,3.5600000000000023,1.0922590740343026,0.7599999999999909,0.23317890344552233,325.71,0.22000000000002728,0.06754474839582061
PTCT,PTC Therapeutics Inc,US,USD,USD,NASDAQ NMS - GLOBAL MARKET,2013-06-20,6118.511687756529,https://static2.finnhub.io/file/publicdatany/finnhubimage/stock_logo/PTCT.png,82.95,Biotechnology,13026365400,https://www.ptcbio.com/,77.18,,20260816,AADP,0071fc892288aa132e2dcba89d956096,71.7,-0.27,72.13,70.85,71.58,71.97,2026-08-14 20:00:00,2026-08-14,-0.3752,cadp_finnhub,0.39000000000000057,0.5448449287510486,1.2800000000000011,1.8066337332392397,0.4299999999999926,0.5997210599720957,0.8500000000000085,1.1854951185495237,,,
CHEF,Chefs' Warehouse Inc,US,USD,USD,NASDAQ NMS - GLOBAL MARKET,2011-07-28,4495.728161196627,https://static2.finnhub.io/file/publicdatany/finnhubimage/stock_logo/CHEF.png,40.8,Retail,12038941345,https://www.chefswarehouse.com/,36.46,,20260816,AADP,0093420dd109a37c6152407fd8cd9fd6,109.08,-2.97,113.95,106.9305,110.77,112.05,2026-08-14 20:00:00,2026-08-14,-2.6506,cadp_finnhub,1.2800000000000011,1.1555475309199252,7.019500000000008,6.564544260056773,4.8700000000000045,4.464613127979469,2.1495000000000033,1.9705720572057237,,,
OHI,"Omega Healthcare Investors, Inc",US,USD,USD,"NEW YORK STOCK EXCHANGE, INC.",1992-08-07,14684.01009547576,https://static2.finnhub.io/file/publicdatany/finnhubimage/stock_logo/942959046566.png,299.11,Real Estate,14104271700,https://www.omegahealthcare.com/,302.41,,20260816,AADP,00c2dde0b198fc1e1d72439d45bdd900,46.53,0.52,46.7106,45.72,46.03,46.01,2026-08-14 20:00:00,2026-08-14,1.1302,cadp_finnhub,-0.020000000000003126,-0.04344992396263986,0.9906000000000006,2.1666666666666683,0.18059999999999832,0.3881366860090228,0.8100000000000023,1.7408123791102563,47.39,-0.8599999999999994,-1.8147288457480468
HII,Huntington Ingalls Industries Inc,US,USD,USD,"NEW YORK STOCK EXCHANGE, INC.",2011-03-19,12786.00442345301,https://static2.finnhub.io/file/publicdatany/finnhubimage/stock_logo/HII.png,39.4,Aerospace & Defense,13026587581,https://hii.com/,39.14,,20260816,AADP,00cd7910ad1cb19be283dd6f89d7c573,327.71,1.95,330.75,322.35,330.52,325.76,2026-08-14 20:00:00,2026-08-14,0.5986,cadp_finnhub,-4.759999999999991,-1.4401549074186104,8.399999999999977,2.605863192182403,3.0400000000000205,0.9276494461566692,5.359999999999957,1.6355924445393664,324.48,3.2299999999999613,0.9954388560157672
ARLO,Arlo Technologies Inc,US,USD,USD,"NEW YORK STOCK EXCHANGE, INC.",2018-08-03,1654.1275493458304,https://static2.finnhub.io/file/publicdatany/finnhubimage/stock_logo/ARLO.png,108.61,Electrical Equipment,13026587581,https://www.arlo.com/en-us/,105.14,,20260816,AADP,011270d2d884e5d660b87786d745a572,14.33,-0.02,14.66,14.2,14.34,14.35,2026-08-14 20:00:00,2026-08-14,-0.1394,cadp_finnhub,0.009999999999999787,0.06973500697349921,0.46000000000000085,3.2394366197183158,0.33000000000000007,2.3028611304954647,0.13000000000000078,0.907187718073976,,,
SJM,J.M. Smucker Co,US,USD,USD,"NEW YORK STOCK EXCHANGE, INC.",1965-10-20,12842.783306832323,https://static2.finnhub.io/file/publicdatany/finnhubimage/stock_logo/SJM.png,106.88,Food Products,13306823000,https://www.jmsmucker.com/,104.46,,20260816,AADP,011c13e05b7a2751ad98e84eba8bcc92,121.39,0.76,121.5075,119.54,120.05,120.63,2026-08-14 20:00:00,2026-08-14,0.63,cadp_finnhub,0.5799999999999983,0.48313202832153135,1.967499999999987,1.6458925882549664,0.11749999999999261,0.09679545267319599,1.8499999999999943,1.5240135101738153,120.16,1.230000000000004,1.0236351531291643
KRG,Kite Realty Group Trust,US,USD,USD,"NEW YORK STOCK EXCHANGE, INC.",2004-08-11,5359.280437289404,https://static2.finnhub.io/file/publicdatany/finnhubimage/stock_logo/942958998376.png,203.07,Real Estate,13175775600,https://kiterealty.com/,198.71,,20260816,AADP,013cabb331aec9c9cac163ef3f346717,26.45,-0.03,26.64,26.34,26.45,26.48,2026-08-14 20:00:00,2026-08-14,-0.1133,cadp_finnhub,0.030000000000001137,0.11342155009452226,0.3000000000000007,1.1389521640091143,0.19000000000000128,0.7183364839319519,0.10999999999999943,0.4158790170132304,26.75,-0.3000000000000007,-1.1214953271028065
MYRG,MYR Group Inc,US,USD,USD,NASDAQ NMS - GLOBAL MARKET,2008-09-09,5253.376371429641,https://static2.finnhub.io/file/publicdatany/finnhubimage/stock_logo/MYRG.png,15.57,Construction,13032868000,https://myrgroup.com/,15.28,,20260816,AADP,014d1a7ced61df4685017ea34ff78f47,334.39,7.11,337.5,325.0,326.325,327.28,2026-08-14 20:00:00,2026-08-14,2.1725,cadp_finnhub,0.9549999999999841,0.29265302995479475,12.5,3.8461538461538463,3.1100000000000136,0.930051735996894,9.389999999999986,2.808098328299287,,,
CMS,CMS Energy Corp,US,USD,USD,"NEW YORK STOCK EXCHANGE, INC.",1947-02-03,22273.38173123834,https://static2.finnhub.io/file/publicdatany/finnhubimage/stock_logo/CMS.png,313.58,Utilities,15177880550,https://www.cmsenergy.com/,311.28,,20260816,AADP,01660dbbb7fd02ec666ba630bcc2f9e7,71.11,0.6,71.39,70.36,70.41,70.51,2026-08-14 20:00:00,2026-08-14,0.8509,cadp_finnhub,0.10000000000000853,0.1420252804999411,1.0300000000000011,1.4638999431495185,0.28000000000000114,0.3937561524398835,0.75,1.0547039797496836,71.34,-0.23000000000000398,-0.3223997757219007
CNMD,Conmed Corp,US,USD,USD,"NEW YORK STOCK EXCHANGE, INC.",1987-07-23,1471.205323512156,https://static2.finnhub.io/file/publicdatany/finnhubimage/stock_logo/CNMD.png,29.95,Health Care,13026587581,https://www.conmed.com/,29.82,,20260816,AADP,01804bd3cfb334d1dca486eddcc6879c,50.41,0.59,50.59,49.13,49.6,49.82,2026-08-14 20:00:00,2026-08-14,1.1843,cadp_finnhub,0.21999999999999886,0.44354838709677186,1.4600000000000009,2.9717077142275614,0.18000000000000682,0.3570720095219338,1.279999999999994,2.539178734378088,,,
PNW,Pinnacle West Capital Corp,US,USD,USD,"NEW YORK STOCK EXCHANGE, INC.",1961-08-28,12244.556626296471,https://static2.finnhub.io/file/publicdatany/finnhubimage/stock_logo/PNW.png,121.19,Utilities,16022501000,https://www.pinnaclewest.com/,120.98,,20260816,AADP,018f5e404b33ffe14cb498a251672129,101.48,0.76,101.7125,100.23,100.39,100.72,2026-08-14 20:00:00,2026-08-14,0.7546,cadp_finnhub,0.3299999999999983,0.32871799980077526,1.4825000000000017,1.4790980744288154,0.2325000000000017,0.2291091840756816,1.25,1.2317698068584941,101.03,0.45000000000000284,0.44541225378600696
TRN,Trinity Industries Inc,US,USD,USD,"NEW YORK STOCK EXCHANGE, INC.",1981-05-22,2382.117608789151,https://static2.finnhub.io/file/publicdatany/finnhubimage/stock_logo/TRN.png,79.51,Machinery,12146314420,https://www.trin.net/,78.48,,20260816,AADP,0229d6857d1d667fb16b42e8ac411ba2,29.59,0.28,29.77,29.22,29.5,29.31,2026-08-14 20:00:00,2026-08-14,0.9553,cadp_finnhub,-0.19000000000000128,-0.6440677966101738,0.5500000000000007,1.882272416153322,0.17999999999999972,0.6083136194660349,0.370000000000001,1.2504224400135215,,,
ECL,Ecolab Inc,US,USD,USD,"NEW YORK STOCK EXCHANGE, INC.",1957-01-01,80257.5294554916,https://static2.finnhub.io/file/publicdatany/finnhubimage/stock_logo/ECL.png,281.44,Chemicals,13026587581,https://www.ecolab.com/,280.92,,20260816,AADP,025a4ce74bf4f6b1e2c7b200c159f2db,276.11,-0.15,276.93,274.3,275.14,276.26,2026-08-14 20:00:00,2026-08-14,-0.0543,cadp_finnhub,1.1200000000000045,0.40706549393036445,2.6299999999999955,0.9588042289464074,0.8199999999999932,0.29698308645104965,1.8100000000000023,0.6555358371663476,285.09,-8.979999999999961,-3.149882493247733
DOC,Healthpeak Properties Inc,US,USD,USD,"NEW YORK STOCK EXCHANGE, INC.",1985-05-23,15126.74808968104,https://static2.finnhub.io/file/publicdatany/finnhubimage/stock_logo/950838215036.png,689.42,Real Estate,17204285050,https://www.healthpeak.com/,686.82,,20260816,AADP,02752fb0243c69696db9fb928acd1c77,20.79,-0.02,20.89,20.695,20.77,20.81,2026-08-14 20:00:00,2026-08-14,-0.0961,cadp_finnhub,0.03999999999999915,0.19258545979778116,0.19500000000000028,0.9422565837158747,0.10000000000000142,0.48100048100048787,0.09499999999999886,0.4569504569504515,21.36,-0.5700000000000003,-2.668539325842698
TWLO,Twilio Inc,US,USD,USD,"NEW YORK STOCK EXCHANGE, INC.",2016-06-23,36619.997507783024,https://static2.finnhub.io/file/publicdatany/finnhubimage/stock_logo/TWLO.png,151.77,Technology,13026365400,https://www.twilio.com/en-us,151.61,,20260816,AADP,02cd92638deffc8f52b76b4b9488a33c,238.2,-11.22,251.94,233.31,250.81,249.42,2026-08-14 20:00:00,2026-08-14,-4.4984,cadp_finnhub,-1.3900000000000148,-0.5542043778158825,18.629999999999995,7.985084222707983,13.740000000000009,5.76826196473552,4.889999999999986,2.0528967254408004,252.24,-14.04000000000002,-5.566127497621321
GBCI,Glacier Bancorp Inc,US,USD,USD,"NEW YORK STOCK EXCHANGE, INC.",2014-03-04,6347.833041958763,https://static2.finnhub.io/file/publicdatany/finnhubimage/stock_logo/GBCI.png,130.2,Banking,14067517708,https://www.glacierbancorp.com/,129.28,,20260816,AADP,02ee18a1ca1afbe31176a4a3a4aa12d2,49.93,0.16,50.11,49.46,49.62,49.77,2026-08-14 20:00:00,2026-08-14,0.3215,cadp_finnhub,0.15000000000000568,0.3022974607013416,0.6499999999999986,1.3141932875050517,0.17999999999999972,0.36050470658922434,0.46999999999999886,0.9413178449829739,49.04,0.8900000000000006,1.8148450244698218
SOLS,Solstice Advanced Materials Inc,US,USD,USD,NASDAQ NMS - GLOBAL MARKET,2025-10-20,9683.336429504023,https://static2.finnhub.io/file/publicdatany/finnhubimage/stock_logo/950967676446.png,158.84,Chemicals,17046276200,https://www.solstice.com,158.76,,20260816,AADP,0356116b3312c7b597ee04a876f19150,62.65,0.08,63.68,62.09,62.51,62.57,2026-08-14 20:00:00,2026-08-14,0.1279,cadp_finnhub,0.060000000000002274,0.09598464245721049,1.5899999999999963,2.560798840392972,1.0300000000000011,1.6440542697525955,0.5599999999999952,0.8938547486033442,60.96,1.6899999999999977,2.7723097112860855
ERIE,Erie Indemnity Co,US,USD,USD,NASDAQ NMS - GLOBAL MARKET,1995-10-02,11762.743396257578,https://static2.finnhub.io/file/publicdatany/finnhubimage/stock_logo/ERIE.png,52.29,Insurance,18148702000,https://www.erieinsurance.com/,25.19,,20260816,AADP,035ca5f425e65f69fe92f2c2824e7b16,255.99,0.16,257.78,253.3901,255.78,255.83,2026-08-14 20:00:00,2026-08-14,0.0625,cadp_finnhub,0.05000000000001137,0.019548049104703796,4.389899999999983,1.7324670537641302,1.7899999999999636,0.6992460642993725,2.5999000000000194,1.0156256103754129,252.35,3.640000000000015,1.4424410540915453
VSH,Vishay Intertechnology Inc,US,USD,USD,"NEW YORK STOCK EXCHANGE, INC.",1973-02-28,5239.397932053271,https://static2.finnhub.io/file/publicdatany/finnhubimage/stock_logo/VSH.png,153.36,Electrical Equipment,16106441300,https://www.vishay.com/,138.61,,20260816,AADP,03940eedd59d2f516b056f1ae8fbde49,35.08,1.76,35.36,33.31,33.5,33.32,2026-08-14 20:00:00,2026-08-14,5.2821,cadp_finnhub,-0.17999999999999972,-0.5373134328358201,2.049999999999997,6.154308015610919,0.28000000000000114,0.7981755986317023,1.769999999999996,5.045610034207514,,,
G,Genpact Ltd,BM,USD,USD,"NEW YORK STOCK EXCHANGE, INC.",2007-08-02,5812.378392332687,https://static2.finnhub.io/file/publicdatany/finnhubimage/stock_logo/G.png,169.51,Professional Services,14412952244,https://www.genpact.com/,154.62,,20260816,AADP,03b954f931f14d3e93962254a699497d,33.86,-0.51,34.43,33.28,34.4,34.37,2026-08-14 20:00:00,2026-08-14,-1.4839,cadp_finnhub,-0.030000000000001137,-0.0872093023255847,1.1499999999999986,3.4555288461538414,0.5700000000000003,1.6834022445363268,0.5799999999999983,1.7129356172474846,34.29,-0.4299999999999997,-1.2540099154272375
TMDX,Transmedics Group Inc,US,USD,USD,NASDAQ NMS - GLOBAL MARKET,2019-05-02,2908.8978131749163,https://static2.finnhub.io/file/publicdatany/finnhubimage/stock_logo/950684842436.png,34.56,Health Care,19785520900,https://www.transmedics.com/,33.3,,20260816,AADP,03cd3a0fd8d0af9d57325c794400f226,88.58,-1.06,90.09,87.82,90.09,89.64,2026-08-14 20:00:00,2026-08-14,-1.1825,cadp_finnhub,-0.45000000000000284,-0.4995004995005026,2.2700000000000102,2.5848326121612506,1.5100000000000051,1.7046737412508526,0.7600000000000051,0.8579814856626835,,,
ROL,Rollins Inc,US,USD,USD,"NEW YORK STOCK EXCHANGE, INC.",1980-03-17,18158.428912568015,https://static2.finnhub.io/file/publicdatany/finnhubimage/stock_logo/ROL.png,481.15,Commercial Services & Supplies,13023513367,https://www.rollins.com/,296.15,,20260816,AADP,03e90b54a65a994494c9a3493ca6cea6,36.2,-0.02,36.5,35.97,36.45,36.22,2026-08-14 20:00:00,2026-08-14,-0.0552,cadp_finnhub,-0.23000000000000398,-0.6310013717421233,0.5300000000000011,1.4734500973033116,0.29999999999999716,0.8287292817679479,0.23000000000000398,0.6353591160221104,37.74,-1.5399999999999991,-4.080551139374666
WSBC,WesBanco Inc,US,USD,USD,NASDAQ NMS - GLOBAL MARKET,1987-05-08,3985.28,https://static2.finnhub.io/file/publicdatany/finnhubimage/stock_logo/WSBC.png,95.87,Banking,13042349000,https://www.wesbanco.com/,93.7,,20260816,AADP,0419343cf8765403dad3ffc6dccc8249,42.69,-0.01,43.02,42.5,42.78,42.7,2026-08-14 20:00:00,2026-08-14,-0.0234,cadp_finnhub,-0.0799999999999983,-0.18700327255726576,0.5200000000000031,1.2235294117647133,0.3300000000000054,0.7730147575544751,0.18999999999999773,0.44506910283438217,,,
IBOC,International Bancshares Corp,US,USD,USD,NASDAQ NMS - GLOBAL MARKET,1986-09-16,4573.430525733591,https://static2.finnhub.io/file/publicdatany/finnhubimage/stock_logo/IBOC.png,62.18,Banking,19567227611,https://www.ibc.com/,54.04,,20260816,AADP,04361ecdac7f4213300a9a70c81e929f,73.38,-0.03,73.4,72.67,72.68,73.41,2026-08-14 20:00:00,2026-08-14,-0.0409,cadp_finnhub,0.7299999999999898,1.004402861860195,0.730000000000004,1.004541076097432,0.020000000000010232,0.027255382938144224,0.7099999999999937,0.9675660943036166,74.58,-1.2000000000000028,-1.6090104585679845
SCSC,Scansource Inc,US,USD,USD,NASDAQ NMS - GLOBAL MARKET,1994-03-18,1116.8328769845452,https://static2.finnhub.io/file/publicdatany/finnhubimage/stock_logo/942959078686.png,20.32,Electrical Equipment,18009442432,https://www.scansource.com/,19.94,,20260816,AADP,0463a8b27b54aa5a12b82e0fd32c70ec,53.19,0.86,53.53,52.485,52.66,52.33,2026-08-14 20:00:00,2026-08-14,1.6434,cadp_finnhub,-0.3299999999999983,-0.6266616027345202,1.0450000000000017,1.9910450604934775,0.3400000000000034,0.6392178981011533,0.7049999999999983,1.3254371122391395,,,
TRNO,Terreno Realty Corp,US,USD,USD,"NEW YORK STOCK EXCHANGE, INC.",2010-02-10,7492.798960042847,https://static2.finnhub.io/file/publicdatany/finnhubimage/stock_logo/950005839776.png,106.31,Real Estate,14156554580,https://terreno.com/,104.25,,20260816,AADP,048882a38617092d5be60bd8eb6d70b8,68.22,-0.62,69.11,68.125,68.73,68.84,2026-08-14 20:00:00,2026-08-14,-0.9006,cadp_finnhub,0.10999999999999943,0.16004655899898068,0.9849999999999994,1.4458715596330267,0.8900000000000006,1.3046027557900919,0.09499999999999886,0.13925535033714287,,,
ACGL,Arch Capital Group Ltd,BM,USD,USD,NASDAQ NMS - GLOBAL MARKET,1995-09-13,33604.24463640729,https://static2.finnhub.io/file/publicdatany/finnhubimage/stock_logo/ACGL.png,341.0,Insurance,14412789250,https://www.archgroup.com/,331.63,,20260816,AADP,04b688b193681baa4b5df5f62443c813,,,,,,,,,,cadp_finnhub,,,,,,,,,,,
BOOT,Boot Barn Holdings Inc,US,USD,USD,"NEW YORK STOCK EXCHANGE, INC.",2014-10-30,4954.600184430626,https://static2.finnhub.io/file/publicdatany/finnhubimage/stock_logo/BOOT.png,30.28,Retail,13026365400,https://www.bootbarn.com/,30.13,,20260816,AADP,04c684b70efaccff2ea9d95dcf1bb340,163.32,0.84,164.93,161.28,162.87,162.48,2026-08-14 20:00:00,2026-08-14,0.517,cadp_finnhub,-0.3900000000000148,-0.23945477988580754,3.6500000000000057,2.2631448412698445,1.6100000000000136,0.9857947587558252,2.039999999999992,1.249081557678173,,,
AVTR,Avantor Inc,US,USD,USD,"NEW YORK STOCK EXCHANGE, INC.",2019-05-17,9191.71665395372,https://static2.finnhub.io/file/publicdatany/finnhubimage/stock_logo/AVTR.png,676.36,Life Sciences Tools & Services,16103861700,https://www.avantorsciences.com/,650.74,,20260816,AADP,05126a4b5c1ba6362b0a02e769ea7481,13.66,-0.19,13.825,13.63,13.78,13.85,2026-08-14 20:00:00,2026-08-14,-1.3718,cadp_finnhub,0.07000000000000028,0.5079825834542836,0.1949999999999985,1.4306676449009428,0.16499999999999915,1.20790629575402,0.02999999999999936,0.21961932650072738,13.46,0.1999999999999993,1.4858841010401134
UTI,Universal Technical Institute Inc,US,USD,USD,"NEW YORK STOCK EXCHANGE, INC.",2003-12-17,1591.5493033998923,https://static2.finnhub.io/file/publicdatany/finnhubimage/stock_logo/UTI.png,55.06,Diversified Consumer Services,13026587581,https://www.uti.edu/,53.7,,20260816,AADP,0571001a7c75798cddc2a9e953703a46,25.15,-0.69,25.82,24.76,25.64,25.84,2026-08-14 20:00:00,2026-08-14,-2.6703,cadp_finnhub,0.1999999999999993,0.7800312012480471,1.0599999999999987,4.2810985460419975,0.6700000000000017,2.6640159045725715,0.389999999999997,1.55069582504969,,,
MRCY,Mercury Systems Inc,US,USD,USD,NASDAQ NMS - GLOBAL MARKET,1998-01-30,6523.102218311863,https://static2.finnhub.io/file/publicdatany/finnhubimage/stock_logo/MRCY.png,60.04,Aerospace & Defense,19782561300,https://www.mrcy.com/,59.06,,20260816,AADP,05861ea860e17e85d141cba77d3eb1bf,111.12,1.33,112.07,108.49,110.17,109.79,2026-08-14 20:00:00,2026-08-14,1.2114,cadp_finnhub,-0.37999999999999545,-0.3449214849777575,3.5799999999999983,3.2998433035302783,0.9499999999999886,0.854931605471552,2.6300000000000097,2.3668106551475967,,,
IR,Ingersoll Rand Inc,US,USD,USD,"NEW YORK STOCK EXCHANGE, INC.",2017-05-12,33744.31140856789,https://static2.finnhub.io/file/publicdatany/finnhubimage/stock_logo/IR.png,391.34,Machinery,13026587581,https://www.irco.com/,390.47,,20260816,AADP,05a82211fe99439259d4a652fb05925f,83.34,-0.94,84.435,83.29,84.05,84.28,2026-08-14 20:00:00,2026-08-14,-1.1153,cadp_finnhub,0.23000000000000398,0.2736466389054182,1.144999999999996,1.3747148517228909,1.0949999999999989,1.3138948884089259,0.04999999999999716,0.05999520038396587,86.97,-3.6299999999999955,-4.173853052776814
ON,ON Semiconductor Corp,US,USD,USD,NASDAQ NMS - GLOBAL MARKET,2000-04-27,31600.431958414654,https://static2.finnhub.io/file/publicdatany/finnhubimage/stock_logo/ON.png,389.19,Semiconductors,13026587581,https://www.onsemi.com/,387.85,,20260816,AADP,05f8a39b6ad0a5e3a6923f85b8b865f3,82.66,1.1,83.57,81.5,81.835,81.56,2026-08-14 20:00:00,2026-08-14,1.3487,cadp_finnhub,-0.2749999999999915,-0.3360420358037411,2.069999999999993,2.539877300613489,0.9099999999999966,1.1008952334865674,1.1599999999999966,1.403338978949911,81.17,1.4899999999999949,1.8356535665886347
AMD,Advanced Micro Devices Inc,US,USD,USD,NASDAQ NMS - GLOBAL MARKET,1979-10-15,789073.1022306418,https://static2.finnhub.io/file/publicdatany/finnhubimage/stock_logo/AMD.png,1630.6,Semiconductors,13026587581,https://www.amd.com/,1623.16,,20260816,AADP,0641b02045009c16ab5f3288e1c08f57,514.39,31.38,514.67,483.2,487.6,483.01,2026-08-14 20:00:00,2026-08-14,6.4968,cadp_finnhub,-4.590000000000032,-0.9413453650533289,31.46999999999997,6.512831125827809,0.2799999999999727,0.05443340655922019,31.189999999999998,6.063492680650868,480.56,33.829999999999984,7.039703679041115
VSAT,Viasat Inc,US,USD,USD,NASDAQ NMS - GLOBAL MARKET,1996-12-03,10468.03855993879,https://static2.finnhub.io/file/publicdatany/finnhubimage/stock_logo/VSAT.png,137.76,Communications,13026587581,https://www.viasat.com/,130.82,,20260816,AADP,06469fbe718f34657ec776ebf8bb9d4d,82.87,-0.03,84.9999,81.09,82.9,82.9,2026-08-14 20:00:00,2026-08-14,-0.0362,cadp_finnhub,,,3.9098999999999933,4.821679615242315,2.129899999999992,2.5701701460118165,1.7800000000000011,2.147942560637144,,,
NWBI,Northwest Bancshares Inc,US,USD,USD,NASDAQ NMS - GLOBAL MARKET,1994-11-07,2277.4392871853042,https://static2.finnhub.io/file/publicdatany/finnhubimage/stock_logo/NWBI.png,146.4,Banking,18147262140,https://www.northwest.bank/,144.85,,20260816,AADP,065fa878fe917c0362ff13df016ecd4f,15.75,-0.04,15.89,15.75,15.78,15.79,2026-08-14 20:00:00,2026-08-14,-0.2533,cadp_finnhub,0.009999999999999787,0.06337135614702019,0.14000000000000057,0.8888888888888925,0.14000000000000057,0.8888888888888925,,,,,
DD,Dupont De Nemours Inc,US,USD,USD,"NEW YORK STOCK EXCHANGE, INC.",2017-09-01,19239.57216584984,https://static2.finnhub.io/file/publicdatany/finnhubimage/stock_logo/DD.png,135.02,Chemicals,13022955783,https://www.dupont.com/,134.73,,20260816,AADP,06798736b6e720cbcb01c6a8f8ca91df,146.26,2.16,146.815,143.105,143.68,144.1,2026-08-14 20:00:00,2026-08-14,1.499,cadp_finnhub,0.4199999999999875,0.2923162583518844,3.710000000000008,2.592502009014366,0.5550000000000068,0.3794612334199418,3.155000000000001,2.1571174620538773,145.54,0.7199999999999989,0.49470935825202617
VZ,Verizon Communications Inc,US,USD,USD,"NEW YORK STOCK EXCHANGE, INC.",1984-02-15,191587.05,https://static2.finnhub.io/file/publicdatany/finnhubimage/stock_logo/VZ.png,4155.0,Telecommunication,12123951000,https://www.verizon.com/,4152.47,,20260816,AADP,06c9deaca507e8225a4ad6200e5ba450,48.48,0.26,48.605,48.19,48.46,48.22,2026-08-14 20:00:00,2026-08-14,0.5392,cadp_finnhub,-0.240000000000002,-0.49525381758151465,0.41499999999999915,0.8611745175347565,0.125,0.2578382838283828,0.28999999999999915,0.5981848184818465,47.03,1.4499999999999957,3.0831384222836395
EXPE,Expedia Group Inc,US,USD,USD,NASDAQ NMS - GLOBAL MARKET,2005-07-20,37288.31987655583,https://static2.finnhub.io/file/publicdatany/finnhubimage/stock_logo/EXPE.png,120.02,"Hotels, Restaurants & Leisure",12064817200,https://www.expediagroup.com/,113.79,,20260816,AADP,070b0d7c586d4714235d46c8c34aeee4,332.69,4.38,333.24,327.875,329.01,328.31,2026-08-14 20:00:00,2026-08-14,1.3341,cadp_finnhub,-0.6999999999999886,-0.21275949059298763,5.365000000000009,1.6362943194815123,0.5500000000000114,0.1653190657969916,4.814999999999998,1.447293276022723,306.6,26.089999999999975,8.50945857795172
CG,Carlyle Group Inc,US,USD,USD,NASDAQ NMS - GLOBAL MARKET,2012-05-03,17203.178207782115,https://static2.finnhub.io/file/publicdatany/finnhubimage/stock_logo/CG.png,359.97,Financial Services,12027295626,https://www.carlyle.com,264.86,,20260816,AADP,0723133855e6ba5f63baff422e489a3c,49.28,-2.13,51.36,49.05,51.0,51.41,2026-08-14 20:00:00,2026-08-14,-4.1432,cadp_finnhub,0.4099999999999966,0.8039215686274442,2.3100000000000023,4.709480122324164,2.0799999999999983,4.220779220779217,0.23000000000000398,0.46672077922078725,48.28,1.0,2.071251035625518
CURB,Curbline Properties Corp.,US,USD,USD,"NEW YORK STOCK EXCHANGE, INC.",2024-09-26,3407.4263147644483,https://static2.finnhub.io/file/publicdatany/finnhubimage/stock_logo/950906168806.png,115.04,Real Estate,12167555500,https://curbline.com/,105.84,,20260816,AADP,07810bef5c8a02aec0048d08e59c12d5,30.24,0.19,30.42,30.02,30.03,30.05,2026-08-14 20:00:00,2026-08-14,0.6323,cadp_finnhub,0.019999999999999574,0.06660006660006518,0.40000000000000213,1.3324450366422456,0.18000000000000327,0.595238095238106,0.21999999999999886,0.7275132275132238,,,
DFH,Dream Finders Homes Inc,US,USD,USD,"NEW YORK STOCK EXCHANGE, INC.",2021-01-20,1363.5799522061338,https://static2.finnhub.io/file/publicdatany/finnhubimage/stock_logo/950792365976.png,91.54,Consumer products,19046447670,https://www.dreamfindershomes.com,27.01,,20260816,AADP,07f3ec79327c09835155465d2722a41b,15.6,0.76,16.005,15.11,16.005,14.84,2026-08-14 20:00:00,2026-08-14,5.1213,cadp_finnhub,-1.1649999999999991,-7.278975320212429,0.8949999999999996,5.923229649238912,0.40499999999999936,2.5961538461538423,0.4900000000000002,3.1410256410256423,,,
TROW,T Rowe Price Group Inc,US,USD,USD,NASDAQ NMS - GLOBAL MARKET,1986-01-04,24322.27285573261,https://static2.finnhub.io/file/publicdatany/finnhubimage/stock_logo/TROW.png,214.27,Financial Services,14103452000,https://www.troweprice.com,210.23,,20260816,AADP,080e4288917cc9352235bef98059a8c3,110.56,-0.74,111.465,109.76,110.93,111.3,2026-08-14 20:00:00,2026-08-14,-0.6649,cadp_finnhub,0.36999999999999034,0.3335436761921845,1.7049999999999983,1.5533892128279867,0.9050000000000011,0.818560057887121,0.7999999999999972,0.7235890014471754,114.02,-3.4599999999999937,-3.0345553411682107
TOL,Toll Brothers Inc,US,USD,USD,"NEW YORK STOCK EXCHANGE, INC.",1986-07-16,14496.417669783057,https://static2.finnhub.io/file/publicdatany/finnhubimage/stock_logo/TOL.png,93.47,Consumer products,12159388000,https://www.tollbrothers.com,92.79,,20260816,AADP,08a3f5633b53611cfc7707f1502fcb38,148.27,-1.04,149.97,147.43,148.45,149.31,2026-08-14 20:00:00,2026-08-14,-0.6965,cadp_finnhub,0.8600000000000136,0.5793196362411679,2.539999999999992,1.722851522756557,1.6999999999999886,1.1465569569029397,0.8400000000000034,0.5665340257638115,150.0,-1.7299999999999898,-1.1533333333333264
LQDA,Liquidia Corp,US,USD,USD,NASDAQ NMS - GLOBAL MARKET,2018-07-26,8023.093071015881,https://static2.finnhub.io/file/publicdatany/finnhubimage/stock_logo/LQDA.png,88.93,Pharmaceuticals,19193284400,https://www.liquidia.com/,77.0,,20260816,AADP,08ba598fee1f7aee1cd93b96ee526843,74.44,2.34,76.9,71.53,71.98,72.1,2026-08-14 20:00:00,2026-08-14,3.2455,cadp_finnhub,0.11999999999999034,0.16671297582660508,5.3700000000000045,7.507339577799531,2.460000000000008,3.3046749059645464,2.9099999999999966,3.909188608275117,,,
VSTS,Vestis Corp,US,USD,USD,"NEW YORK STOCK EXCHANGE, INC.",2023-09-27,1930.0551224681292,https://static2.finnhub.io/file/publicdatany/finnhubimage/stock_logo/950867654136.png,132.11,Commercial Services & Supplies,13026587581,https://ir.vestis.com/,110.46,,20260816,AADP,08d83b2127589c3d3f6dfef3d73fe194,13.33,-0.19,13.87,13.21,13.53,13.52,2026-08-14 20:00:00,2026-08-14,-1.4053,cadp_finnhub,-0.009999999999999787,-0.0739098300073894,0.6599999999999984,4.996214988644953,0.5399999999999991,4.0510127531882905,0.11999999999999922,0.9002250562640602,,,
CAR,Avis Budget Group Inc,US,USD,USD,NASDAQ NMS - GLOBAL MARKET,1983-09-15,5022.615678130684,https://static2.finnhub.io/file/publicdatany/finnhubimage/stock_logo/CAR.png,35.33,Road & Rail,13026365400,https://avisbudgetgroup.com/,17.34,,20260816,AADP,08da25df4e035581377cead3f5b74efd,137.85,0.86,138.89,135.7,137.07,136.99,2026-08-14 20:00:00,2026-08-14,0.6278,cadp_finnhub,-0.07999999999998408,-0.058364339388621934,3.1899999999999977,2.3507737656595418,1.039999999999992,0.7544432354007922,2.1500000000000057,1.559666303953577,142.18,-4.3300000000000125,-3.0454353636235845
MPT,Medical Properties Trust Inc,US,USD,USD,"NEW YORK STOCK EXCHANGE, INC.",2005-07-08,2811.0698273260873,https://static2.finnhub.io/file/publicdatany/finnhubimage/stock_logo/942959110706.png,598.1,Real Estate,12059693755,https://medicalpropertiestrust.com/,493.29,,20260816,AADP,08dea2455b1e1f2a8dd4412664bbc304,4.18,-0.02,4.24,4.13,4.2,4.2,2026-08-14 20:00:00,2026-08-14,-0.4762,cadp_finnhub,,,0.11000000000000032,2.6634382566586035,0.0600000000000005,1.4354066985646052,0.04999999999999982,1.1961722488038236,,,
UNP,Union Pacific Corp,US,USD,USD,"NEW YORK STOCK EXCHANGE, INC.",1969-06-20,174141.3543368053,https://static2.finnhub.io/file/publicdatany/finnhubimage/stock_logo/UNP.png,594.08,Road & Rail,14025445000,https://www.up.com/index.htm,593.36,,20260816,AADP,08fb013ff7e7957cf919ea52dae7befc,293.68,-4.11,300.6299,293.15,298.05,297.79,2026-08-14 20:00:00,2026-08-14,-1.3802,cadp_finnhub,-0.2599999999999909,-0.08723368562321453,7.479900000000043,2.551560634487479,6.949900000000014,2.3664873331517344,0.5300000000000296,0.18046853718333886,293.13,0.5500000000000114,0.18763006174735147
ADMA,ADMA Biologics Inc,US,USD,USD,NASDAQ NMS - GLOBAL MARKET,2013-10-17,2217.44842666998,https://static2.finnhub.io/file/publicdatany/finnhubimage/stock_logo/942975488566.png,231.77,Biotechnology,12014785552,https://www.admabiologics.com/,224.77,,20260816,AADP,090056a40b7c0df15c69c5a4a3cc7f70,9.47,0.06,9.49,9.33,9.47,9.41,2026-08-14 20:00:00,2026-08-14,0.6376,cadp_finnhub,-0.0600000000000005,-0.6335797254487909,0.16000000000000014,1.7148981779206873,0.019999999999999574,0.21119324181625734,0.14000000000000057,1.478352692713839,,,
MARA,MARA Holdings Inc,US,USD,USD,NASDAQ NMS - GLOBAL MARKET,2014-07-28,3847.019286260094,https://static2.finnhub.io/file/publicdatany/finnhubimage/stock_logo/950014351136.png,381.27,Technology,18008041690,https://www.mara.com/,377.81,,20260816,AADP,095efc9cd4133a466037db798a8bba4b,9.2,-0.01,9.255,9.0,9.01,9.21,2026-08-14 20:00:00,2026-08-14,-0.1086,cadp_finnhub,0.20000000000000107,2.2197558268590574,0.2550000000000008,2.833333333333342,0.05500000000000149,0.5978260869565379,0.1999999999999993,2.173913043478253,,,
RDNT,RadNet Inc,US,USD,USD,NASDAQ NMS - GLOBAL MARKET,2001-12-12,5691.939158247067,https://static2.finnhub.io/file/publicdatany/finnhubimage/stock_logo/942959146026.png,78.63,Health Care,13104787808,https://www.radnet.com/,70.57,,20260816,AADP,098d5484de50dd3354268b8c44283884,76.35,-0.96,78.1421,75.84,76.87,77.31,2026-08-14 20:00:00,2026-08-14,-1.2418,cadp_finnhub,0.4399999999999977,0.5723949525172338,2.302099999999996,3.035469409282695,1.792100000000005,2.3472167648985005,0.5099999999999909,0.6679764243614813,,,
TFIN,Triumph Financial Inc,US,USD,USD,"NEW YORK STOCK EXCHANGE, INC.",2014-11-07,1816.2237264163368,https://static2.finnhub.io/file/publicdatany/finnhubimage/stock_logo/TBK.png,23.89,Banking,12143656900,https://www.tfin.com/,22.61,,20260816,AADP,0997e28818914bd43ec768be2f51bc95,78.22,-0.21,78.9,77.84,77.84,78.43,2026-08-14 20:00:00,2026-08-14,-0.2678,cadp_finnhub,0.5900000000000034,0.7579650565262119,1.0600000000000023,1.3617677286742065,0.6800000000000068,0.8693428790590729,0.37999999999999545,0.4858092559447654,,,
IBM,International Business Machines Corp,US,USD,USD,"NEW YORK STOCK EXCHANGE, INC.",1915-11-11,223549.64327893758,https://static2.finnhub.io/file/publicdatany/finnhubimage/stock_logo/IBM.png,942.13,Technology,19144991900,https://www.ibm.com/,940.99,,20260816,AADP,099b6626c6bd79d0034f542c271f0bd1,234.32,-2.82,239.15,233.73,238.37,237.14,2026-08-14 20:00:00,2026-08-14,-1.1892,cadp_finnhub,-1.2300000000000182,-0.5160045307714973,5.420000000000016,2.318914987378606,4.8300000000000125,2.06128371457836,0.5900000000000034,0.25179242062137397,237.28,-2.960000000000008,-1.247471341874582
SHW,Sherwin-Williams Co,US,USD,USD,"NEW YORK STOCK EXCHANGE, INC.",1964-02-11,89754.97908897235,https://static2.finnhub.io/file/publicdatany/finnhubimage/stock_logo/SHW.png,242.76,Chemicals,12165662000,https://www.sherwin-williams.com/,227.22,,20260816,AADP,09a1c4151d15ed18c016e02592ed039c,359.1,-2.45,361.58,356.87,360.72,361.55,2026-08-14 20:00:00,2026-08-14,-0.6776,cadp_finnhub,0.8299999999999841,0.23009536482589932,4.7099999999999795,1.3198083335668394,2.4799999999999613,0.6906154274575219,2.230000000000018,0.6209969367864155,369.53,-10.42999999999995,-2.8225042621708525
EPRT,Essential Properties Realty Trust Inc,US,USD,USD,"NEW YORK STOCK EXCHANGE, INC.",2018-06-21,6678.845465000001,https://static2.finnhub.io/file/publicdatany/finnhubimage/stock_logo/950645259576.png,216.27,Real Estate,16094360619,https://essentialproperties.com/,214.85,,20260816,AADP,09aedeb68c2ff7d919d03ca6dd836c6d,31.06,0.02,31.24,30.87,30.93,31.04,2026-08-14 20:00:00,2026-08-14,0.0644,cadp_finnhub,0.10999999999999943,0.3556417717426429,0.36999999999999744,1.1985746679624147,0.17999999999999972,0.5795235028976167,0.18999999999999773,0.611719253058589,,,
TLN,Talen Energy Corp,US,USD,USD,NASDAQ NMS - GLOBAL MARKET,2015-06-04,16660.266198002864,https://static2.finnhub.io/file/publicdatany/finnhubimage/stock_logo/950429441216.png,45.4,Utilities,18009279800,https://www.talenenergy.com/,42.29,,20260816,AADP,09b4739d4a2a4b396bccb1aa69df8410,362.74,4.34,372.78,359.34,359.83,358.4,2026-08-14 20:00:00,2026-08-14,1.2109,cadp_finnhub,-1.4300000000000068,-0.39740988800266985,13.439999999999998,3.740190348973117,10.039999999999964,2.7678226829133714,3.400000000000034,0.9373104703093218,347.71,15.03000000000003,4.322567656955518
ANET,Arista Networks Inc,US,USD,USD,"NEW YORK STOCK EXCHANGE, INC.",2014-06-06,237955.25611247416,https://static2.finnhub.io/file/publicdatany/finnhubimage/stock_logo/ANET.png,1259.2,Communications,13026365400,https://www.arista.com/en/,1041.6,,20260816,AADP,09d4dc46e1cfe5e4e30b1c057fdd125d,,,,,,,,,,cadp_finnhub,,,,,,,,,,,
ULS,UL Solutions Inc,US,USD,USD,"NEW YORK STOCK EXCHANGE, INC.",2024-04-12,15790.45625301288,https://static2.finnhub.io/file/publicdatany/finnhubimage/stock_logo/950868031866.png,201.56,Professional Services,18009279800,https://www.ul.com/,76.84,,20260816,AADP,09fabae218c20ca4a14d689094e8f333,77.46,0.65,77.57,76.48,76.9,76.81,2026-08-14 20:00:00,2026-08-14,0.8462,cadp_finnhub,-0.09000000000000341,-0.11703511053316439,1.0899999999999892,1.4252092050209064,0.10999999999999943,0.14200877872450224,0.9799999999999898,1.265169119545559,78.21,-0.75,-0.9589566551591868
CINF,Cincinnati Financial Corp,US,USD,USD,NASDAQ NMS - GLOBAL MARKET,1980-03-17,27144.125596674603,https://static2.finnhub.io/file/publicdatany/finnhubimage/stock_logo/CINF.png,153.48,Insurance,15138702000,https://www.cinfin.com/,150.59,,20260816,AADP,0a4335a637a5c4e6d71b5ed823f9622a,173.17,0.5,173.76,172.08,172.57,172.67,2026-08-14 20:00:00,2026-08-14,0.2896,cadp_finnhub,0.09999999999999432,0.05794749956539046,1.6799999999999784,0.9762900976289972,0.5900000000000034,0.34070566495351584,1.089999999999975,0.6294392793208842,173.86,-0.6900000000000261,-0.396871045668944
GLW,Corning Inc,US,USD,USD,"NEW YORK STOCK EXCHANGE, INC.",1945-05-21,142714.80783195063,https://static2.finnhub.io/file/publicdatany/finnhubimage/stock_logo/GLW.png,861.39,Electrical Equipment,16079749000,https://www.corning.com/,790.59,,20260816,AADP,0a48eecd5b6d29976e3b0ade835623fc,165.99,7.45,167.69,158.27,161.0,158.54,2026-08-14 20:00:00,2026-08-14,4.6991,cadp_finnhub,-2.460000000000008,-1.527950310559011,9.419999999999987,5.95185442598091,1.6999999999999886,1.0241580818121505,7.719999999999999,4.650882583288149,157.76,8.230000000000018,5.216784989858024
NBIX,Neurocrine Biosciences Inc,US,USD,USD,NASDAQ NMS - GLOBAL MARKET,1996-05-23,16610.49286513834,https://static2.finnhub.io/file/publicdatany/finnhubimage/stock_logo/NBIX.png,100.55,Biotechnology,18009279800,https://www.neurocrine.com/,99.35,,20260816,AADP,0a733916bac83546aafd2ae812aa690d,152.72,1.9,153.42,148.775,149.72,150.82,2026-08-14 20:00:00,2026-08-14,1.2598,cadp_finnhub,1.0999999999999943,0.7347047822602153,4.644999999999982,3.1221643421273613,0.6999999999999886,0.4583551597695054,3.944999999999993,2.583158721843893,163.41,-10.689999999999998,-6.541827305550455
LCII,LCI Industries,US,USD,USD,"NEW YORK STOCK EXCHANGE, INC.",2014-09-23,2645.092028776108,https://static2.finnhub.io/file/publicdatany/finnhubimage/stock_logo/LCII.png,29.02,Auto Components,15745351125,https://www.lci1.com/,28.16,,20260816,AADP,0a771727ddb629d1852edc25b810a1a1,106.1,-1.04,106.6925,104.59,106.5,107.14,2026-08-14 20:00:00,2026-08-14,-0.9707,cadp_finnhub,0.6400000000000006,0.6009389671361508,2.102499999999992,2.01023042355865,0.5925000000000011,0.5584354382657881,1.509999999999991,1.4231856738925457,,,
VLTO,Veralto Corp,US,USD,USD,"NEW YORK STOCK EXCHANGE, INC.",2023-09-27,23116.485018563024,https://static2.finnhub.io/file/publicdatany/finnhubimage/stock_logo/950867112376.png,243.79,Commercial Services & Supplies,13026587581,https://www.veralto.com/,243.31,,20260816,AADP,0ab02f68ef52d3cb06a9a9429a7daa15,97.68,0.14,98.07,96.47,96.47,97.54,2026-08-14 20:00:00,2026-08-14,0.1435,cadp_finnhub,1.0700000000000074,1.1091531045921088,1.5999999999999943,1.6585466984554726,0.38999999999998636,0.39926289926288533,1.210000000000008,1.2387387387387467,98.34,-0.6599999999999966,-0.6711409395973119
PRKS,United Parks & Resorts Inc,US,USD,USD,"NEW YORK STOCK EXCHANGE, INC.",2013-04-18,2122.51277061568,https://static2.finnhub.io/file/publicdatany/finnhubimage/stock_logo/SEAS.png,47.14,"Hotels, Restaurants & Leisure",13026587581,https://unitedparks.com/,18.74,,20260816,AADP,0b05a79b30bd8793609626414c35334e,44.93,-0.12,45.41,44.555,44.99,45.05,2026-08-14 20:00:00,2026-08-14,-0.2664,cadp_finnhub,0.05999999999999517,0.13336296954877788,0.8549999999999969,1.9189765458422103,0.4799999999999969,1.0683285110171308,0.375,0.834631649232139,,,
SPGI,S&P Global Inc,US,USD,USD,"NEW YORK STOCK EXCHANGE, INC.",1929-02-14,120334.40411702957,https://static2.finnhub.io/file/publicdatany/finnhubimage/stock_logo/SPGI.png,294.8,Financial Services,12124381000,https://www.spglobal.com/,293.94,,20260816,AADP,0b15da432afd87e636ef64fb57ec252f,418.8,-3.87,423.22,414.22,422.01,422.67,2026-08-14 20:00:00,2026-08-14,-0.9156,cadp_finnhub,0.660000000000025,0.1563943982370145,9.0,2.1727584375452658,4.420000000000016,1.0553963705826208,4.579999999999984,1.0936007640878662,408.19,10.610000000000014,2.599279747176563
DCH,Dauch Corp,US,USD,USD,"NEW YORK STOCK EXCHANGE, INC.",1999-01-29,1507.2787544268078,https://static2.finnhub.io/file/publicdatany/finnhubimage/stock_logo/AXL.png,237.37,Auto Components,13026587581,https://www.aam.com/investors,231.21,,20260816,AADP,0b31cca333a94ebab99b6c94a81495ec,6.73,-0.02,6.8,6.675,6.77,6.75,2026-08-14 20:00:00,2026-08-14,-0.2963,cadp_finnhub,-0.019999999999999574,-0.2954209748892109,0.125,1.8726591760299627,0.0699999999999994,1.0401188707280742,0.055000000000000604,0.8172362555720742,,,
WS,Worthington Steel Inc,US,USD,USD,"NEW YORK STOCK EXCHANGE, INC.",2023-11-28,1753.7,https://static2.finnhub.io/file/publicdatany/finnhubimage/stock_logo/950868087046.png,49.92,Metals & Mining,16148404995,https://www.worthingtonsteel.com/,31.52,,20260816,AADP,0b602c192e656f225982a4b1d75685ca,37.94,-0.1,38.56,37.4666,38.13,38.04,2026-08-14 20:00:00,2026-08-14,-0.2629,cadp_finnhub,-0.09000000000000341,-0.23603461841070916,1.0934000000000026,2.918332594897863,0.6200000000000045,1.6341591987348567,0.47339999999999804,1.2477596204533423,,,
WGO,Winnebago Industries Inc,US,USD,USD,"NEW YORK STOCK EXCHANGE, INC.",1980-03-17,863.05,https://static2.finnhub.io/file/publicdatany/finnhubimage/stock_logo/WGO.png,28.27,Automobiles,19528298600,https://winnebagoind.com/,27.19,,20260816,AADP,0b6e6154f666babfe4bcf250de796786,31.55,-1.02,32.6899,31.34,32.15,32.57,2026-08-14 20:00:00,2026-08-14,-3.1317,cadp_finnhub,0.4200000000000017,1.3063763608087147,1.3499000000000017,4.307275047862162,1.1399000000000008,3.612995245641841,0.21000000000000085,0.6656101426307476,,,
AA,Alcoa Corp,US,USD,USD,"NEW YORK STOCK EXCHANGE, INC.",2016-10-18,13240.335666278645,https://static2.finnhub.io/file/publicdatany/finnhubimage/stock_logo/AA.png,263.89,Metals & Mining,14123152900,https://www.alcoa.com/global/en/home,262.45,,20260816,AADP,0b7114541a99453f54a56f3b9baa6af3,49.98,0.39,50.69,49.43,49.76,49.59,2026-08-14 20:00:00,2026-08-14,0.7864,cadp_finnhub,-0.1699999999999946,-0.3416398713826258,1.259999999999998,2.5490592757434714,0.7100000000000009,1.4205682272909181,0.5499999999999972,1.1004401760704225,50.17,-0.19000000000000483,-0.3787123779150983
FOXF,Fox Factory Holding Corp,US,USD,USD,NASDAQ NMS - GLOBAL MARKET,2013-08-08,886.1105470026511,https://static2.finnhub.io/file/publicdatany/finnhubimage/stock_logo/FOXF.png,41.94,Auto Components,13026587581,https://investor.ridefox.com/,41.52,,20260816,AADP,0b881c9236cd173889bb554f3b4a1e0f,21.02,-0.06,21.415,20.77,21.03,21.08,2026-08-14 20:00:00,2026-08-14,-0.2846,cadp_finnhub,0.04999999999999716,0.237755587256287,0.6449999999999996,3.1054405392392854,0.3949999999999996,1.8791627021883899,0.25,1.1893434823977165,,,
MRVL,Marvell Technology Inc,US,USD,USD,NASDAQ NMS - GLOBAL MARKET,2000-06-27,191547.62493652815,https://static2.finnhub.io/file/publicdatany/finnhubimage/stock_logo/MRVL.png,875.77,Semiconductors,13022954840,https://www.marvell.com/,869.11,,20260816,AADP,0b8e2c0de809905069429a78619f27ca,222.02,-0.16,223.5179,217.1,221.395,222.18,2026-08-14 20:00:00,2026-08-14,-0.072,cadp_finnhub,0.7849999999999966,0.3545698864021304,6.417900000000003,2.9561953017042852,1.4978999999999871,0.6746689487433506,4.920000000000016,2.2160165750833327,218.72,3.3000000000000114,1.5087783467447016
FIZZ,National Beverage Corp,US,USD,USD,NASDAQ NMS - GLOBAL MARKET,1991-09-13,3007.756645324468,https://static2.finnhub.io/file/publicdatany/finnhubimage/stock_logo/FIZZ.png,93.61,Beverages,13026587581,https://www.nationalbeverage.com/,23.69,,20260816,AADP,0be9a8ba796b33005f6e2d06630cf872,31.31,-0.02,31.52,30.91,31.3,31.33,2026-08-14 20:00:00,2026-08-14,-0.0638,cadp_finnhub,0.029999999999997584,0.09584664536740442,0.6099999999999994,1.9734713684891603,0.21000000000000085,0.6707122325135767,0.3999999999999986,1.2775471095496602,,,
PPL,PPL Corp,US,USD,USD,"NEW YORK STOCK EXCHANGE, INC.",1948-09-17,26678.344460870023,https://static2.finnhub.io/file/publicdatany/finnhubimage/stock_logo/PPL.png,752.35,Utilities,16107745151,https://www.pplweb.com/,751.01,,20260816,AADP,0c23a1788b177474f9cbcc069588a734,36.02,0.34,36.055,35.47,35.47,35.68,2026-08-14 20:00:00,2026-08-14,0.9529,cadp_finnhub,0.21000000000000085,0.5920496193966757,0.5850000000000009,1.6492810826050208,0.03499999999999659,0.09716823986673122,0.5500000000000043,1.5269294836202227,34.99,1.0300000000000011,2.94369819948557
ACA,Arcosa Inc,US,USD,USD,"NEW YORK STOCK EXCHANGE, INC.",2018-10-16,7112.629998624889,https://static2.finnhub.io/file/publicdatany/finnhubimage/stock_logo/ACA.png,49.02,Construction,13026587581,https://www.arcosa.com/,48.13,,20260816,AADP,0c3e81af5b90bd21aaa31b79fa15766f,145.4,0.44,145.46,145.095,145.2,144.96,2026-08-14 20:00:00,2026-08-14,0.3035,cadp_finnhub,-0.23999999999998067,-0.16528925619833382,0.3650000000000091,0.2515593232020463,0.060000000000002274,0.041265474552958925,0.3050000000000068,0.20976616231087125,,,
ARWR,Arrowhead Pharmaceuticals Inc,US,USD,USD,NASDAQ NMS - GLOBAL MARKET,1993-12-14,12380.954632395433,https://static2.finnhub.io/file/publicdatany/finnhubimage/stock_logo/ARWR.png,140.86,Biotechnology,13026974590,https://arrowheadpharma.com/,135.55,,20260816,AADP,0c7fc48f61fb15d5874d20379a1c2c1d,86.64,1.05,87.17,83.78,84.75,85.59,2026-08-14 20:00:00,2026-08-14,1.2268,cadp_finnhub,0.8400000000000034,0.9911504424778801,3.3900000000000006,4.0463117689185975,0.5300000000000011,0.6117266851338886,2.8599999999999994,3.3010156971375797,86.83,-0.18999999999999773,-0.21881838074397988
YELP,Yelp Inc,US,USD,USD,"NEW YORK STOCK EXCHANGE, INC.",2012-03-02,1444.61,https://static2.finnhub.io/file/publicdatany/finnhubimage/stock_logo/YELP.png,54.99,Media,13026587581,https://www.yelp.com/,51.38,,20260816,AADP,0cc55d71e6b761bc51d16bd1aaf6530d,24.7,0.31,24.71,24.1,24.58,24.39,2026-08-14 20:00:00,2026-08-14,1.271,cadp_finnhub,-0.18999999999999773,-0.7729861676159387,0.6099999999999994,2.531120331950205,0.010000000000001563,0.0404858299595205,0.5999999999999979,2.4291497975708416,,,
AMN,AMN Healthcare Services Inc,US,USD,USD,"NEW YORK STOCK EXCHANGE, INC.",2001-11-13,1396.2977251948053,https://static2.finnhub.io/file/publicdatany/finnhubimage/stock_logo/AMN.png,38.79,Health Care,18009279800,https://www.amnhealthcare.com/,38.41,,20260816,AADP,0d222deaa302b1343c4d7e4d119c3192,34.5,0.01,34.96,34.21,34.5,34.49,2026-08-14 20:00:00,2026-08-14,0.029,cadp_finnhub,-0.00999999999999801,-0.028985507246371042,0.75,2.1923414206372405,0.46000000000000085,1.333333333333336,0.28999999999999915,0.8405797101449252,,,
CAVA,CAVA Group Inc,US,USD,USD,"NEW YORK STOCK EXCHANGE, INC.",2023-06-15,7270.298393559377,https://static2.finnhub.io/file/publicdatany/finnhubimage/stock_logo/950458795246.png,116.47,"Hotels, Restaurants & Leisure",12024002920,https://cava.com/,109.81,,20260816,AADP,0d378951958191e7aa0347502eb16737,74.42,2.24,75.6473,72.865,73.25,72.18,2026-08-14 20:00:00,2026-08-14,3.1034,cadp_finnhub,-1.0699999999999932,-1.4607508532423115,2.7823000000000064,3.8184313456392047,1.2272999999999996,1.6491534533727488,1.5550000000000068,2.0894920720236585,61.58,12.840000000000003,20.850925625202994
QDEL,QuidelOrtho Corp,US,USD,USD,NASDAQ NMS - GLOBAL MARKET,1991-02-01,837.7263491856618,https://static2.finnhub.io/file/publicdatany/finnhubimage/stock_logo/950821635706.png,68.19,Health Care,18585521100,https://www.quidelortho.com/,67.26,,20260816,AADP,0d4117c11b1fca7453f151125475da23,14.3,-0.79,15.26,14.11,14.86,15.09,2026-08-14 20:00:00,2026-08-14,-5.2353,cadp_finnhub,0.23000000000000043,1.547779273216692,1.1500000000000004,8.150248051027644,0.9599999999999991,6.713286713286706,0.19000000000000128,1.3286713286713376,,,
NTNX,Nutanix Inc,US,USD,USD,NASDAQ NMS - GLOBAL MARKET,2016-09-30,16940.985158544412,https://static2.finnhub.io/file/publicdatany/finnhubimage/stock_logo/NTNX.png,270.32,Technology,13026365400,https://www.nutanix.com/,263.67,,20260816,AADP,0d6421b290d8e00ca1eac4f00da10c79,66.605,-1.345,68.8,66.23,68.73,67.95,2026-08-14 20:00:00,2026-08-14,-1.9794,cadp_finnhub,-0.7800000000000011,-1.1348756001745979,2.569999999999993,3.8804167295787306,2.194999999999993,3.2955483822535743,0.375,0.563020794234667,62.67,3.9350000000000023,6.2789213339716
GOOGL,Alphabet Inc,US,USD,USD,NASDAQ NMS - GLOBAL MARKET,2004-08-19,4333089.0,https://static2.finnhub.io/file/publicdatany/finnhubimage/stock_logo/GOOG.png,12230.0,Media,13026365400,https://abc.xyz/,5798.46,,20260816,AADP,0d7011e8dd29c72c1668233fe146da92,,,,,,,,,,cadp_finnhub,,,,,,,,,,,
CVCO,Cavco Industries Inc,US,USD,USD,NASDAQ NMS - GLOBAL MARKET,2003-06-20,4553.894190673348,https://static2.finnhub.io/file/publicdatany/finnhubimage/stock_logo/942959027266.png,7.71,Consumer products,16022566263,https://www.cavcohomes.com/,7.58,,20260816,AADP,0d8b2615f23c9419e82571002f6a5aec,605.05,-2.05,612.51,602.67,605.57,607.1,2026-08-14 20:00:00,2026-08-14,-0.3377,cadp_finnhub,1.5299999999999727,0.25265452383704157,9.840000000000032,1.6327343322216192,7.460000000000036,1.23295595405339,2.3799999999999955,0.3933559209982639,,,
CVBF,CVB Financial Corp,US,USD,USD,NASDAQ NMS - GLOBAL MARKET,1983-04-04,3998.4746753456625,https://static2.finnhub.io/file/publicdatany/finnhubimage/stock_logo/CVBF.png,176.25,Banking,19099804030,https://www.cbbank.com/,167.11,,20260816,AADP,0dde5c152d0c00b5427174425fe80c90,23.25,0.09,23.305,23.12,23.16,23.16,2026-08-14 20:00:00,2026-08-14,0.3886,cadp_finnhub,,,0.18499999999999872,0.8001730103806173,0.054999999999999716,0.23655913978494503,0.129999999999999,0.5591397849462323,,,
RELY,Remitly Global Inc,US,USD,USD,NASDAQ NMS - GLOBAL MARKET,2021-09-23,5169.324598472813,https://static2.finnhub.io/file/publicdatany/finnhubimage/stock_logo/950708258236.png,210.56,Financial Services,18004831140,https://www.remitly.com/,194.74,,20260816,AADP,0e11e17dcafb71d0fe9847ea6b0344d2,26.3,0.68,26.74,25.78,25.78,25.62,2026-08-14 20:00:00,2026-08-14,2.6542,cadp_finnhub,-0.16000000000000014,-0.6206361520558578,0.9599999999999973,3.723816912335133,0.4399999999999977,1.67300380228136,0.5199999999999996,1.9771863117870707,,,
TKO,TKO Group Holdings Inc,US,USD,USD,"NEW YORK STOCK EXCHANGE, INC.",1999-10-19,35310.15662355492,https://static2.finnhub.io/file/publicdatany/finnhubimage/stock_logo/950865844746.png,191.13,Media,16465588333,https://tkogrp.com/,61.74,,20260816,AADP,0e197f5cdc571f5d8d152e2ebb424913,201.28,1.6,202.6899,197.49,197.49,199.68,2026-08-14 20:00:00,2026-08-14,0.8013,cadp_finnhub,2.1899999999999977,1.1089169071851728,5.199899999999985,2.632994075649392,1.4098999999999933,0.7004670111287725,3.789999999999992,1.8829491255961803,188.36,12.919999999999987,6.859205776173279
LAMR,Lamar Advertising Co,US,USD,USD,NASDAQ NMS - GLOBAL MARKET,1996-08-02,16330.387933523123,https://static2.finnhub.io/file/publicdatany/finnhubimage/stock_logo/950439521616.png,101.48,Real Estate,12259261000,https://www.lamar.com/,86.35,,20260816,AADP,0e2af7543a965b70bfdbabbecdf9033e,155.47,0.33,157.45,155.085,155.57,155.14,2026-08-14 20:00:00,2026-08-14,0.2127,cadp_finnhub,-0.4300000000000068,-0.27640290544449886,2.3649999999999807,1.524970177644505,1.9799999999999898,1.2735575995368815,0.3849999999999909,0.24763619990994462,160.93,-5.460000000000008,-3.3927794693344984
DG,Dollar General Corp,US,USD,USD,"NEW YORK STOCK EXCHANGE, INC.",2009-11-13,27924.062013654064,https://static2.finnhub.io/file/publicdatany/finnhubimage/stock_logo/DG.png,220.59,Retail,16158554000,https://www.dollargeneral.com/,219.79,,20260816,AADP,0e35a12a63bc13f647846999466dd4c3,123.28,1.2,125.77,122.08,122.2,122.08,2026-08-14 20:00:00,2026-08-14,0.983,cadp_finnhub,-0.12000000000000455,-0.0981996726677615,3.6899999999999977,3.0226081258191333,2.489999999999995,2.0197923426346485,1.2000000000000028,0.9733939000648952,126.59,-3.3100000000000023,-2.614740500829451
PSN,Parsons Corp,US,USD,USD,"NEW YORK STOCK EXCHANGE, INC.",2019-05-08,5078.596249937383,https://static2.finnhub.io/file/publicdatany/finnhubimage/stock_logo/PSN.png,106.81,Professional Services,13026587581,https://www.parsons.com/,105.17,,20260816,AADP,0eaf3a1214d78ea2dbc5145ed5e2b13d,47.9,0.31,48.07,46.88,47.83,47.59,2026-08-14 20:00:00,2026-08-14,0.6514,cadp_finnhub,-0.23999999999999488,-0.5017771273259354,1.1899999999999977,2.538395904436855,0.1700000000000017,0.3549060542797531,1.019999999999996,2.1294363256784887,46.13,1.769999999999996,3.836982440927804
PPLI,People Incorporated,US,USD,USD,NASDAQ NMS - GLOBAL MARKET,1993-01-19,3096.189355296693,https://static2.finnhub.io/file/publicdatany/finnhubimage/stock_logo/IAC.png,74.39,Media,12123147300,https://www.people.inc/,66.18,,20260816,AADP,0ebc1f9b34b8db6897387300970a6912,40.4,0.03,41.0,40.1,40.63,40.37,2026-08-14 20:00:00,2026-08-14,0.0743,cadp_finnhub,-0.2600000000000051,-0.6399212404627248,0.8999999999999986,2.2443890274314175,0.6000000000000014,1.4851485148514887,0.29999999999999716,0.7425742574257356,,,
RDN,Radian Group Inc,US,USD,USD,"NEW YORK STOCK EXCHANGE, INC.",1992-10-30,4908.114569906508,https://static2.finnhub.io/file/publicdatany/finnhubimage/stock_logo/RDN.png,132.98,Financial Services,12155646600,https://www.radian.com/,130.89,,20260816,AADP,0ed00fd70124effef7dfa92546fa51fa,37.26,0.39,37.26,36.85,36.99,36.87,2026-08-14 20:00:00,2026-08-14,1.0578,cadp_finnhub,-0.12000000000000455,-0.32441200324413233,0.4099999999999966,1.1126187245590138,,,0.4099999999999966,1.1003757380568884,,,
EHC,Encompass Health Corp,US,USD,USD,"NEW YORK STOCK EXCHANGE, INC.",1986-09-24,12422.70093628417,https://static2.finnhub.io/file/publicdatany/finnhubimage/stock_logo/EHC.png,99.2,Health Care,13026365400,https://www.encompasshealth.com/,97.9,,20260816,AADP,0edd318a652ea79ac9b614c1d514388b,123.59,0.04,123.925,122.5241,123.53,123.55,2026-08-14 20:00:00,2026-08-14,0.0324,cadp_finnhub,0.01999999999999602,0.01619039909333443,1.400899999999993,1.1433668967982566,0.33499999999999375,0.2710575289262835,1.0658999999999992,0.8624484181568082,125.23,-1.6400000000000006,-1.309590353749102
CRK,Comstock Resources Inc,US,USD,USD,"NEW YORK STOCK EXCHANGE, INC.",1996-12-17,3937.451921155185,https://static2.finnhub.io/file/publicdatany/finnhubimage/stock_logo/CRK.png,293.7,Energy,19726688800,https://www.comstockresources.com/,78.61,,20260816,AADP,0f06b31c4e5a251d7aa78a73e983c757,14.06,0.48,14.14,13.59,13.7,13.58,2026-08-14 20:00:00,2026-08-14,3.5346,cadp_finnhub,-0.11999999999999922,-0.8759124087591185,0.5500000000000007,4.047093451066966,0.08000000000000007,0.5689900426742537,0.47000000000000064,3.342816500711242,,,
FSLR,First Solar Inc,US,USD,USD,NASDAQ NMS - GLOBAL MARKET,2006-11-17,26872.82032110224,https://static2.finnhub.io/file/publicdatany/finnhubimage/stock_logo/FSLR.png,107.45,Semiconductors,13026587581,https://www.firstsolar.com/en-Emea/,101.5,,20260816,AADP,0f07e48bc538e5990806595177d2d6dc,225.56,1.87,230.959,223.75,224.78,223.69,2026-08-14 20:00:00,2026-08-14,0.836,cadp_finnhub,-1.0900000000000034,-0.48491858706290747,7.209000000000003,3.2218994413407835,5.399000000000001,2.393598155701366,1.8100000000000023,0.8024472424188696,254.36,-28.80000000000001,-11.322534989778271
PEB,Pebblebrook Hotel Trust,US,USD,USD,"NEW YORK STOCK EXCHANGE, INC.",2009-12-09,2051.4807353268297,https://static2.finnhub.io/file/publicdatany/finnhubimage/stock_logo/950005978566.png,112.84,Real Estate,12405071300,https://pebblebrookhotels.com/,109.83,,20260816,AADP,0f1029d92ea9f31a97665d3b427d2be3,18.25,0.04,18.51,18.0775,18.17,18.21,2026-08-14 20:00:00,2026-08-14,0.2197,cadp_finnhub,0.03999999999999915,0.22014309301045207,0.432500000000001,2.3924768358456703,0.26000000000000156,1.424657534246584,0.17249999999999943,0.9452054794520517,,,
TRV,Travelers Companies Inc,US,USD,USD,"NEW YORK STOCK EXCHANGE, INC.",1980-03-17,80157.46294136975,https://static2.finnhub.io/file/publicdatany/finnhubimage/stock_logo/TRV.png,208.58,Insurance,16513107911,https://www.travelers.com/,207.44,,20260816,AADP,0f49886f9b69fce2a6c8ed3c18cdeed2,370.36,0.36,371.62,368.01,370.21,370.0,2026-08-14 20:00:00,2026-08-14,0.0973,cadp_finnhub,-0.20999999999997954,-0.056724561735225824,3.6100000000000136,0.9809516045759664,1.259999999999991,0.34020952586672176,2.3500000000000227,0.634517766497468,384.83,-14.46999999999997,-3.760101863160349
PNFP,Pinnacle Financial Partners Inc,US,USD,USD,"NEW YORK STOCK EXCHANGE, INC.",2000-08-18,15818.471240572773,https://static2.finnhub.io/file/publicdatany/finnhubimage/stock_logo/PNFP.png,151.11,Banking,17066416500,https://www.pnfp.com/,148.89,,20260816,AADP,0f650d08eaad8a62a8e2cd059895e833,108.01,0.87,108.09,106.36,106.81,107.14,2026-08-14 20:00:00,2026-08-14,0.812,cadp_finnhub,0.3299999999999983,0.3089598352214196,1.730000000000004,1.6265513350883827,0.0799999999999983,0.07406721599851708,1.6500000000000057,1.5276363299694524,104.68,3.3299999999999983,3.181123423767671
DAN,Dana Inc,US,USD,USD,"NEW YORK STOCK EXCHANGE, INC.",2008-01-02,3059.4244169912154,https://static2.finnhub.io/file/publicdatany/finnhubimage/stock_logo/DAN.png,107.57,Auto Components,13026587581,https://www.dana.com/,105.89,,20260816,AADP,0fad1d52f0d582608056ef63c0c1ec54,30.35,0.02,31.2,30.195,30.62,30.33,2026-08-14 20:00:00,2026-08-14,0.0659,cadp_finnhub,-0.2900000000000027,-0.947093403004581,1.004999999999999,3.328365623447587,0.8499999999999979,2.8006589785831886,0.15500000000000114,0.5107084019769395,,,
BXP,BXP Inc,US,USD,USD,"NEW YORK STOCK EXCHANGE, INC.",1997-06-18,11117.168216735065,https://static2.finnhub.io/file/publicdatany/finnhubimage/stock_logo/942959035856.png,159.52,Real Estate,13026587581,https://www.bxp.com/,158.93,,20260816,AADP,0fc70eb7874db219debe113421c99f40,68.45,-0.73,69.95,67.965,68.68,69.18,2026-08-14 20:00:00,2026-08-14,-1.0552,cadp_finnhub,0.5,0.728013977868375,1.9849999999999994,2.9206209078202003,1.5,2.191380569758948,0.48499999999999943,0.7085463842220591,69.71,-1.259999999999991,-1.807488165256048
DLTR,Dollar Tree Inc,US,USD,USD,NASDAQ NMS - GLOBAL MARKET,1995-03-06,25155.652549859657,https://static2.finnhub.io/file/publicdatany/finnhubimage/stock_logo/DLTR.png,192.17,Retail,17573215000,https://www.dollartree.com/,191.84,,20260816,AADP,0ffd2b8ba7df6e8de5f01c4feee2ded8,129.39,-0.14,131.21,129.29,129.99,129.53,2026-08-14 20:00:00,2026-08-14,-0.1081,cadp_finnhub,-0.46000000000000796,-0.3538733748749965,1.920000000000016,1.4850336452935387,1.8200000000000216,1.4066002009429026,0.09999999999999432,0.0772857253265278,129.37,0.01999999999998181,0.015459534667992431
ESNT,Essent Group Ltd,BM,USD,USD,"NEW YORK STOCK EXCHANGE, INC.",2013-10-31,6332.744920406654,https://static2.finnhub.io/file/publicdatany/finnhubimage/stock_logo/ESNT.png,92.15,Financial Services,14412979901,http://essentgroup.com/,87.14,,20260816,AADP,106774a932ed655c15657e25c0d04e2e,69.57,0.29,69.72,68.965,69.17,69.28,2026-08-14 20:00:00,2026-08-14,0.4186,cadp_finnhub,0.10999999999999943,0.15902848055515315,0.7549999999999955,1.0947582106865736,0.15000000000000568,0.21561017680035316,0.6049999999999898,0.8696277130947101,68.72,0.8499999999999943,1.236903376018618
LYV,Live Nation Entertainment Inc,US,USD,USD,"NEW YORK STOCK EXCHANGE, INC.",2005-12-14,42569.615116304005,https://static2.finnhub.io/file/publicdatany/finnhubimage/stock_logo/LYV.png,232.71,Media,13023513367,https://www.livenationentertainment.com/,157.4,,20260816,AADP,10cad3f4e498c3a0dab5581756a6a80e,188.46,2.4,189.245,186.08,186.47,186.06,2026-08-14 20:00:00,2026-08-14,1.2899,cadp_finnhub,-0.4099999999999966,-0.21987451064514216,3.164999999999992,1.700881341358551,0.7849999999999966,0.4165340125225494,2.3799999999999955,1.2628674519791974,180.66,7.800000000000011,4.317502490866828
MWA,Mueller Water Products Inc,US,USD,USD,"NEW YORK STOCK EXCHANGE, INC.",2006-05-26,4169.954428383167,https://static2.finnhub.io/file/publicdatany/finnhubimage/stock_logo/MWA.png,156.47,Machinery,13026587581,https://www.muellerwaterproducts.com/,154.22,,20260816,AADP,10d196963dcd497d2be255f8989d33b3,25.54,0.03,25.62,25.3338,25.38,25.51,2026-08-14 20:00:00,2026-08-14,0.1176,cadp_finnhub,0.13000000000000256,0.5122143420015861,0.2862000000000009,1.1297160315467907,0.08000000000000185,0.3132341425215421,0.20619999999999905,0.8073610023492525,,,
AJG,Arthur J. Gallagher & Co.,US,USD,USD,"NEW YORK STOCK EXCHANGE, INC.",1984-06-21,63593.154358942564,https://static2.finnhub.io/file/publicdatany/finnhubimage/stock_logo/AJG.png,259.6,Insurance,13026587581,https://www.ajg.com/,254.62,,20260816,AADP,10e2a64e36ad3704e96d82fcd39e2eab,,,,,,,,,,cadp_finnhub,,,,,,,,,,,
TTEK,Tetra Tech Inc,US,USD,USD,NASDAQ NMS - GLOBAL MARKET,1977-01-07,9074.214607465592,https://static2.finnhub.io/file/publicdatany/finnhubimage/stock_logo/TTEK.png,256.04,Commercial Services & Supplies,13026587581,https://www.tetratech.com/,254.65,,20260816,AADP,10e9f4d8dd184b2fff3994995ec67265,36.51,0.08,36.7434,36.09,36.4,36.43,2026-08-14 20:00:00,2026-08-14,0.2196,cadp_finnhub,0.030000000000001137,0.08241758241758554,0.6533999999999978,1.8104738154613405,0.23340000000000316,0.6392769104355058,0.4199999999999946,1.150369761709106,35.44,1.0700000000000003,3.0191873589164793
VRTS,Virtus Investment Partners Inc,US,USD,USD,"NEW YORK STOCK EXCHANGE, INC.",1992-03-13,1064.796218,https://static2.finnhub.io/file/publicdatany/finnhubimage/stock_logo/950000012396.png,6.68,Financial Services,18002487971,https://corporate.virtus.com/,6.25,,20260816,AADP,11123d307dfef6594b904114ff4bbaf4,169.03,-1.17,170.005,167.7,169.64,170.2,2026-08-14 20:00:00,2026-08-14,-0.6874,cadp_finnhub,0.5600000000000023,0.3301108229191242,2.305000000000007,1.3744782349433553,0.9749999999999943,0.5768206827190406,1.3300000000000125,0.7868425723244468,,,
MSEX,Middlesex Water Co,US,USD,USD,NASDAQ NMS - GLOBAL MARKET,1958-09-16,1097.0944315736447,https://static2.finnhub.io/file/publicdatany/finnhubimage/stock_logo/942959071846.png,18.62,Utilities,17326341500,https://www.middlesexwater.com/,18.35,,20260816,AADP,11a0e783918958c09f2a090b3c51c1cc,58.73,-0.14,59.078715,58.175,58.83,58.87,2026-08-14 20:00:00,2026-08-14,-0.2378,cadp_finnhub,0.03999999999999915,0.06799252082270806,0.9037150000000054,1.553442200257852,0.34871500000000566,0.5937595777285981,0.5549999999999997,0.9450025540609565,,,
OMC,Omnicom Group Inc,US,USD,USD,"NEW YORK STOCK EXCHANGE, INC.",1980-03-17,23385.25175174063,https://static2.finnhub.io/file/publicdatany/finnhubimage/stock_logo/OMC.png,274.35,Media,12124153600,https://www.omnicomgroup.com/,271.72,,20260816,AADP,11c5bf2aa72066d268b4f1b92af00b79,87.57,-0.79,88.55,87.095,88.43,88.36,2026-08-14 20:00:00,2026-08-14,-0.8941,cadp_finnhub,-0.07000000000000739,-0.07915865656452266,1.4549999999999983,1.670589586084159,0.980000000000004,1.119104716227023,0.4749999999999943,0.5424232042937014,85.24,2.3299999999999983,2.7334584702017812
AVAV,AeroVironment Inc,US,USD,USD,NASDAQ NMS - GLOBAL MARKET,2007-01-23,9450.037587469085,https://static2.finnhub.io/file/publicdatany/finnhubimage/stock_logo/AVAV.png,50.61,Aerospace & Defense,17034182828,https://www.avinc.com/,38.11,,20260816,AADP,1215dcdadb195660ab543ace2f3f465e,192.81,3.38,207.83,188.14,201.51,189.43,2026-08-14 20:00:00,2026-08-14,1.7843,cadp_finnhub,-12.079999999999984,-5.994739715150605,19.690000000000026,10.465610715424699,15.02000000000001,7.790052383175151,4.670000000000016,2.4220735439033327,186.73,6.0800000000000125,3.2560381299202126
IRT,"Independence Realty Trust, Inc",US,USD,USD,"NEW YORK STOCK EXCHANGE, INC.",2013-08-13,4171.5038872202595,https://static2.finnhub.io/file/publicdatany/finnhubimage/stock_logo/950004137356.png,235.71,Real Estate,12672704800,https://www.irtliving.com/,233.85,,20260816,AADP,122fda0b407b7fc846186b0e2ca8d07d,17.03,0.03,17.15,16.7837,17.02,17.0,2026-08-14 20:00:00,2026-08-14,0.1765,cadp_finnhub,-0.019999999999999574,-0.11750881316098458,0.36629999999999896,2.1824746629169907,0.11999999999999744,0.7046388725777888,0.24630000000000152,1.4462712859659512,17.26,-0.23000000000000043,-1.3325608342989594
PAYC,Paycom Software Inc,US,USD,USD,"NEW YORK STOCK EXCHANGE, INC.",2014-04-15,10237.90406154855,https://static2.finnhub.io/file/publicdatany/finnhubimage/stock_logo/PAYC.png,46.63,Professional Services,13026365400,https://www.paycom.com/,39.03,,20260816,AADP,123986fcc2d0e48279a36834b179c57c,218.13,-5.5,224.82,216.42,224.61,223.63,2026-08-14 20:00:00,2026-08-14,-2.4594,cadp_finnhub,-0.9800000000000182,-0.4363118293931784,8.400000000000006,3.881341835320214,6.689999999999998,3.06697840737175,1.710000000000008,0.783936184843904,,,
PLD,Prologis Inc,US,USD,USD,"NEW YORK STOCK EXCHANGE, INC.",1997-11-21,133435.8396347805,https://static2.finnhub.io/file/publicdatany/finnhubimage/stock_logo/942959032636.png,933.08,Real Estate,14153949000,https://www.prologis.com/,930.55,,20260816,AADP,12d5be5322c28be19b3006961da104f8,141.03,-0.18,141.7,140.5,140.76,141.21,2026-08-14 20:00:00,2026-08-14,-0.1275,cadp_finnhub,0.45000000000001705,0.3196930946291682,1.1999999999999886,0.8540925266903834,0.6699999999999875,0.47507622491667556,0.5300000000000011,0.3758065659788706,138.76,2.2700000000000102,1.635918132026528
DXPE,DXP Enterprises Inc,US,USD,USD,NASDAQ NMS - GLOBAL MARKET,1996-12-27,2982.60191092296,https://static2.finnhub.io/file/publicdatany/finnhubimage/stock_logo/942959061266.png,15.51,Trading Companies & Distributors,17139964700,https://www.dxpe.com/,12.71,,20260816,AADP,1316257058d3c696e7d32b39a062ab44,200.84,7.74,203.3,191.12,193.13,193.1,2026-08-14 20:00:00,2026-08-14,4.0083,cadp_finnhub,-0.030000000000001137,-0.015533578418682305,12.180000000000007,6.3729593972373415,2.460000000000008,1.224855606452902,9.719999999999999,4.839673371838279,,,
SSB,SouthState Bank Corp,US,USD,USD,"NEW YORK STOCK EXCHANGE, INC.",1997-01-28,10484.886811602397,https://static2.finnhub.io/file/publicdatany/finnhubimage/stock_logo/SSB.png,96.97,Banking,18632934710,https://southstatecorporation.q4ir.com/,95.67,,20260816,AADP,13453a21896bf9f1378974bd553ab20b,111.59,0.68,111.79,109.63,110.45,110.91,2026-08-14 20:00:00,2026-08-14,0.6131,cadp_finnhub,0.45999999999999375,0.4164780443639599,2.160000000000011,1.9702636139742868,0.20000000000000284,0.17922752934851047,1.960000000000008,1.7564297876153847,108.12,3.469999999999999,3.2093969663337023
LHX,L3Harris Technologies Inc,US,USD,USD,"NEW YORK STOCK EXCHANGE, INC.",1955-07-13,53382.14341872707,https://static2.finnhub.io/file/publicdatany/finnhubimage/stock_logo/LHX.png,186.29,Aerospace & Defense,13026365400,https://www.l3harris.com/,185.4,,20260816,AADP,13b6e894a7d8fb13040ef79227003583,291.82,3.36,293.0,288.79,291.56,288.46,2026-08-14 20:00:00,2026-08-14,1.1648,cadp_finnhub,-3.1000000000000227,-1.0632459871038629,4.2099999999999795,1.4578067107586756,1.1800000000000068,0.40435885134672295,3.0299999999999727,1.0383112877801293,286.67,5.149999999999977,1.7964907384797772
BIIB,Biogen Inc,US,USD,USD,NASDAQ NMS - GLOBAL MARKET,1991-09-17,30723.966120898003,https://static2.finnhub.io/file/publicdatany/finnhubimage/stock_logo/BIIB.png,147.75,Biotechnology,13023513367,https://www.biogen.com/,147.38,,20260816,AADP,13ba6cc6bc8a08a763b8995c66619a59,209.83,-0.82,210.79,208.22,210.01,210.65,2026-08-14 20:00:00,2026-08-14,-0.3893,cadp_finnhub,0.6400000000000148,0.30474739298129366,2.569999999999993,1.2342714436653506,0.9599999999999795,0.45751322499165015,1.6100000000000136,0.7672878044131028,207.94,1.8900000000000148,0.9089160334712008
IPGP,IPG Photonics Corp,US,USD,USD,NASDAQ NMS - GLOBAL MARKET,2006-12-13,3837.8912527997695,https://static2.finnhub.io/file/publicdatany/finnhubimage/stock_logo/IPGP.png,42.44,Electrical Equipment,13026365400,https://www.ipgphotonics.com/,25.75,,20260816,AADP,13e2920b72fbb1803fa9503fd5d06330,85.79,1.85,86.775,83.27,83.9,83.94,2026-08-14 20:00:00,2026-08-14,2.204,cadp_finnhub,0.03999999999999204,0.04767580452919194,3.5050000000000097,4.209198991233349,0.9849999999999994,1.1481524653222979,2.5200000000000102,2.937405291992085,84.89,0.9000000000000057,1.0601955471787086
MRNA,Moderna Inc,US,USD,USD,NASDAQ NMS - GLOBAL MARKET,2018-12-07,23622.786716609175,https://static2.finnhub.io/file/publicdatany/finnhubimage/stock_logo/MRNA.png,396.79,Biotechnology,13026587581,https://www.modernatx.com/,367.82,,20260816,AADP,14261ba0a8a684211f9d58f70d06da82,63.32,-0.33,63.7822,60.82,62.89,63.65,2026-08-14 20:00:00,2026-08-14,-0.5185,cadp_finnhub,0.759999999999998,1.2084592145015074,2.962200000000003,4.8704373561328556,0.46220000000000283,0.7299431459254624,2.5,3.9481996209728365,59.17,4.149999999999999,7.013689369612977
RNST,Renasant Corp,US,USD,USD,"NEW YORK STOCK EXCHANGE, INC.",1992-04-21,3905.713034678753,https://static2.finnhub.io/file/publicdatany/finnhubimage/stock_logo/RNST.png,91.4,Banking,16626801001,https://www.renasantbank.com/,89.51,,20260816,AADP,145dff5ddd6aa83074f525179da10c35,43.55,-0.26,44.07,43.39,43.65,43.81,2026-08-14 20:00:00,2026-08-14,-0.5935,cadp_finnhub,0.1600000000000037,0.3665521191294472,0.6799999999999997,1.5671813781977406,0.5200000000000031,1.1940298507462759,0.1599999999999966,0.3673938002296133,,,
MSGS,Madison Square Garden Sports Corp,US,USD,USD,"NEW YORK STOCK EXCHANGE, INC.",2015-09-17,9389.440480974385,https://static2.finnhub.io/file/publicdatany/finnhubimage/stock_logo/MSGS.png,24.08,Media,12124654111,https://www.msgsports.com/,16.92,,20260816,AADP,146bf8a0ca070e43748bdedae49e0b77,407.17,-5.81,416.48,401.22,410.47,412.98,2026-08-14 20:00:00,2026-08-14,-1.4068,cadp_finnhub,2.509999999999991,0.611494140862911,15.259999999999991,3.8033996311250657,9.310000000000002,2.286514232384508,5.949999999999989,1.4613060883660358,,,
KEYS,Keysight Technologies Inc,US,USD,USD,"NEW YORK STOCK EXCHANGE, INC.",2014-10-20,58270.192996262645,https://static2.finnhub.io/file/publicdatany/finnhubimage/stock_logo/KEYS.png,170.9,Electrical Equipment,13026587581,https://www.keysight.com/us/en/home.html,169.77,,20260816,AADP,14a902e80682407c2d03369431cfcad6,357.82,3.97,361.09,350.1,354.06,353.85,2026-08-14 20:00:00,2026-08-14,1.1219,cadp_finnhub,-0.20999999999997954,-0.05931198102016029,10.989999999999952,3.1391031133961587,3.269999999999982,0.9138673075848142,7.71999999999997,2.1575093622491672,340.97,16.849999999999966,4.941783734639401
IBKR,Interactive Brokers Group Inc,US,USD,USD,NASDAQ NMS - GLOBAL MARKET,2007-05-04,148979.0026,https://static2.finnhub.io/file/publicdatany/finnhubimage/stock_logo/IBKR.png,1696.22,Financial Services,12036185800,https://www.interactivebrokers.com/en/home.php,433.26,,20260816,AADP,14c580325b04c167b5136abe942d5921,92.06,0.64,92.42,90.12,91.41,91.42,2026-08-14 20:00:00,2026-08-14,0.7001,cadp_finnhub,0.010000000000005116,0.010939722131063468,2.299999999999997,2.5521526853084744,0.35999999999999943,0.391049315663697,1.9399999999999977,2.1073213121877012,90.66,1.4000000000000057,1.5442311934701145
MAS,Masco Corp,US,USD,USD,"NEW YORK STOCK EXCHANGE, INC.",1969-05-05,15283.998640984366,https://static2.finnhub.io/file/publicdatany/finnhubimage/stock_logo/MAS.png,197.19,Building,13026587581,https://masco.com/,196.68,,20260816,AADP,14e0850dbf9e0ac5f93f38010cef793b,74.33,-0.25,74.57,73.57,74.17,74.58,2026-08-14 20:00:00,2026-08-14,-0.3352,cadp_finnhub,0.4099999999999966,0.5527841445328254,1.0,1.359249694168819,0.23999999999999488,0.3228844342795572,0.7600000000000051,1.0224673752186266,74.72,-0.39000000000000057,-0.5219486081370457
AHCO,Adapthealth Corp,US,USD,USD,NASDAQ NMS - GLOBAL MARKET,2018-02-21,775.7985516526055,https://static2.finnhub.io/file/publicdatany/finnhubimage/stock_logo/950600055376.png,136.05,Health Care,16104244515,https://adapthealth.com/investor-relations/,108.67,,20260816,AADP,150008aed819aa12fc7ad0835057748d,5.81,0.11,5.905,5.69,5.7,5.7,2026-08-14 20:00:00,2026-08-14,1.9298,cadp_finnhub,,,0.21499999999999986,3.7785588752196806,0.09500000000000064,1.6351118760757428,0.11999999999999922,2.065404475043016,,,
ARMK,Aramark,US,USD,USD,"NEW YORK STOCK EXCHANGE, INC.",2013-12-12,14712.251606883323,https://static2.finnhub.io/file/publicdatany/finnhubimage/stock_logo/ARMK.png,262.95,"Hotels, Restaurants & Leisure",12152383000,https://www.aramark.com,261.1,,20260816,AADP,15547a07a8553dd897343a8b367e55ed,62.39,1.28,62.6475,61.505,61.69,61.11,2026-08-14 20:00:00,2026-08-14,2.0946,cadp_finnhub,-0.5799999999999983,-0.9401847949424514,1.1424999999999983,1.8575725550768203,0.2575000000000003,0.41272639846129233,0.884999999999998,1.4184965539349221,56.16,6.230000000000004,11.09330484330485
HOPE,Hope Bancorp Inc,US,USD,USD,NASDAQ NMS - GLOBAL MARKET,1996-03-13,1788.4659704842406,https://static2.finnhub.io/file/publicdatany/finnhubimage/stock_logo/HOPE.png,127.74,Banking,12136391700,https://www.ir-hopebancorp.com,121.66,,20260816,AADP,1594c2bd4e6fb975f05d48e75d934a6e,14.45,-0.05,14.594,14.355,14.5,14.5,2026-08-14 20:00:00,2026-08-14,-0.3448,cadp_finnhub,,,0.238999999999999,1.6649251132009681,0.14400000000000013,0.9965397923875442,0.09499999999999886,0.6574394463667742,,,
PPC,Pilgrims Pride Corp,US,USD,USD,NASDAQ NMS - GLOBAL MARKET,1986-11-14,6536.079325039027,https://static2.finnhub.io/file/publicdatany/finnhubimage/stock_logo/PPC.png,237.92,Food Products,13026365400,https://www.pilgrims.com/,42.25,,20260816,AADP,15951561d14951cca1a8bbe7f10b65f6,27.9,0.3,27.99,27.5,27.81,27.6,2026-08-14 20:00:00,2026-08-14,1.087,cadp_finnhub,-0.2099999999999973,-0.7551240560949202,0.48999999999999844,1.781818181818176,0.08999999999999986,0.32258064516128987,0.3999999999999986,1.4336917562723963,27.47,0.4299999999999997,1.5653440116490707
TPR,Tapestry Inc,US,USD,USD,"NEW YORK STOCK EXCHANGE, INC.",2000-10-05,32803.98130946445,https://static2.finnhub.io/file/publicdatany/finnhubimage/stock_logo/TPR.png,202.04,"Textiles, Apparel & Luxury Goods",12129468400,https://www.tapestry.com/,201.38,,20260816,AADP,15a25b662619832d731b1bb75d4fad55,128.98,0.59,129.88,126.14,127.95,128.39,2026-08-14 20:00:00,2026-08-14,0.4595,cadp_finnhub,0.4399999999999835,0.3438843298163216,3.739999999999995,2.9649595687331494,0.9000000000000057,0.6977826019537957,2.839999999999989,2.201891766165289,162.93,-33.95000000000002,-20.837169336524898
CRS,Carpenter Technology Corp,US,USD,USD,"NEW YORK STOCK EXCHANGE, INC.",1981-05-22,28353.590689653865,https://static2.finnhub.io/file/publicdatany/finnhubimage/stock_logo/CRS.png,49.69,Aerospace & Defense,13026587581,https://www.carpentertechnology.com/,48.19,,20260816,AADP,15b3ea0713493d1835696ae969cfc8c7,544.59,9.02,545.06,526.81,527.54,535.57,2026-08-14 20:00:00,2026-08-14,1.6842,cadp_finnhub,8.030000000000086,1.5221594571027954,18.25,3.4642470719993925,0.4699999999999136,0.08630345764702135,17.780000000000086,3.2648414403496364,559.98,-15.389999999999986,-2.748312439729988
GO,Grocery Outlet Holding Corp,US,USD,USD,NASDAQ NMS - GLOBAL MARKET,2019-06-20,980.3236021217751,https://static2.finnhub.io/file/publicdatany/finnhubimage/stock_logo/950694019186.png,98.92,Retail,15108451999,https://groceryoutlet.com/,90.49,,20260816,AADP,162d8a625864b5493ffad1cac959c3b3,11.13,0.33,11.195,10.465,10.66,10.8,2026-08-14 20:00:00,2026-08-14,3.0556,cadp_finnhub,0.14000000000000057,1.3133208255159527,0.7300000000000004,6.975633062589588,0.0649999999999995,0.5840071877807682,0.6650000000000009,5.9748427672956055,,,
QNST,QuinStreet Inc,US,USD,USD,NASDAQ NMS - GLOBAL MARKET,2010-02-11,1210.9484142812087,https://static2.finnhub.io/file/publicdatany/finnhubimage/stock_logo/QNST.png,57.45,Media,16505787632,https://www.quinstreet.com/,54.55,,20260816,AADP,1638047ab9a009ae8e84506117c01518,20.5,-0.24,20.8851,20.42,20.78,20.74,2026-08-14 20:00:00,2026-08-14,-1.1572,cadp_finnhub,-0.0400000000000027,-0.19249278152070595,0.4650999999999996,2.2776689520078333,0.38510000000000133,1.87853658536586,0.0799999999999983,0.3902439024390161,,,
MKC,McCormick & Company Inc,US,USD,USD,"NEW YORK STOCK EXCHANGE, INC.",1980-03-17,14232.083125441468,https://static2.finnhub.io/file/publicdatany/finnhubimage/stock_logo/MKC.png,268.85,Food Products,14105276189,https://www.mccormick.com/,253.97,,20260816,AADP,163d1f3e20a1315c9873877ba7851b07,54.67,0.22,54.73,54.225,54.47,54.45,2026-08-14 20:00:00,2026-08-14,0.404,cadp_finnhub,-0.01999999999999602,-0.03671745915181939,0.5049999999999955,0.9313047487321263,0.05999999999999517,0.10974940552404458,0.4450000000000003,0.81397475763673,52.96,1.7100000000000009,3.228851963746225
CORT,Corcept Therapeutics Inc,US,USD,USD,NASDAQ NMS - GLOBAL MARKET,2004-04-15,11974.059019956185,https://static2.finnhub.io/file/publicdatany/finnhubimage/stock_logo/CORT.png,108.1,Pharmaceuticals,13026587581,https://www.corcept.com/,95.4,,20260816,AADP,16f446c78effa8c4ec45094ee7e94457,114.47,3.96,114.899,110.085,110.61,110.51,2026-08-14 20:00:00,2026-08-14,3.5834,cadp_finnhub,-0.09999999999999432,-0.09040773890244491,4.814000000000007,4.372984511968032,0.42900000000000205,0.3747706822748336,4.385000000000005,3.8306979994758494,,,
LKFN,Lakeland Financial Corp,US,USD,USD,NASDAQ NMS - GLOBAL MARKET,1994-03-08,1534.4744717199483,https://static2.finnhub.io/file/publicdatany/finnhubimage/stock_logo/942959069576.png,24.86,Banking,15742676144,https://www.lakecitybank.com/,24.11,,20260816,AADP,173088448da9ba33953a5733cb8e047f,62.49,-0.19,63.0,61.935,62.58,62.68,2026-08-14 20:00:00,2026-08-14,-0.3031,cadp_finnhub,0.10000000000000142,0.1597954618088869,1.0649999999999977,1.7195446839428394,0.509999999999998,0.8161305808929397,0.5549999999999997,0.8881421027364373,,,
FFBC,First Financial Bancorp,US,USD,USD,NASDAQ NMS - GLOBAL MARKET,1983-12-21,3532.8342833712254,https://static2.finnhub.io/file/publicdatany/finnhubimage/stock_logo/FFBC.png,104.96,Banking,18773229530,https://www.bankatfirst.com/,102.62,,20260816,AADP,176fd7fb81eb3195ac0b1de74fb2e314,34.38,0.04,34.52,34.21,34.21,34.34,2026-08-14 20:00:00,2026-08-14,0.1165,cadp_finnhub,0.13000000000000256,0.38000584624379585,0.3100000000000023,0.9061677871967327,0.14000000000000057,0.4072134962187335,0.1700000000000017,0.49447353112275066,,,
ALV,Autoliv Inc,SE,USD,USD,"NEW YORK STOCK EXCHANGE, INC.",1997-04-28,8997.92492012192,https://static2.finnhub.io/file/publicdatany/finnhubimage/stock_logo/ALV.png,73.24,Auto Components,46858720600,https://www.autoliv.com/,72.96,,20260816,AADP,17828ebca82fed07377a8e85d85724ef,122.11,0.7,122.7,121.275,121.61,121.41,2026-08-14 20:00:00,2026-08-14,0.5766,cadp_finnhub,-0.20000000000000284,-0.16446015952635706,1.4249999999999972,1.175015460729744,0.5900000000000034,0.48317091147326463,0.8349999999999937,0.6838096797968993,123.29,-1.1800000000000068,-0.9570930326871658
HLIT,Harmonic Inc,US,USD,USD,NASDAQ NMS - GLOBAL MARKET,1995-05-22,1284.5978483835615,https://static2.finnhub.io/file/publicdatany/finnhubimage/stock_logo/HLIT.png,108.5,Communications,13026587581,https://www.harmonicinc.com/,106.27,,20260816,AADP,1789a18dff82c92f88180ba5e94737a9,13.92,0.84,13.9822,13.18,13.18,13.08,2026-08-14 20:00:00,2026-08-14,6.422,cadp_finnhub,-0.09999999999999964,-0.758725341426401,0.8022000000000009,6.086494688922617,0.0622000000000007,0.4468390804597751,0.7400000000000002,5.3160919540229905,,,
RUSHA,Rush Enterprises Inc,US,USD,USD,NASDAQ NMS - GLOBAL MARKET,1996-06-07,6200.318676916592,https://static2.finnhub.io/file/publicdatany/finnhubimage/stock_logo/RUSHA.png,77.71,Trading Companies & Distributors,18303025200,https://www.rushenterprises.com/,60.2,,20260816,AADP,178c9ea6ac8582e8b1d2bc31fc66a16c,82.23,-0.22,82.52,81.73,82.42,82.45,2026-08-14 20:00:00,2026-08-14,-0.2668,cadp_finnhub,0.030000000000001137,0.0363989322979873,0.789999999999992,0.9665973326807684,0.28999999999999204,0.35266934208925216,0.5,0.6080505898090721,,,
FLEX,Flex Ltd,US,USD,USD,NASDAQ NMS - GLOBAL MARKET,1994-03-22,44827.04903769588,https://static2.finnhub.io/file/publicdatany/finnhubimage/stock_logo/FLEX.png,366.39,Electrical Equipment,6568769899,https://flex.com/,364.05,,20260816,AADP,17b56440b43ff32f8e0cd3af3578cfbb,126.16,1.86,127.15,122.5,124.61,124.3,2026-08-14 20:00:00,2026-08-14,1.4964,cadp_finnhub,-0.3100000000000023,-0.24877618168686486,4.650000000000006,3.7959183673469434,0.9900000000000091,0.7847178186430003,3.6599999999999966,2.901077996195305,122.12,4.039999999999992,3.3082214215525645
LAZ,Lazard Inc,US,USD,USD,"NEW YORK STOCK EXCHANGE, INC.",2005-05-05,4307.315126251154,https://static2.finnhub.io/file/publicdatany/finnhubimage/stock_logo/950869586646.png,97.45,Financial Services,12126326000,https://www.lazard.com/,96.62,,20260816,AADP,18141cd8207ac7823c8f37e3f899861f,44.64,-0.85,45.92,44.4619,45.0,45.49,2026-08-14 20:00:00,2026-08-14,-1.8685,cadp_finnhub,0.490000000000002,1.0888888888888932,1.4581000000000017,3.2794370011178153,1.2800000000000011,2.8673835125448055,0.1781000000000006,0.39896953405018054,,,
MRTN,Marten Transport Ltd,US,USD,USD,NASDAQ NMS - GLOBAL MARKET,1986-09-25,1219.7575279071334,https://static2.finnhub.io/file/publicdatany/finnhubimage/stock_logo/942959070766.png,81.66,Road & Rail,17159264216,https://www.marten.com/,57.74,,20260816,AADP,1824e526c3bac409af403ee2962cff86,15.21,-0.02,15.4,15.075,15.18,15.23,2026-08-14 20:00:00,2026-08-14,-0.1313,cadp_finnhub,0.05000000000000071,0.3293807641633775,0.32500000000000107,2.1558872305141032,0.1899999999999995,1.249178172255092,0.13500000000000156,0.8875739644970517,,,
CBU,Community Financial System Inc,US,USD,USD,"NEW YORK STOCK EXCHANGE, INC.",1985-11-26,3408.1870540339864,https://static2.finnhub.io/file/publicdatany/finnhubimage/stock_logo/CBU.png,52.6,Banking,18004831140,https://communityfinancialsystem.com/corporate-overview/corporate-profile/default.aspx,52.2,,20260816,AADP,1867a1517ef910b76be1d70bdfa040e8,65.84,0.17,66.2,65.5,65.5,65.67,2026-08-14 20:00:00,2026-08-14,0.2589,cadp_finnhub,0.1700000000000017,0.259541984732827,0.7000000000000028,1.0687022900763403,0.35999999999999943,0.5467800729040088,0.3400000000000034,0.5164034021871254,,,
THC,Tenet Healthcare Corp,US,USD,USD,"NEW YORK STOCK EXCHANGE, INC.",1981-05-22,21106.44593881885,https://static2.finnhub.io/file/publicdatany/finnhubimage/stock_logo/THC.png,80.52,Health Care,14698932200,https://www.tenethealth.com/,79.59,,20260816,AADP,1872e276c063bc07a3ac1b2ae634b208,267.9,0.85,268.2514,266.24,266.64,267.05,2026-08-14 20:00:00,2026-08-14,0.3183,cadp_finnhub,0.410000000000025,0.15376537653766315,2.0113999999999805,0.7554837740384542,0.35140000000001237,0.1311683463979143,1.6599999999999682,0.6196341918626235,259.93,7.96999999999997,3.066210133497469
CXT,Crane NXT Co,US,USD,USD,"NEW YORK STOCK EXCHANGE, INC.",1936-10-26,3069.744362533395,https://static2.finnhub.io/file/publicdatany/finnhubimage/stock_logo/950824509166.png,57.54,Electrical Equipment,13026587581,https://www.cranenxt.com,48.99,,20260816,AADP,1887cf5720d73c5a549e8933b7390f75,51.66,0.23,52.04,50.94,51.33,51.43,2026-08-14 20:00:00,2026-08-14,0.4472,cadp_finnhub,0.10000000000000142,0.19481784531463361,1.1000000000000014,2.1594032194738935,0.38000000000000256,0.7355787843592771,0.7199999999999989,1.3937282229965136,52.19,-0.5300000000000011,-1.0155202146005005
EG,Everest Group Ltd,BM,USD,USD,"NEW YORK STOCK EXCHANGE, INC.",1995-10-03,14376.992261603997,https://static2.finnhub.io/file/publicdatany/finnhubimage/stock_logo/RE.png,38.7,Insurance,4412950006,https://www.everestglobal.com/us-en,38.36,,20260816,AADP,1893ea140b8c2bda65ccfa8a71daca3f,370.11,4.06,370.35,366.29,367.23,366.05,2026-08-14 20:00:00,2026-08-14,1.1091,cadp_finnhub,-1.1800000000000068,-0.3213245105247411,4.060000000000002,1.1084113680417162,0.2400000000000091,0.06484558644727488,3.819999999999993,1.032125584285751,374.96,-4.849999999999966,-1.2934713036057088
LDOS,Leidos Holdings Inc,US,USD,USD,"NEW YORK STOCK EXCHANGE, INC.",2006-10-13,17263.962682228008,https://static2.finnhub.io/file/publicdatany/finnhubimage/stock_logo/LDOS.png,125.79,Professional Services,13026587581,https://www.leidos.com/,124.9,,20260816,AADP,18a2327040066dccd50f6073cf03fdfc,143.83,1.22,144.345,141.19,143.0,142.61,2026-08-14 20:00:00,2026-08-14,0.8555,cadp_finnhub,-0.38999999999998636,-0.2727272727272632,3.155000000000001,2.2345775196543674,0.5149999999999864,0.3580616005005815,2.640000000000015,1.8355002433428456,137.07,6.760000000000019,4.931786678339549
BRX,Brixmor Property Group Inc,US,USD,USD,"NEW YORK STOCK EXCHANGE, INC.",2013-10-30,9319.712072327695,https://static2.finnhub.io/file/publicdatany/finnhubimage/stock_logo/950347532126.png,306.87,Real Estate,12128693000,https://www.brixmor.com/,304.05,,20260816,AADP,18cdd48c50831aa53a881929d29ecdb0,29.98,-0.04,30.18,29.92,29.98,30.02,2026-08-14 20:00:00,2026-08-14,-0.1332,cadp_finnhub,0.03999999999999915,0.13342228152101115,0.259999999999998,0.8689839572192446,0.1999999999999993,0.6671114076050677,0.05999999999999872,0.20013342228151673,30.37,-0.39000000000000057,-1.2841620019756357
INTU,Intuit Inc,US,USD,USD,NASDAQ NMS - GLOBAL MARKET,1993-03-12,88967.90613299135,https://static2.finnhub.io/file/publicdatany/finnhubimage/stock_logo/INTU.png,273.54,Technology,13026365400,https://www.intuit.com/,267.03,,20260816,AADP,18ef235359881916a0693cc64e67ca15,345.66,-12.63,362.0,344.95,362.0,358.29,2026-08-14 20:00:00,2026-08-14,-3.5251,cadp_finnhub,-3.7099999999999795,-1.024861878453033,17.05000000000001,4.942745325409483,16.339999999999975,4.727188566799738,0.7100000000000364,0.20540415437135806,328.57,17.090000000000032,5.20132696229115
AESI,Atlas Energy Solutions Inc,US,USD,USD,"NEW YORK STOCK EXCHANGE, INC.",2023-03-09,1408.788911532972,https://static2.finnhub.io/file/publicdatany/finnhubimage/stock_logo/950669147556.png,124.91,Energy,15122201200,https://atlas.energy,81.45,,20260816,AADP,19216f81ac694e4472d309a31c88a94c,12.45,0.66,12.63,11.7525,11.82,11.79,2026-08-14 20:00:00,2026-08-14,5.598,cadp_finnhub,-0.030000000000001137,-0.25380710659899436,0.8775000000000013,7.466496490108499,0.1800000000000015,1.4457831325301325,0.6974999999999998,5.6024096385542155,,,
IPAR,Interparfums Inc,US,USD,USD,NASDAQ NMS - GLOBAL MARKET,1984-09-16,3938.2101324990754,https://static2.finnhub.io/file/publicdatany/finnhubimage/stock_logo/IPAR.png,32.03,Consumer products,12129832640,https://www.interparfumsinc.com/,18.03,,20260816,AADP,194f3fd25691684a030ecdad9eaf694e,114.63,-0.85,115.6258,111.8816,113.53,115.48,2026-08-14 20:00:00,2026-08-14,-0.7361,cadp_finnhub,1.9500000000000028,1.7176076807892213,3.744199999999992,3.3465735205788905,0.9958000000000027,0.8687080170984931,2.7483999999999895,2.39762714821599,,,
CLF,Cleveland-Cliffs Inc,US,USD,USD,"NEW YORK STOCK EXCHANGE, INC.",1960-07-27,6994.820617532296,https://static2.finnhub.io/file/publicdatany/finnhubimage/stock_logo/CLF.png,570.54,Metals & Mining,12166945700,https://www.clevelandcliffs.com/,564.9,,20260816,AADP,198751ea301ecc5504d64a7be4964978,11.9,-0.25,12.36,11.83,12.17,12.15,2026-08-14 20:00:00,2026-08-14,-2.0576,cadp_finnhub,-0.019999999999999574,-0.16433853738701376,0.5299999999999994,4.480135249366013,0.4599999999999991,3.8655462184873866,0.07000000000000028,0.5882352941176494,12.49,-0.5899999999999999,-4.723779023218574
EMN,Eastman Chemical Co,US,USD,USD,"NEW YORK STOCK EXCHANGE, INC.",1993-12-14,8422.75309959238,https://static2.finnhub.io/file/publicdatany/finnhubimage/stock_logo/EMN.png,114.35,Chemicals,13026587581,https://www.eastman.com/,113.26,,20260816,AADP,19b31a84de5cda8641d5187d6ce5e2fc,74.07,0.3,74.55,73.455,73.86,73.77,2026-08-14 20:00:00,2026-08-14,0.4067,cadp_finnhub,-0.09000000000000341,-0.12185215272136937,1.0949999999999989,1.490708597100264,0.480000000000004,0.6480356419603133,0.6149999999999949,0.8302956662616375,,,
APG,APi Group Corp,US,USD,USD,"NEW YORK STOCK EXCHANGE, INC.",2017-10-10,18196.608085158787,https://static2.finnhub.io/file/publicdatany/finnhubimage/stock_logo/APG.png,433.23,Construction,13026587581,https://www.apigroupinc.com/,379.3,,20260816,AADP,19c644b519fdfbf40f85c9ffaa8a1eec,43.95,0.47,43.96,43.45,43.48,43.48,2026-08-14 20:00:00,2026-08-14,1.081,cadp_finnhub,,,0.509999999999998,1.17376294591484,0.00999999999999801,0.02275312855517181,0.5,1.1376564277588168,41.59,2.3599999999999994,5.674440971387352
ALLE,Allegion PLC,IE,USD,USD,"NEW YORK STOCK EXCHANGE, INC.",2013-11-18,14366.114863976883,https://static2.finnhub.io/file/publicdatany/finnhubimage/stock_logo/ALLE.png,85.04,Building,353178103700,https://www.allegion.com/corp/en/index.html,84.78,,20260816,AADP,1a07417b1153e34d828bc5a450b1d9b5,,,,,,,,,,cadp_finnhub,,,,,,,,,,,
DRI,Darden Restaurants Inc,US,USD,USD,"NEW YORK STOCK EXCHANGE, INC.",1995-05-09,24385.307664923865,https://static2.finnhub.io/file/publicdatany/finnhubimage/stock_logo/DRI.png,114.08,"Hotels, Restaurants & Leisure",14072454000,https://www.darden.com,113.7,,20260816,AADP,1a10c7499bbb65fd515e26561bb3022b,225.26,1.76,225.439,223.12,224.76,223.5,2026-08-14 20:00:00,2026-08-14,0.7875,cadp_finnhub,-1.259999999999991,-0.5605979711692433,2.3189999999999884,1.0393510218716333,0.17900000000000205,0.0794637307999654,2.1399999999999864,0.9500133179437036,217.97,7.289999999999992,3.344496949121435
ROG,Rogers Corp,US,USD,USD,"NEW YORK STOCK EXCHANGE, INC.",1980-03-17,2403.1123947162196,https://static2.finnhub.io/file/publicdatany/finnhubimage/stock_logo/ROG.png,17.87,Electrical Equipment,14809176000,https://www.rogerscorp.com/,17.65,,20260816,AADP,1a146dd29a411777f6dd9a723c503ae9,142.91,5.2,143.9,138.96,140.6,137.71,2026-08-14 20:00:00,2026-08-14,3.7761,cadp_finnhub,-2.8899999999999864,-2.05547652916073,4.939999999999998,3.554979850316636,0.9900000000000091,0.6927436848366169,3.9499999999999886,2.7639773283884885,,,
WFRD,Weatherford International PLC,US,USD,USD,NASDAQ NMS - GLOBAL MARKET,2019-12-19,6072.47,https://static2.finnhub.io/file/publicdatany/finnhubimage/stock_logo/WFRD.png,71.69,Energy,17138364000,https://www.weatherford.com,70.14,,20260816,AADP,1a25ab7d8e9af0e1170153fb831494b1,94.785,2.685,94.97,92.38,92.38,92.1,2026-08-14 20:00:00,2026-08-14,2.9153,cadp_finnhub,-0.28000000000000114,-0.30309590820524046,2.5900000000000034,2.8036371508984668,0.18500000000000227,0.19517856200875905,2.405000000000001,2.5373213061138378,88.04,6.74499999999999,7.661290322580634
TKR,Timken Co,US,USD,USD,"NEW YORK STOCK EXCHANGE, INC.",1922-01-01,9031.456318387407,https://static2.finnhub.io/file/publicdatany/finnhubimage/stock_logo/TKR.png,69.49,Machinery,12342623000,https://www.timken.com/,63.98,,20260816,AADP,1a43c7750b168cb07e0f49db48ef9973,133.5,2.2,133.75,130.44,130.79,131.3,2026-08-14 20:00:00,2026-08-14,1.6756,cadp_finnhub,0.5100000000000193,0.38993806865969827,3.3100000000000023,2.5375651640601062,0.25,0.18726591760299627,3.0600000000000023,2.2921348314606758,129.99,3.509999999999991,2.700207708285246
AVT,Avnet Inc,US,USD,USD,NASDAQ NMS - GLOBAL MARKET,1960-12-30,7917.784534143389,https://static2.finnhub.io/file/publicdatany/finnhubimage/stock_logo/AVT.png,82.02,Electrical Equipment,14806432000,https://www.avnet.com/,81.08,,20260816,AADP,1a74e86fac49017a8f02141397583ca4,95.71,-0.28,97.307304,93.41,95.31,95.99,2026-08-14 20:00:00,2026-08-14,-0.2917,cadp_finnhub,0.6799999999999926,0.7134613366907907,3.8973040000000054,4.172255647146993,1.5973040000000083,1.6688998014836574,2.299999999999997,2.403092675791451,96.53,-0.8200000000000074,-0.8494768465762016
D,Dominion Energy Inc,US,USD,USD,"NEW YORK STOCK EXCHANGE, INC.",1983-05-20,59271.25580027065,https://static2.finnhub.io/file/publicdatany/finnhubimage/stock_logo/D.png,879.53,Utilities,18048192284,https://www.dominionenergy.com/,878.29,,20260816,AADP,1ab28a67abc2b16c2dfd4598d9b75ebe,68.77,0.23,68.95,68.38,68.38,68.54,2026-08-14 20:00:00,2026-08-14,0.3356,cadp_finnhub,0.1600000000000108,0.23398654577363384,0.5700000000000074,0.8335770693185249,0.18000000000000682,0.2617420386796668,0.39000000000000057,0.5671077504725907,67.39,1.3799999999999955,2.0477815699658635
SLM,SLM Corp,US,USD,USD,NASDAQ NMS - GLOBAL MARKET,1983-09-23,5144.108278624224,https://static2.finnhub.io/file/publicdatany/finnhubimage/stock_logo/SLM.png,187.95,Financial Services,13022838000,https://www.salliemae.com/,185.41,,20260816,AADP,1ad0d4a05669b5d8b5fc569358981fd8,28.03,0.29,28.075,27.54,27.78,27.74,2026-08-14 20:00:00,2026-08-14,1.0454,cadp_finnhub,-0.0400000000000027,-0.143988480921536,0.5350000000000001,1.9426289034132176,0.04499999999999815,0.16054227613270833,0.490000000000002,1.7481270067784587,27.33,0.7000000000000028,2.561287961946589
CARG,CarGurus Inc,US,USD,USD,NASDAQ NMS - GLOBAL MARKET,2017-10-12,3515.9441224333423,https://static2.finnhub.io/file/publicdatany/finnhubimage/stock_logo/CARG.png,90.19,Media,13026587581,https://www.cargurus.com/,73.01,,20260816,AADP,1aeb22406b0e293ef70d982febdeac46,37.44,-0.5,38.25,37.04,38.0,37.94,2026-08-14 20:00:00,2026-08-14,-1.3179,cadp_finnhub,-0.060000000000002274,-0.15789473684211125,1.2100000000000009,3.26673866090713,0.8100000000000023,2.1634615384615445,0.3999999999999986,1.0683760683760646,,,
ARCB,ArcBest Corp,US,USD,USD,NASDAQ NMS - GLOBAL MARKET,1992-05-13,3079.122347264473,https://static2.finnhub.io/file/publicdatany/finnhubimage/stock_logo/ARCB.png,22.35,Road & Rail,13026365400,https://arcb.com/,21.85,,20260816,AADP,1aed9279c3370c366b91a46a7a59676e,142.88,-3.86,147.67,142.21,147.01,146.74,2026-08-14 20:00:00,2026-08-14,-2.6305,cadp_finnhub,-0.2699999999999818,-0.183660975443835,5.4599999999999795,3.8393924477884673,4.789999999999992,3.3524636058230626,0.6699999999999875,0.4689249720044706,,,
TPC,Tutor Perini Corp,US,USD,USD,"NEW YORK STOCK EXCHANGE, INC.",1981-05-22,5210.125151625979,https://static2.finnhub.io/file/publicdatany/finnhubimage/stock_logo/942959047196.png,52.61,Construction,18183628391,https://www.tutorperini.com/,44.68,,20260816,AADP,1aee217ef44c99d806d93ed0b84a4e8a,96.82,2.15,97.85,95.53,95.53,94.67,2026-08-14 20:00:00,2026-08-14,2.271,cadp_finnhub,-0.8599999999999994,-0.9002407620642724,2.319999999999993,2.4285564744059385,1.0300000000000011,1.0638297872340436,1.289999999999992,1.3323693451766083,,,
UCTT,Ultra Clean Holdings Inc,US,USD,USD,NASDAQ NMS - GLOBAL MARKET,2004-03-25,3950.4205881404855,https://static2.finnhub.io/file/publicdatany/finnhubimage/stock_logo/UCTT.png,44.83,Semiconductors,13025310855,https://www.uct.com/,43.84,,20260816,AADP,1b30ed9b9b1d18cad61e8110ba52ca99,84.93,-7.98,90.78,83.84,86.67,92.91,2026-08-14 20:00:00,2026-08-14,-8.589,cadp_finnhub,6.239999999999995,7.199723087573549,6.939999999999998,8.277671755725189,5.849999999999994,6.8880254327092825,1.0900000000000034,1.2834098669492562,,,
RNR,Renaissancere Holdings Ltd,BM,USD,USD,"NEW YORK STOCK EXCHANGE, INC.",1996-07-24,13374.308085900586,https://static2.finnhub.io/file/publicdatany/finnhubimage/stock_logo/RNR.png,41.55,Insurance,14412954513,https://www.renre.com/,40.57,,20260816,AADP,1b6b98e727047cd616387a6b18164778,323.36,3.5,324.02,318.27,320.74,319.86,2026-08-14 20:00:00,2026-08-14,1.0942,cadp_finnhub,-0.8799999999999955,-0.2743655297125383,5.75,1.8066421591730293,0.6599999999999682,0.20410687778326578,5.090000000000032,1.5740969816922412,321.87,1.490000000000009,0.4629198123466024
IEX,IDEX Corp,US,USD,USD,"NEW YORK STOCK EXCHANGE, INC.",1989-06-02,17284.368728116042,https://static2.finnhub.io/file/publicdatany/finnhubimage/stock_logo/IEX.png,73.72,Machinery,18474987070,https://www.idexcorp.com/,73.55,,20260816,AADP,1b71e79d10b84375c68f30abcdd23787,238.94,-0.19,241.52,236.985,238.52,239.13,2026-08-14 20:00:00,2026-08-14,-0.0795,cadp_finnhub,0.6099999999999852,0.2557437531443842,4.534999999999997,1.9136232250986336,2.5800000000000125,1.0797689796601708,1.954999999999984,0.8181970369130259,235.56,3.3799999999999955,1.4348785871964662
MSI,Motorola Solutions Inc,US,USD,USD,"NEW YORK STOCK EXCHANGE, INC.",1980-03-17,77376.61542314415,https://static2.finnhub.io/file/publicdatany/finnhubimage/stock_logo/MSI.png,166.0,Communications,18475765000,https://www.motorolasolutions.com,165.3,,20260816,AADP,1ba169d42c7ea6f5899a789b05806744,466.51,1.47,468.46,461.6525,466.0,465.04,2026-08-14 20:00:00,2026-08-14,0.3161,cadp_finnhub,-0.9599999999999795,-0.2060085836909827,6.8075000000000045,1.4745939857360255,1.9499999999999886,0.41799747057940634,4.857500000000016,1.0412424170971717,461.98,4.529999999999973,0.9805619290878334
PCAR,Paccar Inc,US,USD,USD,NASDAQ NMS - GLOBAL MARKET,1980-03-17,70064.43443044185,https://static2.finnhub.io/file/publicdatany/finnhubimage/stock_logo/PCAR.png,526.36,Machinery,13026365400,https://www.paccar.com/,516.45,,20260816,AADP,1ba8f67fed686d3e22a10e4e6b8ee86d,130.79,0.07,131.17,129.415,130.09,130.72,2026-08-14 20:00:00,2026-08-14,0.0535,cadp_finnhub,0.6299999999999955,0.4842801137673883,1.7549999999999955,1.3561024610748333,0.37999999999999545,0.2905420903738783,1.375,1.0513036164844407,133.11,-2.3200000000000216,-1.7429193899782296
LPX,Louisiana-Pacific Corp,US,USD,USD,"NEW YORK STOCK EXCHANGE, INC.",1972-12-27,5489.687066894482,https://static2.finnhub.io/file/publicdatany/finnhubimage/stock_logo/LPX.png,69.86,Paper & Forest,13026365400,https://lpcorp.com/,63.1,,20260816,AADP,1c9c3855dcb0f61dbe81d12cd129d60f,73.89,-0.25,74.53,73.15,73.8,74.14,2026-08-14 20:00:00,2026-08-14,-0.3372,cadp_finnhub,0.3400000000000034,0.4607046070460751,1.3799999999999955,1.8865345181134592,0.6400000000000006,0.8661523886858851,0.7399999999999949,1.001488699418047,74.39,-0.5,-0.6721333512568894
PLMR,Palomar Holdings Inc,US,USD,USD,NASDAQ NMS - GLOBAL MARKET,2019-04-17,3447.6168109267655,https://static2.finnhub.io/file/publicdatany/finnhubimage/stock_logo/PLMR.png,26.5,Insurance,13026587581,https://plmr.com/,25.79,,20260816,AADP,1d02b21536e3d9758fc8f7d37cb669e4,128.21,0.02,130.495,127.3359,129.03,128.19,2026-08-14 20:00:00,2026-08-14,0.0156,cadp_finnhub,-0.8400000000000034,-0.6510113926993749,3.1591000000000093,2.4809185783428003,2.2849999999999966,1.7822322751735404,0.8741000000000128,0.6817720926604889,,,
JBLU,JetBlue Airways Corp,US,USD,USD,NASDAQ NMS - GLOBAL MARKET,2002-04-12,2290.285044193861,https://static2.finnhub.io/file/publicdatany/finnhubimage/stock_logo/JBLU.png,377.31,Airlines,17182867900,https://www.jetblue.com/,337.43,,20260816,AADP,1d23039d6999447abe2b246b28ad8ce3,5.65,-0.15,5.81,5.56,5.71,5.8,2026-08-14 20:00:00,2026-08-14,-2.5862,cadp_finnhub,0.08999999999999986,1.5761821366024493,0.25,4.496402877697842,0.15999999999999925,2.8318584070796327,0.09000000000000075,1.592920353982314,,,
SHC,Sotera Health Co,US,USD,USD,NASDAQ NMS - GLOBAL MARKET,2020-11-20,5378.249429505023,https://static2.finnhub.io/file/publicdatany/finnhubimage/stock_logo/950459460486.png,285.17,Life Sciences Tools & Services,13026365400,https://soterahealth.com/,278.43,,20260816,AADP,1d2ef42a1eb90cbf061e291e6481aa17,18.89,-0.13,18.98,18.775,18.96,19.02,2026-08-14 20:00:00,2026-08-14,-0.6835,cadp_finnhub,0.05999999999999872,0.3164556962025249,0.20500000000000185,1.091877496671115,0.08999999999999986,0.47644256220222264,0.11500000000000199,0.6087877183695182,18.86,0.030000000000001137,0.15906680805939097
VRSN,"VeriSign, Inc",US,USD,USD,NASDAQ NMS - GLOBAL MARKET,1998-01-29,26188.805893,https://static2.finnhub.io/file/publicdatany/finnhubimage/stock_logo/VRSN.png,90.3,Technology,13026587581,https://www.verisign.com/,80.71,,20260816,AADP,1d648d7535d471d8b0c8036fb305ae06,284.24,-2.91,289.9999,282.62,289.09,287.15,2026-08-14 20:00:00,2026-08-14,-1.0134,cadp_finnhub,-1.9399999999999977,-0.6710712926770203,7.3799000000000206,2.611244780977999,5.759900000000016,2.0264213340838784,1.6200000000000045,0.5699408950182959,293.65,-9.409999999999968,-3.204495147284171
SBSI,Southside Bancshares Inc,US,USD,USD,"NEW YORK STOCK EXCHANGE, INC.",1996-05-30,966.9708535199021,https://static2.finnhub.io/file/publicdatany/finnhubimage/stock_logo/942959079666.png,29.81,Banking,19035317111,https://investors.southside.com/,28.39,,20260816,AADP,1d9334b22241ca5219938f1a460f44f5,33.08,0.06,33.24,32.85,32.97,33.02,2026-08-14 20:00:00,2026-08-14,0.1817,cadp_finnhub,0.05000000000000426,0.15165301789506905,0.39000000000000057,1.1872146118721476,0.1600000000000037,0.48367593712213935,0.22999999999999687,0.6952841596130499,,,
EPR,EPR Properties,US,USD,USD,"NEW YORK STOCK EXCHANGE, INC.",1997-11-18,4765.07513854907,https://static2.finnhub.io/file/publicdatany/finnhubimage/stock_logo/942959039336.png,76.51,Real Estate,18164721700,https://www.eprkc.com/,74.8,,20260816,AADP,1d9fdf91b46c6c73016163f7fb297737,61.25,-0.45,62.15,61.13,61.69,61.7,2026-08-14 20:00:00,2026-08-14,-0.7293,cadp_finnhub,0.010000000000005116,0.01621008267142992,1.019999999999996,1.668575167675439,0.8999999999999986,1.4693877551020385,0.11999999999999744,0.1959183673469346,62.2,-0.9500000000000028,-1.5273311897106154
HP,Helmerich and Payne Inc,US,USD,USD,"NEW YORK STOCK EXCHANGE, INC.",1963-03-20,3707.4383625950904,https://static2.finnhub.io/file/publicdatany/finnhubimage/stock_logo/HP.png,99.93,Energy,13026587581,https://www.helmerichpayne.com/,95.9,,20260816,AADP,1de172184871a9b32c904bd5b1cbf00c,44.2,1.13,44.645,43.1674,43.42,43.07,2026-08-14 20:00:00,2026-08-14,2.6236,cadp_finnhub,-0.3500000000000014,-0.8060801473975159,1.4776000000000025,3.4229534324513464,0.4450000000000003,1.0067873303167427,1.0326000000000022,2.3361990950226295,,,
NOC,Northrop Grumman Corp,US,USD,USD,"NEW YORK STOCK EXCHANGE, INC.",1951-12-10,81200.38761040094,https://static2.finnhub.io/file/publicdatany/finnhubimage/stock_logo/NOC.png,142.06,Aerospace & Defense,13026587581,https://www.northropgrumman.com,141.7,,20260816,AADP,1df0c4cff5071047c078ea7a059253c1,585.87,11.13,586.36,574.4396,579.36,574.74,2026-08-14 20:00:00,2026-08-14,1.9365,cadp_finnhub,-4.6200000000000045,-0.7974316487158252,11.920399999999972,2.075135488570073,0.4900000000000091,0.08363630156860893,11.430399999999963,1.9510130233669523,571.58,14.289999999999964,2.5000874768186363
KIM,Kimco Realty Corp,US,USD,USD,"NEW YORK STOCK EXCHANGE, INC.",1991-11-22,16407.50813828162,https://static2.finnhub.io/file/publicdatany/finnhubimage/stock_logo/950837611476.png,674.39,Real Estate,15168699000,https://www.kimcorealty.com/,659.5,,20260816,AADP,1e384bf657de47623d84a02f90491b8a,24.41,0.02,24.57,24.345,24.36,24.39,2026-08-14 20:00:00,2026-08-14,0.082,cadp_finnhub,0.030000000000001137,0.12315270935961058,0.22500000000000142,0.9242144177449226,0.16000000000000014,0.6554690700532575,0.06500000000000128,0.26628430970914085,24.11,0.3000000000000007,1.2442969722107038
FIVN,Five9 Inc,US,USD,USD,NASDAQ NMS - GLOBAL MARKET,2014-04-04,2602.4100197405705,https://static2.finnhub.io/file/publicdatany/finnhubimage/stock_logo/FIVN.png,76.56,Technology,13026587581,https://www.five9.com/,74.32,,20260816,AADP,1e5cfc94789c072d216aab4d765b8de8,33.0,-0.8,34.2435,32.13,33.925,33.8,2026-08-14 20:00:00,2026-08-14,-2.3669,cadp_finnhub,-0.125,-0.3684598378776714,2.113499999999995,6.5779645191409735,1.2434999999999974,3.76818181818181,0.8699999999999974,2.6363636363636287,,,
DVA,DaVita Inc,US,USD,USD,"NEW YORK STOCK EXCHANGE, INC.",1995-10-31,11724.525740624622,https://static2.finnhub.io/file/publicdatany/finnhubimage/stock_logo/DVA.png,64.2,Health Care,13105362668,https://www.davita.com/,34.17,,20260816,AADP,1e8e350e36c4d6739c913d1015fce7a2,180.06,0.89,182.69,178.92,179.0,179.17,2026-08-14 20:00:00,2026-08-14,0.4967,cadp_finnhub,0.1699999999999875,0.09497206703909916,3.7700000000000102,2.107086966241902,2.6299999999999955,1.4606242363656534,1.1400000000000148,0.6331222925691519,183.77,-3.710000000000008,-2.0188278826794406
FULT,Fulton Financial Corp,US,USD,USD,NASDAQ NMS - GLOBAL MARKET,1985-09-03,4633.078165967213,https://static2.finnhub.io/file/publicdatany/finnhubimage/stock_logo/FULT.png,191.46,Banking,16142803338,https://www.fultonbank.com,189.58,,20260816,AADP,1eebac1acc50855f30fd46ac345e4a92,24.64,0.12,24.745,24.445,24.5,24.52,2026-08-14 20:00:00,2026-08-14,0.4894,cadp_finnhub,0.019999999999999574,0.08163265306122275,0.3000000000000007,1.2272448353446541,0.10500000000000043,0.4261363636363653,0.19500000000000028,0.791396103896105,,,
AROC,Archrock Inc,US,USD,USD,"NEW YORK STOCK EXCHANGE, INC.",2000-05-24,5800.186747415892,https://static2.finnhub.io/file/publicdatany/finnhubimage/stock_logo/AROC.png,175.26,Energy,12818368000,https://www.archrock.com,170.53,,20260816,AADP,1f23f557887d5d2d7e5dca51d2a32569,34.69,1.35,34.71,33.34,33.34,33.34,2026-08-14 20:00:00,2026-08-14,4.0492,cadp_finnhub,,,1.3699999999999974,4.109178164367119,0.020000000000003126,0.05765350245028287,1.3499999999999943,3.891611415393469,,,
AMZN,Amazon.com Inc,US,USD,USD,NASDAQ NMS - GLOBAL MARKET,1997-05-15,2960627.6972878375,https://static2.finnhub.io/file/publicdatany/finnhubimage/stock_logo/AMZN.png,10757.11,Retail,12062661000,https://www.amazon.com/,9824.2,,20260816,AADP,1f576c1722d9e8cb996b63446b059dfb,,,,,,,,,,cadp_finnhub,,,,,,,,,,,
PATH,UiPath Inc,US,USD,USD,"NEW YORK STOCK EXCHANGE, INC.",2021-04-21,7797.714509700001,https://static2.finnhub.io/file/publicdatany/finnhubimage/stock_logo/PATH.png,518.12,Technology,13025310855,https://www.uipath.com/,408.95,,20260816,AADP,1f577735862ec512a512a809b543e250,16.01,-0.67,16.82,15.835,16.66,16.68,2026-08-14 20:00:00,2026-08-14,-4.0168,cadp_finnhub,0.019999999999999574,0.1200480192076805,0.9849999999999994,6.22039785285759,0.8099999999999987,5.059337913803865,0.1750000000000007,1.0930668332292361,15.59,0.4200000000000017,2.6940346375882087
CVS,CVS Health Corp,US,USD,USD,"NEW YORK STOCK EXCHANGE, INC.",1952-10-01,122397.46279536793,https://static2.finnhub.io/file/publicdatany/finnhubimage/stock_logo/CVS.png,1275.93,Health Care,14017651500,https://cvshealth.com/,1274.95,,20260816,AADP,1f6a00375d4c6e4a37f3397a3472eeb9,97.16,2.17,97.51,94.41,94.6,94.99,2026-08-14 20:00:00,2026-08-14,2.2845,cadp_finnhub,0.39000000000000057,0.4122621564482036,3.1000000000000085,3.2835504713483834,0.3500000000000085,0.3602305475504411,2.75,2.8303828736105396,95.7,1.4599999999999937,1.525600835945657
SPSC,SPS Commerce Inc,US,USD,USD,NASDAQ NMS - GLOBAL MARKET,2010-04-22,2641.692921283034,https://static2.finnhub.io/file/publicdatany/finnhubimage/stock_logo/942959865956.png,36.71,Technology,13026587581,https://www.spscommerce.com/,35.89,,20260816,AADP,1fbf5617b197d227a449bf175cb8ba32,79.4,0.03,80.7,77.695,80.38,79.37,2026-08-14 20:00:00,2026-08-14,0.0378,cadp_finnhub,-1.009999999999991,-1.2565314754914045,3.0050000000000097,3.867687753394697,1.2999999999999972,1.6372795969773264,1.7050000000000125,2.1473551637279753,,,
ETSY,ETSY Inc,US,USD,USD,"NEW YORK STOCK EXCHANGE, INC.",2015-04-16,7851.929218977631,https://static2.finnhub.io/file/publicdatany/finnhubimage/stock_logo/ETSY.png,94.9,Retail,17188803660,https://www.etsy.com/,93.5,,20260816,AADP,200504a3a82ff07f85364d06665be8ed,79.9,-0.77,81.4936,79.58,80.56,80.67,2026-08-14 20:00:00,2026-08-14,-0.9545,cadp_finnhub,0.10999999999999943,0.1365441906653419,1.9136000000000024,2.40462427745665,1.593599999999995,1.994493116395488,0.3200000000000074,0.40050062578223705,,,
CFG,Citizens Financial Group Inc,US,USD,USD,"NEW YORK STOCK EXCHANGE, INC.",2014-09-24,30606.91733662419,https://static2.finnhub.io/file/publicdatany/finnhubimage/stock_logo/CFG.png,422.68,Banking,12039006715,https://www.citizensbank.com/,419.43,,20260816,AADP,200c51213cfaefab13ace1a27b76f395,74.73,0.62,74.86,73.615,73.86,74.11,2026-08-14 20:00:00,2026-08-14,0.8366,cadp_finnhub,0.25,0.338478202003791,1.2450000000000045,1.6912314066426744,0.12999999999999545,0.17395958784958576,1.115000000000009,1.4920380034792038,72.67,2.0600000000000023,2.8347323517269882
OSIS,OSI Systems Inc,US,USD,USD,NASDAQ NMS - GLOBAL MARKET,1997-10-02,3893.7534603900467,https://static2.finnhub.io/file/publicdatany/finnhubimage/stock_logo/OSIS.png,16.48,Electrical Equipment,13026587581,https://www.osi-systems.com/,15.63,,20260816,AADP,2059df0b4d6856d1968f75bfb4fc8b2c,228.27,-0.29,232.9084,226.98,228.56,228.56,2026-08-14 20:00:00,2026-08-14,-0.1269,cadp_finnhub,,,5.9284000000000106,2.6118600757776065,4.63839999999999,2.03197967319402,1.2900000000000205,0.5651202523327727,,,
NE,Noble Corporation PLC,US,USD,USD,"NEW YORK STOCK EXCHANGE, INC.",2022-10-03,6508.6127605229785,https://static2.finnhub.io/file/publicdatany/finnhubimage/stock_logo/950834808346.png,159.64,Energy,12812766100,https://www.noblecorp.com/,126.6,,20260816,AADP,2083bf1d720fba07e1fc72cd8d168712,45.1,0.81,45.6599,44.37,44.54,44.29,2026-08-14 20:00:00,2026-08-14,1.8289,cadp_finnhub,-0.25,-0.5612932195779076,1.289900000000003,2.907144466982202,0.559899999999999,1.241463414634144,0.730000000000004,1.6186252771618712,,,
SOLV,Solventum Corp,US,USD,USD,"NEW YORK STOCK EXCHANGE, INC.",2024-03-26,14125.165757754823,https://static2.finnhub.io/file/publicdatany/finnhubimage/stock_logo/950867918106.png,173.17,Health Care,16517331110,https://www.solventum.com/en-us/home/,147.07,,20260816,AADP,20e1865f506c33d92e6b8edd34586d7c,88.59,2.13,89.48,85.29,86.14,86.46,2026-08-14 20:00:00,2026-08-14,2.4636,cadp_finnhub,0.3199999999999932,0.3714882749013155,4.189999999999998,4.912650955563369,0.8900000000000006,1.0046280618579981,3.299999999999997,3.7250253979004366,85.21,3.3800000000000097,3.966670578570602
BFAM,Bright Horizons Family Solutions Inc,US,USD,USD,"NEW YORK STOCK EXCHANGE, INC.",2013-01-25,3860.2778157161015,https://static2.finnhub.io/file/publicdatany/finnhubimage/stock_logo/BFAM.png,52.61,Diversified Consumer Services,13026365400,https://investors.brighthorizons.com/,52.04,,20260816,AADP,2107c4db75712e23e3c6824ab93a6234,71.31,-1.94,74.62,70.54,73.63,73.25,2026-08-14 20:00:00,2026-08-14,-2.6485,cadp_finnhub,-0.37999999999999545,-0.5160939834306607,4.079999999999998,5.783952367451088,3.3100000000000023,4.641705230682937,0.769999999999996,1.0797924554760847,,,
SARO,"StandardAero, Inc.",US,USD,USD,"NEW YORK STOCK EXCHANGE, INC.",2024-10-02,9704.85634699,https://static2.finnhub.io/file/publicdatany/finnhubimage/stock_logo/950906179956.png,332.47,Aerospace & Defense,13026587581,https://ir.standardaero.com/,246.78,,20260816,AADP,211cdb3a9390ab5960e4c24d5074664a,27.9,0.78,27.94,27.2356,27.56,27.12,2026-08-14 20:00:00,2026-08-14,2.8761,cadp_finnhub,-0.4399999999999977,-1.5965166908563053,0.7043999999999997,2.5863208447766883,0.0400000000000027,0.14336917562724982,0.664399999999997,2.3813620071684483,28.33,-0.4299999999999997,-1.5178256265442984
BNL,Broadstone Net Lease Inc,US,USD,USD,"NEW YORK STOCK EXCHANGE, INC.",2020-09-16,4016.3199350978266,https://static2.finnhub.io/file/publicdatany/finnhubimage/stock_logo/942977068976.png,191.89,Real Estate,15852876500,https://broadstone.com/net-lease/,189.78,,20260816,AADP,2121c7814fd0d1f653d88ec81e71d44c,21.39,0.15,21.46,21.2216,21.24,21.24,2026-08-14 20:00:00,2026-08-14,0.7062,cadp_finnhub,,,0.23840000000000217,1.1233837222452698,0.07000000000000028,0.32725572697522337,0.16840000000000188,0.7872837774661144,,,
IOSP,Innospec Inc,US,USD,USD,NASDAQ NMS - GLOBAL MARKET,1998-05-13,2276.8938888263956,https://static2.finnhub.io/file/publicdatany/finnhubimage/stock_logo/IOSP.png,24.63,Chemicals,13026587581,https://innospec.com/,24.29,,20260816,AADP,2121fd8aebe37889a8d28d1c1c38ade3,93.85,-0.07,94.41,93.44,93.82,93.92,2026-08-14 20:00:00,2026-08-14,-0.0745,cadp_finnhub,0.10000000000000853,0.10658708164571362,0.9699999999999989,1.0380993150684918,0.5600000000000023,0.5966968566862039,0.4099999999999966,0.4368673415023938,,,
PINS,Pinterest Inc,US,USD,USD,"NEW YORK STOCK EXCHANGE, INC.",2019-04-18,13426.15734966481,https://static2.finnhub.io/file/publicdatany/finnhubimage/stock_logo/PINS.png,560.16,Media,13026587581,https://investor.pinterestinc.com/,474.8,,20260816,AADP,213034dfe26ca6b68c088701e07b6527,24.06,0.74,24.23,23.15,23.26,23.32,2026-08-14 20:00:00,2026-08-14,3.1732,cadp_finnhub,0.05999999999999872,0.25795356835769007,1.0800000000000018,4.665226781857459,0.1700000000000017,0.7065669160432324,0.9100000000000001,3.7822111388196182,23.68,0.379999999999999,1.6047297297297254
AMPH,"Amphastar Pharmaceuticals, Inc",US,USD,USD,NASDAQ NMS - GLOBAL MARKET,2014-06-25,916.2508196971227,https://static2.finnhub.io/file/publicdatany/finnhubimage/stock_logo/AMPH.png,44.09,Pharmaceuticals,18004831140,https://amphastar.com/,30.97,,20260816,AADP,2134028b0f2289695d46c911edc4a368,20.91,0.73,21.07,19.89,20.02,20.18,2026-08-14 20:00:00,2026-08-14,3.6174,cadp_finnhub,0.16000000000000014,0.7992007992007999,1.1799999999999997,5.932629462041225,0.16000000000000014,0.7651841224294602,1.0199999999999996,4.878048780487803,,,
AYI,Acuity Inc,US,USD,USD,"NEW YORK STOCK EXCHANGE, INC.",2001-11-14,10764.22394493479,https://static2.finnhub.io/file/publicdatany/finnhubimage/stock_logo/AYI.png,29.94,Electrical Equipment,13026365401,https://www.acuityinc.com/,29.76,,20260816,AADP,213a943901e86afeb08650f645bd70b6,358.43,-1.34,361.84,353.6711,359.12,359.77,2026-08-14 20:00:00,2026-08-14,-0.3725,cadp_finnhub,0.6499999999999773,0.18099799509912487,8.168899999999951,2.309744844857256,3.409999999999968,0.9513712579862088,4.758899999999983,1.327706944173195,353.4,5.03000000000003,1.423316355404649
VVV,Valvoline Inc,US,USD,USD,"NEW YORK STOCK EXCHANGE, INC.",2016-09-23,4896.11,https://static2.finnhub.io/file/publicdatany/finnhubimage/stock_logo/VVV.png,127.54,Retail,18593572591,https://www.valvoline.com/,127.13,,20260816,AADP,2182f64d059a78f13613b0860ffa58fc,34.19,0.42,34.19,33.51,33.67,33.77,2026-08-14 20:00:00,2026-08-14,1.2437,cadp_finnhub,0.10000000000000142,0.2970002970003012,0.6799999999999997,2.0292450014920913,,,0.6799999999999997,1.9888856390757523,35.34,-1.1500000000000057,-3.2541029994340844
FNF,Fidelity National Financial Inc,US,USD,USD,"NEW YORK STOCK EXCHANGE, INC.",1987-02-27,13506.325178026647,https://static2.finnhub.io/file/publicdatany/finnhubimage/stock_logo/FNF.png,269.16,Insurance,19048548100,https://www.fnf.com/,253.77,,20260816,AADP,21eeed7a47d60b09b7979371dfc692bc,49.47,0.5,49.82,48.985,49.17,48.97,2026-08-14 20:00:00,2026-08-14,1.021,cadp_finnhub,-0.20000000000000284,-0.40675208460443935,0.8350000000000009,1.704603450035727,0.3500000000000014,0.7074994946432209,0.48499999999999943,0.9803921568627441,50.18,-0.7100000000000009,-1.4149063371861317
AIR,AAR Corp,US,USD,USD,"NEW YORK STOCK EXCHANGE, INC.",1981-05-22,5759.429217506694,https://static2.finnhub.io/file/publicdatany/finnhubimage/stock_logo/AIR.png,39.89,Aerospace & Defense,13023513367,https://www.aarcorp.com/,38.75,,20260816,AADP,21ef366263eed5ce13c1ac9200416e8c,145.25,1.86,147.13,143.99,145.46,143.39,2026-08-14 20:00:00,2026-08-14,1.2972,cadp_finnhub,-2.0700000000000216,-1.4230716348137094,3.1399999999999864,2.1807069935412087,1.8799999999999955,1.2943201376936286,1.259999999999991,0.8674698795180661,,,
WT,WisdomTree Inc,US,USD,USD,"NEW YORK STOCK EXCHANGE, INC.",1991-12-04,2875.3,https://static2.finnhub.io/file/publicdatany/finnhubimage/stock_logo/942959067926.png,152.94,Financial Services,12128012080,https://www.wisdomtree.com/,138.57,,20260816,AADP,220dbea1a44f09d1cad7b43715b6fc25,22.81,0.11,22.915,22.56,22.56,22.7,2026-08-14 20:00:00,2026-08-14,0.4846,cadp_finnhub,0.14000000000000057,0.6205673758865273,0.3550000000000004,1.5735815602836898,0.10500000000000043,0.46032441911442545,0.25,1.0960105217010085,,,
CPAY,Corpay Inc,US,USD,USD,"NEW YORK STOCK EXCHANGE, INC.",2010-12-15,25683.3110328245,https://static2.finnhub.io/file/publicdatany/finnhubimage/stock_logo/FLT.png,65.36,Financial Services,13026365400,https://www.corpay.com/,62.81,,20260816,AADP,221c4afdfd24cc20039d05faa833991e,417.6,-7.64,425.2,417.5,424.75,425.24,2026-08-14 20:00:00,2026-08-14,-1.7966,cadp_finnhub,0.4900000000000091,0.11536197763390443,7.699999999999989,1.8443113772455062,7.599999999999966,1.8199233716475014,0.10000000000002274,0.02394636015326215,392.94,24.660000000000025,6.275767292716451
SR,Spire Inc,US,USD,USD,"NEW YORK STOCK EXCHANGE, INC.",1980-03-17,4845.803432858238,https://static2.finnhub.io/file/publicdatany/finnhubimage/stock_logo/SR.png,59.12,Utilities,13143420500,https://www.spireenergy.com/,57.72,,20260816,AADP,2252b096ca896668b3fdf5d2d69832c7,82.84,-0.09,83.46,82.45,83.46,82.93,2026-08-14 20:00:00,2026-08-14,-0.1085,cadp_finnhub,-0.5299999999999869,-0.6350347471842643,1.009999999999991,1.2249848392965323,0.6199999999999903,0.7484307098020163,0.39000000000000057,0.470787059391599,81.97,0.8700000000000045,1.0613639136269422
UFPI,UFP Industries Inc,US,USD,USD,NASDAQ NMS - GLOBAL MARKET,1993-11-10,5187.386685035053,https://static2.finnhub.io/file/publicdatany/finnhubimage/stock_logo/UFPI.png,56.48,Building,18005989663,https://www.ufpi.com/,55.39,,20260816,AADP,227b64f4c00292eb1e2031a87f87b595,89.87,-1.4,91.9,89.605,90.84,91.27,2026-08-14 20:00:00,2026-08-14,-1.5339,cadp_finnhub,0.4299999999999926,0.4733597534125854,2.2950000000000017,2.5612410021762195,2.030000000000001,2.25881829309002,0.26500000000000057,0.2948703683097814,93.42,-3.549999999999997,-3.800042817383855
EXTR,Extreme Networks Inc,US,USD,USD,NASDAQ NMS - GLOBAL MARKET,1999-04-09,3134.7508125690783,https://static2.finnhub.io/file/publicdatany/finnhubimage/stock_logo/EXTR.png,130.78,Communications,13026587581,https://www.extremenetworks.com/,126.74,,20260816,AADP,22b4132ba595f8dddd2c36e6fe109918,24.41,0.36,25.2,24.05,24.05,24.05,2026-08-14 20:00:00,2026-08-14,1.4969,cadp_finnhub,,,1.1499999999999986,4.781704781704776,0.7899999999999991,3.2363785333879522,0.35999999999999943,1.4748054076198256,,,
RSG,Republic Services Inc,US,USD,USD,"NEW YORK STOCK EXCHANGE, INC.",1998-07-01,66012.40664458343,https://static2.finnhub.io/file/publicdatany/finnhubimage/stock_logo/RSG.png,307.66,Commercial Services & Supplies,13026587581,https://www.republicservices.com/,306.93,,20260816,AADP,22b5adb4130ee3fec404b0cdf9f58635,214.71,-0.51,216.57,214.56,215.69,215.22,2026-08-14 20:00:00,2026-08-14,-0.237,cadp_finnhub,-0.46999999999999886,-0.21790532708980428,2.009999999999991,0.9368008948545818,1.8599999999999852,0.8662847561827512,0.15000000000000568,0.06986167388570895,214.56,0.15000000000000568,0.06991051454138968
DIOD,Diodes Inc,US,USD,USD,NASDAQ NMS - GLOBAL MARKET,1980-03-17,4843.257812080125,https://static2.finnhub.io/file/publicdatany/finnhubimage/stock_logo/DIOD.png,45.94,Semiconductors,13026587581,https://www.diodes.com/,44.78,,20260816,AADP,22b906d3085eff7ae5fc5501b901d737,103.48,6.29,103.71,97.755,98.65,97.19,2026-08-14 20:00:00,2026-08-14,6.4719,cadp_finnhub,-1.460000000000008,-1.479979726305127,5.954999999999998,6.091760012275586,0.22999999999998977,0.2222651720139058,5.7250000000000085,5.532470042520302,,,
AOS,A O Smith Corp,US,USD,USD,"NEW YORK STOCK EXCHANGE, INC.",1983-09-30,8695.430520580092,https://static2.finnhub.io/file/publicdatany/finnhubimage/stock_logo/AOS.png,137.83,Building,13026365400,https://www.aosmith.com/,109.53,,20260816,AADP,22ce9a43634c169b7c071af3c338f587,62.17,-0.33,62.77,62.07,62.43,62.5,2026-08-14 20:00:00,2026-08-14,-0.528,cadp_finnhub,0.07000000000000028,0.11212558065032882,0.7000000000000028,1.1277589817947524,0.6000000000000014,0.9650957053241136,0.10000000000000142,0.1608492842206875,63.98,-1.8099999999999952,-2.8290090653329094
PR,Permian Resources Corp,US,USD,USD,"NEW YORK STOCK EXCHANGE, INC.",2016-03-02,16871.356733205124,https://static2.finnhub.io/file/publicdatany/finnhubimage/stock_logo/CDEV.png,837.29,Energy,14326954222,https://permianres.com/,777.65,,20260816,AADP,2301a22ed1ece4366a6e4f88f5e1baa4,21.5,0.4,21.69,21.2,21.29,21.1,2026-08-14 20:00:00,2026-08-14,1.8957,cadp_finnhub,-0.18999999999999773,-0.892437764208538,0.490000000000002,2.3113207547169905,0.19000000000000128,0.883720930232564,0.3000000000000007,1.3953488372093057,21.23,0.2699999999999996,1.2717852096090418
LSCC,Lattice Semiconductor Corp,US,USD,USD,NASDAQ NMS - GLOBAL MARKET,1989-11-09,18468.194032896816,https://static2.finnhub.io/file/publicdatany/finnhubimage/stock_logo/LSCC.png,141.75,Semiconductors,13026365400,https://www.latticesemi.com/,140.87,,20260816,AADP,2303545153524eb5fd52e094ba89e5bf,130.46,2.03,133.01,128.0,128.43,128.43,2026-08-14 20:00:00,2026-08-14,1.5806,cadp_finnhub,,,5.009999999999991,3.914062499999993,2.549999999999983,1.954622106392751,2.460000000000008,1.8856354438142018,132.26,-1.799999999999983,-1.3609556933313043
ROST,Ross Stores Inc,US,USD,USD,NASDAQ NMS - GLOBAL MARKET,1985-08-08,81872.95091771054,https://static2.finnhub.io/file/publicdatany/finnhubimage/stock_logo/ROST.png,320.78,Retail,13026587581,https://www.rossstores.com/,313.78,,20260816,AADP,23549e0e85dc0a8c2a57366dafd4df5e,245.36,0.4,247.05,242.7157,243.21,244.96,2026-08-14 20:00:00,2026-08-14,0.1633,cadp_finnhub,1.75,0.7195427819579787,4.334300000000013,1.7857518075674599,1.6899999999999977,0.6887838278447985,2.6443000000000154,1.0777225301597715,254.825,-9.464999999999975,-3.714313744726764
OZK,Bank Ozk,US,USD,USD,NASDAQ NMS - GLOBAL MARKET,1997-07-17,5831.533997933707,https://static2.finnhub.io/file/publicdatany/finnhubimage/stock_logo/OZK.png,109.37,Banking,15019782218,https://www.ozk.com/,101.8,,20260816,AADP,235d0c06b2ae39e2fdedf687edb1dfd7,52.49,0.25,52.8,52.0817,52.29,52.24,2026-08-14 20:00:00,2026-08-14,0.4786,cadp_finnhub,-0.04999999999999716,-0.09562057754828296,0.7182999999999993,1.3791792510613121,0.30999999999999517,0.5905886835587639,0.4083000000000041,0.7778624499904822,51.41,1.0800000000000054,2.10075860727486
ORCL,Oracle Corp,US,USD,USD,"NEW YORK STOCK EXCHANGE, INC.",1986-03-12,423486.84226978733,https://static2.finnhub.io/file/publicdatany/finnhubimage/stock_logo/ORCL.png,2880.47,Technology,13026365401,https://www.oracle.com/,1713.84,,20260816,AADP,236aac754a173a77ece2d2bba57f776f,150.52,-5.7,156.39,148.8001,155.84,156.22,2026-08-14 20:00:00,2026-08-14,-3.6487,cadp_finnhub,0.37999999999999545,0.24383983572894985,7.5899,5.100735819397972,5.869999999999976,3.8998139782088597,1.719900000000024,1.1426388519798192,144.56,5.960000000000008,4.122855561704488
UTL,Unitil Corp,US,USD,USD,"NEW YORK STOCK EXCHANGE, INC.",1985-03-07,970.7381093306691,https://static2.finnhub.io/file/publicdatany/finnhubimage/stock_logo/942959051846.png,17.99,Utilities,16037720775,https://unitil.com/,17.59,,20260816,AADP,236c5cdf29779c3594ae4d78f5d362b4,54.56,0.15,54.79,52.65,54.29,54.41,2026-08-14 20:00:00,2026-08-14,0.2757,cadp_finnhub,0.11999999999999744,0.22103518143304005,2.1400000000000006,4.064577397910733,0.22999999999999687,0.42155425219940773,1.9100000000000037,3.5007331378299185,,,
CWEN.A,Clearway Energy Inc,US,USD,USD,"NEW YORK STOCK EXCHANGE, INC.",2013-07-17,6513.15,https://static2.finnhub.io/file/publicdatany/finnhubimage/stock_logo/CWEN.A.png,205.27,Utilities,13026587581,https://investor.clearwayenergy.com/,0.0,,20260816,AADP,2371838f801c1ccb7358d64f1607e8a0,34.14,-0.08,34.7642,34.09,34.23,34.22,2026-08-14 20:00:00,2026-08-14,-0.2338,cadp_finnhub,-0.00999999999999801,-0.029214139643581688,0.674199999999999,1.977706072161921,0.6242000000000019,1.828353837141189,0.04999999999999716,0.14645577035734375,,,
FHB,First Hawaiian Inc,US,USD,USD,NASDAQ NMS - GLOBAL MARKET,2016-08-04,3345.0005794232857,https://static2.finnhub.io/file/publicdatany/finnhubimage/stock_logo/FHB.png,121.68,Banking,13026587581,https://www.fhb.com/en/personal,120.78,,20260816,AADP,243833f7fa93500c4c042689b0ee6974,27.66,-0.2,27.99,27.6,27.84,27.86,2026-08-14 20:00:00,2026-08-14,-0.7179,cadp_finnhub,0.019999999999999574,0.07183908045976858,0.389999999999997,1.4130434782608585,0.3299999999999983,1.193058568329712,0.05999999999999872,0.21691973969630773,,,
FSS,Federal Signal Corp,US,USD,USD,"NEW YORK STOCK EXCHANGE, INC.",1980-03-17,7826.145022405539,https://static2.finnhub.io/file/publicdatany/finnhubimage/stock_logo/FSS.png,61.0,Machinery,13026587581,https://www.federalsignal.com/,59.42,,20260816,AADP,245190506f37662a085c446c219d52bb,125.85,2.79,126.785,121.4709,122.62,123.06,2026-08-14 20:00:00,2026-08-14,2.2672,cadp_finnhub,0.4399999999999977,0.35883216441037163,5.314099999999996,4.37479264581064,0.9350000000000023,0.7429479539133907,4.379099999999994,3.4796185935637616,,,
HTO,H2O America,US,USD,USD,NASDAQ NMS - GLOBAL MARKET,1980-03-18,2622.747279692133,https://static2.finnhub.io/file/publicdatany/finnhubimage/stock_logo/SJW.png,41.86,Utilities,16506057029,https://www.h2o-america.com/,34.49,,20260816,AADP,24944dfe96741c5afbd80dad64aab2ce,63.85,0.56,63.94,63.095,63.54,63.29,2026-08-14 20:00:00,2026-08-14,0.8848,cadp_finnhub,-0.25,-0.39345294302801387,0.8449999999999989,1.3392503367937219,0.0899999999999963,0.1409553641346849,0.7550000000000026,1.182458888018798,,,
JCI,Johnson Controls International PLC,IE,USD,USD,"NEW YORK STOCK EXCHANGE, INC.",1991-08-22,92199.91798830437,https://static2.finnhub.io/file/publicdatany/finnhubimage/stock_logo/JCI.png,605.74,Building,353214235000,https://www.johnsoncontrols.com/,604.42,,20260816,AADP,24e56f765587b56f2c726f0971addab2,153.64,2.19,153.93,150.24,151.51,151.45,2026-08-14 20:00:00,2026-08-14,1.446,cadp_finnhub,-0.060000000000002274,-0.03960134644578066,3.6899999999999977,2.4560702875399345,0.29000000000002046,0.18875292892477252,3.3999999999999773,2.21296537360061,153.3,0.339999999999975,0.22178734507499998
CDE,"Coeur Mining, Inc",US,USD,USD,"NEW YORK STOCK EXCHANGE, INC.",1980-03-17,17875.790233370604,https://static2.finnhub.io/file/publicdatany/finnhubimage/stock_logo/CDE.png,1030.52,Metals & Mining,13026587581,https://www.coeur.com/,1023.49,,20260816,AADP,24fba714fcbed3057238f4e7b1b6b1e8,18.81,0.36,19.345,18.71,18.86,18.45,2026-08-14 20:00:00,2026-08-14,1.9512,cadp_finnhub,-0.41000000000000014,-2.1739130434782616,0.634999999999998,3.39390700160341,0.5350000000000001,2.8442317916002136,0.09999999999999787,0.5316321105794677,17.14,1.6699999999999982,9.743290548424726
WEN,Wendy's Co,US,USD,USD,NASDAQ NMS - GLOBAL MARKET,1993-11-17,1401.94,https://static2.finnhub.io/file/publicdatany/finnhubimage/stock_logo/WEN.png,190.48,"Hotels, Restaurants & Leisure",18668207754,https://www.wendys.com/,173.03,,20260816,AADP,250ac10ebdb353f331f79d3551398ca2,8.64,-0.01,8.71,8.5,8.66,8.65,2026-08-14 20:00:00,2026-08-14,-0.1156,cadp_finnhub,-0.009999999999999787,-0.11547344110854256,0.21000000000000085,2.4705882352941275,0.07000000000000028,0.8101851851851885,0.14000000000000057,1.620370370370377,,,
JEF,Jefferies Financial Group Inc,US,USD,USD,"NEW YORK STOCK EXCHANGE, INC.",1968-10-07,13053.86957223757,https://static2.finnhub.io/file/publicdatany/finnhubimage/stock_logo/JEF.png,230.55,Financial Services,12124601900,https://www.jefferies.com/,141.86,,20260816,AADP,255be50bf377c0f56957120950893751,55.14,-0.72,55.69,54.83,55.66,55.86,2026-08-14 20:00:00,2026-08-14,-1.2889,cadp_finnhub,0.20000000000000284,0.3593244699964119,0.8599999999999994,1.5684844063468892,0.5499999999999972,0.997461008342396,0.3100000000000023,0.5622052956111756,56.57,-1.4299999999999997,-2.5278416121619225
TTD,Trade Desk Inc,US,USD,USD,NASDAQ NMS - GLOBAL MARKET,2016-09-21,6487.500437996604,https://static2.finnhub.io/file/publicdatany/finnhubimage/stock_logo/TTD.png,470.11,Media,18055853434,https://www.thetradedesk.com/,417.16,,20260816,AADP,25942567a987542e2ae4b74577bce483,14.14,-0.42,14.63,14.0,14.495,14.56,2026-08-14 20:00:00,2026-08-14,-2.8846,cadp_finnhub,0.06500000000000128,0.44843049327355144,0.6300000000000008,4.500000000000005,0.4900000000000002,3.465346534653467,0.14000000000000057,0.9900990099009941,13.84,0.3000000000000007,2.1676300578034735
HAFC,Hanmi Financial Corp,US,USD,USD,NASDAQ NMS - GLOBAL MARKET,1993-10-27,946.107759872281,https://static2.finnhub.io/file/publicdatany/finnhubimage/stock_logo/942959002536.png,29.65,Banking,12133822200,https://investors.hanmi.com/,29.0,,20260816,AADP,25b095bc066bd8e7b00790fe3a0811a6,32.44,-0.05,32.7,32.35,32.43,32.49,2026-08-14 20:00:00,2026-08-14,-0.1539,cadp_finnhub,0.060000000000002274,0.18501387604071007,0.3500000000000014,1.0819165378670832,0.2600000000000051,0.8014796547472414,0.0899999999999963,0.2774352651047975,,,
WABC,Westamerica Bancorp,US,USD,USD,NASDAQ NMS - GLOBAL MARKET,1980-03-17,1377.82,https://static2.finnhub.io/file/publicdatany/finnhubimage/stock_logo/WABC.png,23.0,Banking,17078636000,https://www.westamerica.com/,22.13,,20260816,AADP,25b5267417539e5fd856a8fcec103843,59.88,-0.05,60.725,59.61,59.86,59.93,2026-08-14 20:00:00,2026-08-14,-0.0834,cadp_finnhub,0.07000000000000028,0.11693952555963964,1.115000000000002,1.8704915282670727,0.8449999999999989,1.4111556446225766,0.2700000000000031,0.45090180360721965,,,
A,Agilent Technologies Inc,US,USD,USD,"NEW YORK STOCK EXCHANGE, INC.",1999-11-18,41226.59006017016,https://static2.finnhub.io/file/publicdatany/finnhubimage/stock_logo/A.png,282.43,Life Sciences Tools & Services,13026587581,https://www.agilent.com/,281.85,,20260816,AADP,25f4403ace0246b9d55b85e360e36464,148.53,-0.76,149.46,147.3,148.52,149.29,2026-08-14 20:00:00,2026-08-14,-0.5091,cadp_finnhub,0.7699999999999818,0.5184486937786034,2.1599999999999966,1.4663951120162908,0.9300000000000068,0.6261361341143249,1.2299999999999898,0.828115532215707,145.97,2.5600000000000023,1.7537850243200672
CVSA,Covista Inc,US,USD,USD,"NEW YORK STOCK EXCHANGE, INC.",1995-11-14,4797.6746164709475,https://static2.finnhub.io/file/publicdatany/finnhubimage/stock_logo/ATGE.png,34.03,Diversified Consumer Services,13026365400,https://www.covista.com,33.11,,20260816,AADP,261b9562dbd6ee5a2929968fdcdeda41,132.01,0.12,132.19,130.4857,131.96,131.89,2026-08-14 20:00:00,2026-08-14,0.091,cadp_finnhub,-0.0700000000000216,-0.05304637769022552,1.7042999999999893,1.3061201342369233,0.18000000000000682,0.13635330656768943,1.5242999999999824,1.1546852511173262,,,
RJF,Raymond James Financial Inc,US,USD,USD,"NEW YORK STOCK EXCHANGE, INC.",1983-07-01,33963.386486718344,https://static2.finnhub.io/file/publicdatany/finnhubimage/stock_logo/RJF.png,192.1,Financial Services,17275671000,https://www.raymondjames.com/,171.64,,20260816,AADP,2659644e178546101f250da17c041378,180.81,-0.18,182.25,178.9588,180.87,180.99,2026-08-14 20:00:00,2026-08-14,-0.0995,cadp_finnhub,0.12000000000000455,0.06634599436059299,3.2912000000000035,1.8390825150816854,1.4399999999999977,0.7964161274265792,1.8512000000000057,1.023837177147285,179.09,1.7199999999999989,0.9604109665531291
ENPH,Enphase Energy Inc,US,USD,USD,NASDAQ NMS - GLOBAL MARKET,2011-06-20,5532.895740320141,https://static2.finnhub.io/file/publicdatany/finnhubimage/stock_logo/ENPH.png,132.14,Semiconductors,13026365400,https://enphase.com/,128.14,,20260816,AADP,26895f54706073898826294d16c99c10,40.48,-0.3,41.65,40.13,40.915,40.78,2026-08-14 20:00:00,2026-08-14,-0.7357,cadp_finnhub,-0.134999999999998,-0.3299523402175193,1.519999999999996,3.7876900074756934,1.1700000000000017,2.890316205533601,0.3499999999999943,0.8646245059288398,,,
PWR,Quanta Services Inc,US,USD,USD,"NEW YORK STOCK EXCHANGE, INC.",1998-02-12,101009.70989413426,https://static2.finnhub.io/file/publicdatany/finnhubimage/stock_logo/PWR.png,150.06,Construction,17136297600,https://www.quantaservices.com/,149.34,,20260816,AADP,26a97eec31338fe94cc2c4fce521ccc6,685.78,13.0,692.09,672.0927,673.0,672.78,2026-08-14 20:00:00,2026-08-14,1.9323,cadp_finnhub,-0.22000000000002728,-0.03268945022288667,19.997299999999996,2.975378247673274,6.310000000000059,0.9201201551518067,13.687299999999937,1.9958733121409107,671.86,13.919999999999959,2.071860208972101
TMO,Thermo Fisher Scientific Inc,US,USD,USD,"NEW YORK STOCK EXCHANGE, INC.",1980-08-27,219629.8940534809,https://static2.finnhub.io/file/publicdatany/finnhubimage/stock_logo/TMO.png,371.62,Life Sciences Tools & Services,17816221000,https://corporate.thermofisher.com/us/en/index.html,371.03,,20260816,AADP,26d84bdb682787918c84af56b42b9676,588.29,-7.6,594.74,587.51,592.11,595.89,2026-08-14 20:00:00,2026-08-14,-1.2754,cadp_finnhub,3.7799999999999727,0.6383948928408527,7.230000000000018,1.2306173511940255,6.4500000000000455,1.0963980349827545,0.7799999999999727,0.13258766934674612,585.96,2.3299999999999272,0.3976380640316621
RS,Reliance Inc,US,USD,USD,"NEW YORK STOCK EXCHANGE, INC.",1994-09-16,21641.00459584139,https://static2.finnhub.io/file/publicdatany/finnhubimage/stock_logo/RS.png,51.05,Metals & Mining,12136877700,https://reliance.com/,50.82,,20260816,AADP,273e2143a2800f432c2833ba3efc72f2,426.54,1.39,427.6,421.395,423.66,425.15,2026-08-14 20:00:00,2026-08-14,0.3269,cadp_finnhub,1.4899999999999523,0.351697115611564,6.205000000000041,1.4724901814212417,1.0600000000000023,0.24851127678529616,5.145000000000039,1.2062174708116562,423.88,2.660000000000025,0.6275360951212666
QCOM,Qualcomm Inc,US,USD,USD,NASDAQ NMS - GLOBAL MARKET,1991-12-13,176292.2595539436,https://static2.finnhub.io/file/publicdatany/finnhubimage/stock_logo/QCOM.png,1050.0,Semiconductors,13026365400,https://www.qualcomm.com/,1048.64,,20260816,AADP,27a5c01f2f39d26a4c9798634d31adc3,165.79,1.0,166.965,163.18,165.63,164.79,2026-08-14 20:00:00,2026-08-14,0.6068,cadp_finnhub,-0.8400000000000034,-0.5071545009961984,3.7849999999999966,2.31952445152592,1.1750000000000114,0.7087279088002965,2.609999999999985,1.5742807165691448,167.86,-2.0700000000000216,-1.2331704992255579
CPF,Central Pacific Financial Corp,US,USD,USD,"NEW YORK STOCK EXCHANGE, INC.",1987-08-28,1003.8696514234783,https://static2.finnhub.io/file/publicdatany/finnhubimage/stock_logo/942959058126.png,25.81,Banking,18085440500,https://www.cpb.bank/,25.13,,20260816,AADP,27c731d77e438c1c68fbba63350cc7bd,38.7,-0.25,39.51,38.68,38.88,38.95,2026-08-14 20:00:00,2026-08-14,-0.6418,cadp_finnhub,0.07000000000000028,0.1800411522633752,0.8299999999999983,2.1458117890382584,0.8099999999999952,2.0930232558139408,0.020000000000003126,0.05167958656331557,,,
BLKB,Blackbaud Inc,US,USD,USD,NASDAQ NMS - GLOBAL MARKET,2004-07-22,2082.043848412209,https://static2.finnhub.io/file/publicdatany/finnhubimage/stock_logo/BLKB.png,45.39,Technology,13026365400,https://www.blackbaud.com/,34.7,,20260816,AADP,27ecdfbbdbb9676072399de360c00dea,45.25,-0.96,46.75,45.16,46.75,46.21,2026-08-14 20:00:00,2026-08-14,-2.0775,cadp_finnhub,-0.5399999999999991,-1.1550802139037415,1.5900000000000034,3.5208148804251627,1.5,3.314917127071823,0.09000000000000341,0.1988950276243169,,,
NWE,NorthWestern Energy Group Inc,US,USD,USD,NASDAQ NMS - GLOBAL MARKET,2004-11-02,4434.821795728049,https://static2.finnhub.io/file/publicdatany/finnhubimage/stock_logo/950867238536.png,61.51,Utilities,13026587581,https://www.northwesternenergy.com/,61.05,,20260816,AADP,282164670543ccc9456d5c7875125e2e,71.81,0.29,71.98,71.18,71.18,71.52,2026-08-14 20:00:00,2026-08-14,0.4055,cadp_finnhub,0.3399999999999892,0.4776622646810749,0.7999999999999972,1.123911211014326,0.1700000000000017,0.23673583066425524,0.6299999999999955,0.8773151371675191,72.48,-0.6700000000000017,-0.9243929359823423
DTE,DTE Energy Co,US,USD,USD,"NEW YORK STOCK EXCHANGE, INC.",1949-11-16,29105.276991971565,https://static2.finnhub.io/file/publicdatany/finnhubimage/stock_logo/DTE.png,208.09,Utilities,13132354000,https://ir.dteenergy.com/,207.18,,20260816,AADP,28570e8972544c29035729c5ced4f0b8,140.84,1.31,141.205,139.24,139.34,139.53,2026-08-14 20:00:00,2026-08-14,0.9389,cadp_finnhub,0.18999999999999773,0.1363571120998979,1.9650000000000034,1.4112324044814732,0.3650000000000091,0.2591593297358769,1.5999999999999943,1.1360408974723049,136.78,4.060000000000002,2.968270214943707
CUZ,Cousins Properties Inc,US,USD,USD,"NEW YORK STOCK EXCHANGE, INC.",1980-03-17,4875.513183222931,https://static2.finnhub.io/file/publicdatany/finnhubimage/stock_logo/942959038046.png,164.54,Real Estate,14044071000,https://cousins.com/,162.83,,20260816,AADP,28e5d7583fe96d1e671f3e4d8d1229b2,29.7,-0.24,30.2,29.68,29.9,29.94,2026-08-14 20:00:00,2026-08-14,-0.8016,cadp_finnhub,0.0400000000000027,0.13377926421405587,0.5199999999999996,1.7520215633423166,0.5,1.6835016835016834,0.019999999999999574,0.0673400673400659,29.62,0.0799999999999983,0.27008777852801585
WSO,Watsco Inc,US,USD,USD,"NEW YORK STOCK EXCHANGE, INC.",1994-06-16,12676.52,https://static2.finnhub.io/file/publicdatany/finnhubimage/stock_logo/WSO.png,40.67,Trading Companies & Distributors,13057144100,https://www.watsco.com/,34.87,,20260816,AADP,28f38ed2c163489a2b23b916bc273a22,313.06,1.46,313.81,308.5,310.48,311.6,2026-08-14 20:00:00,2026-08-14,0.4685,cadp_finnhub,1.1200000000000045,0.3607317701623307,5.310000000000002,1.7212317666126427,0.75,0.23957068932473008,4.560000000000002,1.4565897910943597,330.1,-17.04000000000002,-5.162072099363835
APOG,Apogee Enterprises Inc,US,USD,USD,NASDAQ NMS - GLOBAL MARKET,1971-07-01,908.1882505170415,https://static2.finnhub.io/file/publicdatany/finnhubimage/stock_logo/942959055716.png,20.87,Building,16128351874,https://www.apog.com/,20.25,,20260816,AADP,28fa38bcfbdcd4abc94b1a148aea3a6a,42.58,0.01,42.675,42.0,42.48,42.57,2026-08-14 20:00:00,2026-08-14,0.0235,cadp_finnhub,0.09000000000000341,0.21186440677966908,0.6749999999999972,1.6071428571428503,0.09499999999999886,0.2231094410521345,0.5799999999999983,1.3621418506340965,,,
KTOS,Kratos Defense and Security Solutions Inc,US,USD,USD,NASDAQ NMS - GLOBAL MARKET,1999-11-05,11407.82511687128,https://static2.finnhub.io/file/publicdatany/finnhubimage/stock_logo/KTOS.png,187.52,Aerospace & Defense,13026365400,https://www.kratosdefense.com/,184.87,,20260816,AADP,28fd3cfb8382c1a8eddea7bc297eb6e8,64.58,1.79,67.1,62.65,66.0,62.79,2026-08-14 20:00:00,2026-08-14,2.8508,cadp_finnhub,-3.210000000000001,-4.863636363636365,4.449999999999996,7.102952913008773,2.519999999999996,3.9021368844843543,1.9299999999999997,2.988541344069371,59.46,5.119999999999997,8.61083081062899
VECO,Veeco Instruments Inc,US,USD,USD,NASDAQ NMS - GLOBAL MARKET,1994-01-01,3149.9381281064952,https://static2.finnhub.io/file/publicdatany/finnhubimage/stock_logo/VECO.png,61.03,Semiconductors,15166770200,https://www.veeco.com/,59.55,,20260816,AADP,2948a3ca31acbb54f8f42865353e518d,52.4,-1.18,53.845,51.4088,52.53,53.58,2026-08-14 20:00:00,2026-08-14,-2.2023,cadp_finnhub,1.0499999999999972,1.9988577955453972,2.4361999999999995,4.7388773906412895,1.4450000000000003,2.7576335877862603,0.9911999999999992,1.891603053435113,,,
BILL,BILL Holdings Inc,US,USD,USD,"NEW YORK STOCK EXCHANGE, INC.",2019-12-12,4779.646855213405,https://static2.finnhub.io/file/publicdatany/finnhubimage/stock_logo/BILL.png,99.6,Technology,16506217700,https://www.bill.com/,87.12,,20260816,AADP,298ce773021eb0cb3a6f8c4b89b41897,49.78,-1.53,51.91,48.85,51.33,51.31,2026-08-14 20:00:00,2026-08-14,-2.9819,cadp_finnhub,-0.01999999999999602,-0.03896356906291842,3.059999999999995,6.264073694984637,2.1299999999999955,4.278826838087576,0.9299999999999997,1.8682201687424662,49.26,0.5200000000000031,1.055623223710928
OXY,Occidental Petroleum Corp,US,USD,USD,"NEW YORK STOCK EXCHANGE, INC.",1964-03-03,55889.72739516024,https://static2.finnhub.io/file/publicdatany/finnhubimage/stock_logo/OXY.png,994.63,Energy,13026587581,https://www.oxy.com/,726.34,,20260816,AADP,2997192acbfbfc5e35b1b4eb7c691787,58.36,0.66,58.94,57.83,58.13,57.7,2026-08-14 20:00:00,2026-08-14,1.1438,cadp_finnhub,-0.4299999999999997,-0.739721314295544,1.1099999999999994,1.9194189866851106,0.5799999999999983,0.9938313913639449,0.5300000000000011,0.908156271418782,58.65,-0.28999999999999915,-0.49445865302642655
VCEL,Vericel Corp,US,USD,USD,NASDAQ NMS - GLOBAL MARKET,1997-02-04,2291.4959014825836,https://static2.finnhub.io/file/publicdatany/finnhubimage/stock_logo/942959053966.png,51.07,Biotechnology,17349305555,https://vcel.com/,50.45,,20260816,AADP,29983ae0a32499d3b75a59533a865cdc,44.2,-0.34,44.55,43.65,44.53,44.54,2026-08-14 20:00:00,2026-08-14,-0.7634,cadp_finnhub,0.00999999999999801,0.022456770716366516,0.8999999999999986,2.0618556701030895,0.3499999999999943,0.7918552036198966,0.5500000000000043,1.2443438914027245,,,
NTST,Netstreit Corp,US,USD,USD,"NEW YORK STOCK EXCHANGE, INC.",2020-08-13,2109.8325886433668,https://static2.finnhub.io/file/publicdatany/finnhubimage/stock_logo/950731389166.png,101.53,Real Estate,19722007100,https://netstreit.com/,100.89,,20260816,AADP,299fb23b5e269b8a4f700821004a0031,20.71,0.1,20.855,20.64,20.71,20.61,2026-08-14 20:00:00,2026-08-14,0.4852,cadp_finnhub,-0.10000000000000142,-0.48285852245292815,0.21499999999999986,1.0416666666666659,0.14499999999999957,0.7001448575567338,0.07000000000000028,0.3380009657170463,,,
OKE,ONEOK Inc,US,USD,USD,"NEW YORK STOCK EXCHANGE, INC.",1954-05-24,54476.54879388354,https://static2.finnhub.io/file/publicdatany/finnhubimage/stock_logo/OKE.png,630.03,Energy,19185887000,https://www.oneok.com/,628.81,,20260816,AADP,29aef2d75019270178be82bb36227664,94.99,2.35,95.05,92.815,93.5,92.64,2026-08-14 20:00:00,2026-08-14,2.5367,cadp_finnhub,-0.8599999999999994,-0.919786096256684,2.2349999999999994,2.408015945698432,0.060000000000002274,0.06316454363617462,2.174999999999997,2.2897147068112402,90.34,4.6499999999999915,5.147221607261447
CHRW,CH Robinson Worldwide Inc,US,USD,USD,NASDAQ NMS - GLOBAL MARKET,1997-10-15,17451.15146074809,https://static2.finnhub.io/file/publicdatany/finnhubimage/stock_logo/CHRW.png,117.87,Logistics & Transportation,18009279800,https://www.chrobinson.com/,117.36,,20260816,AADP,29bced56c69ede2aeb52a6ecd0568b03,148.57,-0.78,150.29,147.95,149.05,149.35,2026-08-14 20:00:00,2026-08-14,-0.5223,cadp_finnhub,0.29999999999998295,0.201274740020116,2.3400000000000034,1.5816154106116955,1.7199999999999989,1.1577034394561478,0.6200000000000045,0.4173117049202427,149.58,-1.0100000000000193,-0.6752239604225292
COCO,Vita Coco Company Inc,US,USD,USD,NASDAQ NMS - GLOBAL MARKET,2021-10-21,3572.9685876559574,https://static2.finnhub.io/file/publicdatany/finnhubimage/stock_logo/950006465376.png,57.58,Beverages,12122060763,https://vitacoco.com/,52.59,,20260816,AADP,29c073f04166f401f94107d59053e872,65.21,0.0,66.1983,64.72,65.02,65.21,2026-08-14 20:00:00,2026-08-14,0.0,cadp_finnhub,0.18999999999999773,0.292217779144875,1.4783000000000044,2.2841470951792404,0.9883000000000095,1.5155650973777175,0.4899999999999949,0.7514184940959898,,,
ODFL,Old Dominion Freight Line Inc,US,USD,USD,NASDAQ NMS - GLOBAL MARKET,1991-10-24,44863.680901444015,https://static2.finnhub.io/file/publicdatany/finnhubimage/stock_logo/ODFL.png,207.97,Road & Rail,13368895000,https://www.odfl.com/,190.68,,20260816,AADP,29d18c3760f2b6dd3e9201a976d29ac9,210.97,-4.76,215.75,210.145,214.87,215.73,2026-08-14 20:00:00,2026-08-14,-2.2065,cadp_finnhub,0.8599999999999852,0.4002420067947993,5.60499999999999,2.6672059768255205,4.780000000000001,2.2657249845949665,0.8249999999999886,0.39105086031188724,217.29,-6.319999999999993,-2.9085553868102507
HXL,Hexcel Corp,US,USD,USD,"NEW YORK STOCK EXCHANGE, INC.",1980-03-17,7821.733816164887,https://static2.finnhub.io/file/publicdatany/finnhubimage/stock_logo/HXL.png,75.62,Aerospace & Defense,12039690666,https://www.hexcel.com/,74.89,,20260816,AADP,29f15fbfa30714b97c3b76e29ee3da9d,104.07,1.76,104.12,101.4001,102.43,102.31,2026-08-14 20:00:00,2026-08-14,1.7203,cadp_finnhub,-0.12000000000000455,-0.1171531777799517,2.7199000000000098,2.6823444947293047,0.05000000000001137,0.04804458537523914,2.6698999999999984,2.5654847698664347,103.43,0.6399999999999864,0.6187759837571172
PHM,Pultegroup Inc,US,USD,USD,"NEW YORK STOCK EXCHANGE, INC.",1983-06-29,24912.443839090698,https://static2.finnhub.io/file/publicdatany/finnhubimage/stock_logo/PHM.png,187.45,Consumer products,14049786400,https://www.pultegroupinc.com/,186.18,,20260816,AADP,2a1ced7a01b64007d4ed4c6336c7be8d,130.18,-0.37,130.91,129.25,129.87,130.55,2026-08-14 20:00:00,2026-08-14,-0.2834,cadp_finnhub,0.6800000000000068,0.5236005236005289,1.6599999999999966,1.284332688588005,0.7299999999999898,0.5607620218159393,0.9300000000000068,0.7143954524504584,132.9,-2.719999999999999,-2.046651617757712
LIF,Life360 Inc,US,USD,USD,NASDAQ NMS - GLOBAL MARKET,2019-05-10,5120.797207957866,https://static2.finnhub.io/file/publicdatany/finnhubimage/stock_logo/950005916486.png,81.03,Technology,13026587581,https://intl.life360.com/,78.01,,20260816,AADP,2ac7931e9764beafef785b1494aa1a2f,51.21,0.96,52.575,50.25,50.56,50.25,2026-08-14 20:00:00,2026-08-14,1.9104,cadp_finnhub,-0.3100000000000023,-0.6131329113924096,2.325000000000003,4.626865671641797,1.365000000000002,2.665495020503812,0.9600000000000009,1.8746338605741084,,,
HL,Hecla Mining Co,US,USD,USD,"NEW YORK STOCK EXCHANGE, INC.",1980-03-17,11319.297844914883,https://static2.finnhub.io/file/publicdatany/finnhubimage/stock_logo/HL.png,670.71,Metals & Mining,12087694100,https://www.hecla.com/,666.96,,20260816,AADP,2ac81376d70a0e070a824617bf426127,18.37,0.64,18.83,17.98,18.09,17.73,2026-08-14 20:00:00,2026-08-14,3.6097,cadp_finnhub,-0.35999999999999943,-1.990049751243778,0.8499999999999979,4.727474972191311,0.4599999999999973,2.504082743603687,0.39000000000000057,2.1230266739248806,16.85,1.5199999999999996,9.020771513353113
EZPW,EZCORP Inc,US,USD,USD,NASDAQ NMS - GLOBAL MARKET,1991-08-27,1716.8538138896506,https://static2.finnhub.io/file/publicdatany/finnhubimage/stock_logo/942959064066.png,61.54,Financial Services,13026587581,https://www.ezcorp.com/,53.93,,20260816,AADP,2ad300b0ddf153a58b45b5708bd6a8f5,29.49,0.84,29.56,28.09,28.47,28.65,2026-08-14 20:00:00,2026-08-14,2.9319,cadp_finnhub,0.17999999999999972,0.6322444678609053,1.4699999999999989,5.233179067283727,0.07000000000000028,0.23736859952526376,1.3999999999999986,4.747371990505251,,,
OPCH,Option Care Health Inc,US,USD,USD,NASDAQ NMS - GLOBAL MARKET,1996-08-15,3563.3909187981376,https://static2.finnhub.io/file/publicdatany/finnhubimage/stock_logo/OPCH.png,149.79,Health Care,13026365400,https://optioncarehealth.com/,147.91,,20260816,AADP,2ad7f0cc1b7945ae658520447c701733,23.945,-0.125,24.17,23.88,24.07,24.07,2026-08-14 20:00:00,2026-08-14,-0.5193,cadp_finnhub,,,0.2900000000000027,1.2144053601340146,0.22500000000000142,0.9396533723115533,0.06500000000000128,0.27145541866778566,23.79,0.15500000000000114,0.65153425809164
PB,"Prosperity Bancshares, Inc",US,USD,USD,"NEW YORK STOCK EXCHANGE, INC.",1998-11-12,8863.254585842333,https://static2.finnhub.io/file/publicdatany/finnhubimage/stock_logo/PB.png,119.65,Banking,17136939300,https://www.prosperitybankusa.com,115.38,,20260816,AADP,2b5db0576f868adbba93ba86e5c16e20,75.05,0.42,75.21,74.39,74.39,74.63,2026-08-14 20:00:00,2026-08-14,0.5628,cadp_finnhub,0.23999999999999488,0.32262400860330004,0.8199999999999932,1.1022986960612893,0.1599999999999966,0.2131912058627536,0.6599999999999966,0.8794137241838729,73.95,1.0999999999999943,1.4874915483434674
TPL,Texas Pacific Land Corp,US,USD,USD,"NEW YORK STOCK EXCHANGE, INC.",1980-03-17,23496.225041615682,https://static2.finnhub.io/file/publicdatany/finnhubimage/stock_logo/TPL.png,68.97,Energy,18003166660,https://www.texaspacific.com/,68.86,,20260816,AADP,2b66b6e04681783e3c97f91c235860a9,358.52,11.48,361.28,347.0501,348.03,347.04,2026-08-14 20:00:00,2026-08-14,3.308,cadp_finnhub,-0.9899999999999523,-0.28445823635892087,14.229899999999986,4.100243740024852,2.759999999999991,0.7698315296217759,11.469899999999996,3.1992357469597223,350.44,8.079999999999984,2.3056728683940144
AAMI,Acadian Asset Management Inc,US,USD,USD,"NEW YORK STOCK EXCHANGE, INC.",2014-10-09,3201.264681433486,https://static2.finnhub.io/file/publicdatany/finnhubimage/stock_logo/BSIG.png,35.63,Financial Services,13026365400,https://www.acadian-inc.com/,35.42,,20260816,AADP,2b84ca43296d95ec08ae9d577c11aeb8,92.51,-0.65,93.82,91.34,92.41,93.16,2026-08-14 20:00:00,2026-08-14,-0.6977,cadp_finnhub,0.75,0.8116004761389459,2.4799999999999898,2.7151302824611228,1.309999999999988,1.41606312831044,1.1700000000000017,1.2647281374986505,,,
HD,Home Depot Inc,US,USD,USD,"NEW YORK STOCK EXCHANGE, INC.",1984-04-19,354594.6294300433,https://static2.finnhub.io/file/publicdatany/finnhubimage/stock_logo/HD.png,997.12,Retail,13026365400,https://www.homedepot.com/,996.26,,20260816,AADP,2b9713fc3e8d692d6238915eea9917c5,338.86,-2.84,340.81,336.01,340.81,341.7,2026-08-14 20:00:00,2026-08-14,-0.8311,cadp_finnhub,0.8899999999999864,0.26114257210762193,4.800000000000011,1.4285289128299787,1.9499999999999886,0.5754588915776393,2.8500000000000227,0.841055303075023,355.62,-16.75999999999999,-4.712895787638488
CNM,Core & Main Inc,US,USD,USD,"NEW YORK STOCK EXCHANGE, INC.",2021-07-23,9008.357696634423,https://static2.finnhub.io/file/publicdatany/finnhubimage/stock_logo/950801870006.png,193.52,Trading Companies & Distributors,13026365400,https://ir.coreandmain.com/overview/default.aspx,186.25,,20260816,AADP,2bacccefaa54458f773cd43ceb9c3821,45.98,-0.16,46.27,45.53,46.13,46.14,2026-08-14 20:00:00,2026-08-14,-0.3468,cadp_finnhub,0.00999999999999801,0.02167786689789293,0.740000000000002,1.625301998682192,0.29000000000000625,0.6307090039147591,0.44999999999999574,0.9786863853849408,46.3,-0.3200000000000003,-0.6911447084233269
CWT,California Water Service Group,US,USD,USD,"NEW YORK STOCK EXCHANGE, INC.",1980-03-17,3124.729736289298,https://static2.finnhub.io/file/publicdatany/finnhubimage/stock_logo/CWT.png,59.85,Utilities,13026587581,https://www.calwatergroup.com/,61.23,,20260816,AADP,2bb3b7d2e9a972c175b29ec10fa9e59f,50.4,0.21,50.5,49.92,50.07,50.19,2026-08-14 20:00:00,2026-08-14,0.4184,cadp_finnhub,0.11999999999999744,0.23966446974235558,0.5799999999999983,1.161858974358971,0.10000000000000142,0.19841269841270123,0.4799999999999969,0.9523809523809462,,,
BF.B,Brown-Forman Corp,US,USD,USD,"NEW YORK STOCK EXCHANGE, INC.",1980-03-17,13146.298246221435,https://static2.finnhub.io/file/publicdatany/finnhubimage/stock_logo/BF.B.png,458.86,Beverages,13026587581,https://www.brown-forman.com/,282.25,,20260816,AADP,2bbb812362363ecdb07933dabc501711,28.42,0.39,28.46,27.7968,27.86,28.03,2026-08-14 20:00:00,2026-08-14,1.3914,cadp_finnhub,0.1700000000000017,0.6101938262742344,0.6631999999999998,2.385886145167788,0.03999999999999915,0.14074595355383232,0.6232000000000006,2.1928219563687565,28.19,0.23000000000000043,0.8158921603405478
AZZ,AZZ Inc,US,USD,USD,"NEW YORK STOCK EXCHANGE, INC.",1980-03-17,4535.372899240835,https://static2.finnhub.io/file/publicdatany/finnhubimage/stock_logo/942959035006.png,30.05,Building,18178100095,https://www.azz.com/,29.52,,20260816,AADP,2be8e270b7a0da6851e2579c239e6b81,151.35,1.0,152.9997,149.7,149.82,150.35,2026-08-14 20:00:00,2026-08-14,0.6651,cadp_finnhub,0.5300000000000011,0.3537578427446277,3.2997000000000014,2.2042084168336684,1.6496999999999957,1.0899900891972223,1.6500000000000057,1.0901883052527293,,,
AEE,Ameren Corp,US,USD,USD,"NEW YORK STOCK EXCHANGE, INC.",1952-12-15,30131.61967128734,https://static2.finnhub.io/file/publicdatany/finnhubimage/stock_logo/AEE.png,276.75,Utilities,13146213222,https://www.ameren.com/,275.9,,20260816,AADP,2c3fee1a8ba88c4043fa6eb6f4ef289e,,,,,,,,,,cadp_finnhub,,,,,,,,,,,
MHO,M/I Homes Inc,US,USD,USD,"NEW YORK STOCK EXCHANGE, INC.",1993-11-03,3842.7679999757543,https://static2.finnhub.io/file/publicdatany/finnhubimage/stock_logo/MHO.png,25.59,Consumer products,16144188000,https://www.mihomes.com/,25.03,,20260816,AADP,2c625082273fa0eaac58348bb2b0a966,152.11,-2.15,155.1,151.9,152.89,154.26,2026-08-14 20:00:00,2026-08-14,-1.3938,cadp_finnhub,1.3700000000000045,0.896069069265488,3.1999999999999886,2.1066491112573984,2.9899999999999807,1.9656827296035635,0.21000000000000796,0.13805798435343367,,,
CVI,CVR Energy Inc,US,USD,USD,"NEW YORK STOCK EXCHANGE, INC.",2007-10-23,3131.528320081288,https://static2.finnhub.io/file/publicdatany/finnhubimage/stock_logo/CVI.png,100.53,Energy,12812073200,https://www.cvrenergy.com/,100.53,,20260816,AADP,2c7fd01fcf04c1927ee1dfe925fc213d,35.26,-0.34,35.82,35.06,35.82,35.6,2026-08-14 20:00:00,2026-08-14,-0.9551,cadp_finnhub,-0.21999999999999886,-0.6141820212171939,0.759999999999998,2.167712492869361,0.5600000000000023,1.5882019285309197,0.19999999999999574,0.5672149744753141,,,
SON,Sonoco Products Co,US,USD,USD,"NEW YORK STOCK EXCHANGE, INC.",1980-03-17,5736.727469500614,https://static2.finnhub.io/file/publicdatany/finnhubimage/stock_logo/SON.png,98.88,Packaging,18433837000,https://www.sonoco.com/,97.76,,20260816,AADP,2c8e08973f19988b9c9f01c6c744f533,58.27,-0.04,58.325,57.75,58.21,58.31,2026-08-14 20:00:00,2026-08-14,-0.0686,cadp_finnhub,0.10000000000000142,0.17179178835251918,0.5750000000000028,0.9956709956710006,0.054999999999999716,0.0943881928951428,0.5200000000000031,0.8923974600995419,57.87,0.4000000000000057,0.6912044237083216
OLN,Olin Corp,US,USD,USD,"NEW YORK STOCK EXCHANGE, INC.",1981-05-22,2118.9344736248668,https://static2.finnhub.io/file/publicdatany/finnhubimage/stock_logo/OLN.png,113.98,Chemicals,13144801400,https://www.olin.com/,113.5,,20260816,AADP,2caf3998047dfbe0609eeb0058825a3f,19.1,0.04,19.39,18.78,19.22,19.06,2026-08-14 20:00:00,2026-08-14,0.2099,cadp_finnhub,-0.16000000000000014,-0.8324661810613951,0.6099999999999994,3.248136315228964,0.28999999999999915,1.5183246073298384,0.3200000000000003,1.6753926701570694,18.95,0.15000000000000213,0.7915567282322014
SMG,Scotts Miracle-Gro Co,US,USD,USD,"NEW YORK STOCK EXCHANGE, INC.",1995-12-29,3662.6373963461165,https://static2.finnhub.io/file/publicdatany/finnhubimage/stock_logo/SMG.png,58.18,Chemicals,19376440011,https://scottsmiraclegro.com/,44.38,,20260816,AADP,2ccc5beaa3a2c9ad3330a6f7df99a246,60.94,-0.78,61.9268,60.64,61.4,61.72,2026-08-14 20:00:00,2026-08-14,-1.2638,cadp_finnhub,0.3200000000000003,0.5211726384364825,1.2867999999999995,2.122031662269128,0.9868000000000023,1.61929766983919,0.29999999999999716,0.49228749589759957,62.91,-1.9699999999999989,-3.1314576378954047
PIPR,Piper Sandler Companies,US,USD,USD,"NEW YORK STOCK EXCHANGE, INC.",2003-12-19,5285.4309539165315,https://static2.finnhub.io/file/publicdatany/finnhubimage/stock_logo/PIPR.png,71.04,Financial Services,13026587581,https://www.pipersandler.com/,68.82,,20260816,AADP,2d262143a669226ed788d3c6198225db,76.5,-1.92,78.76,76.38,77.64,78.42,2026-08-14 20:00:00,2026-08-14,-2.4484,cadp_finnhub,0.7800000000000011,1.0046367851622888,2.3800000000000097,3.1159989526054073,2.260000000000005,2.9542483660130783,0.12000000000000455,0.15686274509804515,,,
TEL,TE Connectivity PLC,IE,USD,USD,"NEW YORK STOCK EXCHANGE, INC.",2007-06-14,62630.39414171905,https://static2.finnhub.io/file/publicdatany/finnhubimage/stock_logo/TEL.png,289.51,Electrical Equipment,35391378040,https://www.te.com/,288.97,,20260816,AADP,2d620a470e79e300942bc248c1bac9b5,216.23,1.49,218.27,214.03,214.74,214.74,2026-08-14 20:00:00,2026-08-14,0.6939,cadp_finnhub,,,4.240000000000009,1.9810306966313176,2.0400000000000205,0.9434398557092081,2.1999999999999886,1.017435138509915,216.33,-0.10000000000002274,-0.046225673739205254
SYK,Stryker Corp,US,USD,USD,"NEW YORK STOCK EXCHANGE, INC.",1980-03-17,130042.76105138123,https://static2.finnhub.io/file/publicdatany/finnhubimage/stock_logo/SYK.png,383.36,Health Care,12693852600,https://www.stryker.com/,362.52,,20260816,AADP,2d7ebd3a2bb3a775dad75fba650992bc,339.21,-1.88,341.51,335.12,341.5,341.09,2026-08-14 20:00:00,2026-08-14,-0.5512,cadp_finnhub,-0.410000000000025,-0.12005856515374086,6.389999999999986,1.9067796610169452,2.3000000000000114,0.6780460481707531,4.089999999999975,1.2057427552253692,339.03,0.18000000000000682,0.053092646668438444
SRE,Sempra,US,USD,USD,"NEW YORK STOCK EXCHANGE, INC.",1998-06-29,54832.97550675329,https://static2.finnhub.io/file/publicdatany/finnhubimage/stock_logo/SRE.png,653.71,Utilities,16196962000,https://www.sempra.com/,652.64,,20260816,AADP,2d87e086f2cc5456992622f7a893ded4,86.41,-0.07,87.26,86.2375,86.39,86.48,2026-08-14 20:00:00,2026-08-14,-0.0809,cadp_finnhub,0.09000000000000341,0.10417872438940087,1.022500000000008,1.1856790839252158,0.8500000000000085,0.9836824441615653,0.17249999999999943,0.1996296724916091,83.88,2.530000000000001,3.0162136385312364
REG,Regency Centers Corp,US,USD,USD,NASDAQ NMS - GLOBAL MARKET,1993-10-29,14122.256218760916,https://static2.finnhub.io/file/publicdatany/finnhubimage/stock_logo/942959048126.png,183.1,Real Estate,19045987000,https://www.regencycenters.com/,181.9,,20260816,AADP,2db3617b846919af00c97cd98649600b,76.71,-0.15,77.22,76.64,76.88,76.86,2026-08-14 20:00:00,2026-08-14,-0.1952,cadp_finnhub,-0.01999999999999602,-0.0260145681581634,0.5799999999999983,0.7567849686847576,0.5100000000000051,0.6648416112632058,0.06999999999999318,0.09125277017337138,77.13,-0.4200000000000017,-0.5445352003111652
CNR,Core Natural Resources Inc,US,USD,USD,"NEW YORK STOCK EXCHANGE, INC.",2017-11-14,4516.52184823294,https://static2.finnhub.io/file/publicdatany/finnhubimage/stock_logo/CEIX.png,50.41,Energy,13026587581,https://corenaturalresources.com/,49.15,,20260816,AADP,2dc00507d839732d4c1c9e11bc48f88b,95.94,2.45,96.68,94.01,94.01,93.49,2026-08-14 20:00:00,2026-08-14,2.6206,cadp_finnhub,-0.5200000000000102,-0.5531326454632595,2.6700000000000017,2.8401233911286052,0.7400000000000091,0.7713154054617565,1.9299999999999926,2.0116739628934672,,,
LZB,La-Z-Boy Inc,US,USD,USD,"NEW YORK STOCK EXCHANGE, INC.",1987-08-20,1686.0722624822833,https://static2.finnhub.io/file/publicdatany/finnhubimage/stock_logo/LZB.png,40.01,Consumer products,17342421444,https://www.la-z-boy.com/,38.77,,20260816,AADP,2df761077c7384742edd7effe5fa272f,41.85,0.13,41.93,41.2,41.56,41.72,2026-08-14 20:00:00,2026-08-14,0.3116,cadp_finnhub,0.1599999999999966,0.3849855630413777,0.7299999999999969,1.7718446601941669,0.0799999999999983,0.19115890083631612,0.6499999999999986,1.5531660692950982,,,
MA,Mastercard Inc,US,USD,USD,"NEW YORK STOCK EXCHANGE, INC.",2006-05-25,493405.48192925274,https://static2.finnhub.io/file/publicdatany/finnhubimage/stock_logo/MA.png,883.58,Financial Services,13026587581,https://www.mastercard.us/,868.38,,20260816,AADP,2e0ec8ea59bd6e5531403841951dff3b,569.29,2.25,570.67,564.435,567.95,567.04,2026-08-14 20:00:00,2026-08-14,0.3968,cadp_finnhub,-0.9100000000000819,-0.16022537195177072,6.235000000000014,1.1046444674763285,1.3799999999999955,0.2424072089796054,4.855000000000018,0.8528166663739076,562.95,6.339999999999918,1.126210142996699
VST,Vistra Corp,US,USD,USD,"NEW YORK STOCK EXCHANGE, INC.",2016-09-28,49737.783718593855,https://static2.finnhub.io/file/publicdatany/finnhubimage/stock_logo/VST.png,337.18,Utilities,12148124600,https://www.vistracorp.com/,334.11,,20260816,AADP,2e7b0566dd6046dc7834f2f28929ab92,148.13,1.73,150.18,146.13,146.9,146.4,2026-08-14 20:00:00,2026-08-14,1.1817,cadp_finnhub,-0.5,-0.3403675970047651,4.050000000000011,2.771504824471369,2.0500000000000114,1.3839195301424503,2.0,1.3501653952609196,140.59,7.539999999999992,5.363112596913004
CLSK,CleanSpark Inc,US,USD,USD,NASDAQ NMS - GLOBAL MARKET,2011-04-09,3156.285928564706,https://static2.finnhub.io/file/publicdatany/finnhubimage/stock_logo/CLSK.png,256.61,Technology,17029418047,https://cleanspark.com/,247.33,,20260816,AADP,2e9e682cf76c71da8cab6fd6d11db069,12.09,0.57,12.2,11.27,11.315,11.52,2026-08-14 20:00:00,2026-08-14,4.9479,cadp_finnhub,0.20500000000000007,1.8117543084401242,0.9299999999999997,8.251996450754213,0.10999999999999943,0.9098428453267116,0.8200000000000003,6.782464846980979,,,
APA,APA Corp (US),US,USD,USD,NASDAQ NMS - GLOBAL MARKET,1969-05-27,13301.08374034246,https://static2.finnhub.io/file/publicdatany/finnhubimage/stock_logo/APA.png,353.47,Energy,13026587581,https://apacorp.com/,351.71,,20260816,AADP,2f0ee4cc585b8152d10dd8b579bd0b3b,,,,,,,,,,cadp_finnhub,,,,,,,,,,,
APTV,APTIV PLC,CH,USD,USD,"NEW YORK STOCK EXCHANGE, INC.",2011-11-17,10288.231396620951,https://static2.finnhub.io/file/publicdatany/finnhubimage/stock_logo/APTV.png,211.62,Auto Components,41525809600,https://www.aptiv.com/,209.82,,20260816,AADP,2f1c01fb0c4b0ca0be22613930d49843,,,,,,,,,,cadp_finnhub,,,,,,,,,,,
GL,Globe Life Inc,US,USD,USD,"NEW YORK STOCK EXCHANGE, INC.",1980-12-31,14128.770149058433,https://static2.finnhub.io/file/publicdatany/finnhubimage/stock_logo/GL.png,77.64,Insurance,13026587581,https://home.globelifeinsurance.com/,77.04,,20260816,AADP,2f223e8f7a93dca140a84504996723e6,181.0,0.33,181.88,180.19,180.6,180.67,2026-08-14 20:00:00,2026-08-14,0.1827,cadp_finnhub,0.06999999999999318,0.038759689922476845,1.6899999999999977,0.937898884510793,0.8799999999999955,0.48618784530386494,0.8100000000000023,0.4475138121546974,183.51,-2.509999999999991,-1.367772873412888
RAL,Ralliant Corp,US,USD,USD,"NEW YORK STOCK EXCHANGE, INC.",2025-06-25,7462.668127843063,https://static2.finnhub.io/file/publicdatany/finnhubimage/stock_logo/950941077556.png,111.93,Electrical Equipment,13026587581,https://ralliant.com/,110.36,,20260816,AADP,2f39d1f44b55c4c7465deab3385176df,72.29,0.85,72.52,70.6,71.3,71.44,2026-08-14 20:00:00,2026-08-14,1.1898,cadp_finnhub,0.14000000000000057,0.19635343618513404,1.9200000000000017,2.7195467422096344,0.22999999999998977,0.3181629547655136,1.690000000000012,2.3378060589293286,,,
OLLI,Ollie's Bargain Outlet Holdings Inc,US,USD,USD,NASDAQ NMS - GLOBAL MARKET,2015-07-16,4935.406905218417,https://static2.finnhub.io/file/publicdatany/finnhubimage/stock_logo/OLLI.png,60.45,Retail,13026365400,https://investors.ollies.us/,60.25,,20260816,AADP,2f532d78d3187f7bcec446a33330b1fc,76.49,-1.2,77.41,75.4648,76.71,77.69,2026-08-14 20:00:00,2026-08-14,-1.5446,cadp_finnhub,0.980000000000004,1.277538782427329,1.9451999999999998,2.577625594979381,0.9200000000000017,1.2027716041312613,1.0251999999999981,1.3403059223427876,81.64,-5.150000000000006,-6.308182263596283
AVY,Avery Dennison Corp,US,USD,USD,"NEW YORK STOCK EXCHANGE, INC.",1961-01-01,13428.142953144317,https://static2.finnhub.io/file/publicdatany/finnhubimage/stock_logo/AVY.png,76.49,Packaging,13026587581,https://www.averydennison.com/en/home.html,75.99,,20260816,AADP,2f5753978e8bc827f0407775388cbe56,178.93,-1.08,179.58,176.28,176.65,180.01,2026-08-14 20:00:00,2026-08-14,-0.6,cadp_finnhub,3.359999999999985,1.9020662326634505,3.3000000000000114,1.8720217835262147,0.6500000000000057,0.3632705527301211,2.6500000000000057,1.4810260995920224,178.35,0.5800000000000125,0.32520325203252737
NDSN,Nordson Corp,US,USD,USD,NASDAQ NMS - GLOBAL MARKET,1980-03-18,17278.69375150939,https://static2.finnhub.io/file/publicdatany/finnhubimage/stock_logo/NDSN.png,55.72,Machinery,14408921580,https://www.nordson.com/,52.55,,20260816,AADP,2f8df930f1370787dee413e3500dc7ad,308.72,-1.27,311.48,307.382,309.59,309.99,2026-08-14 20:00:00,2026-08-14,-0.4097,cadp_finnhub,0.4000000000000341,0.1292031396363042,4.098000000000013,1.3331945266801613,2.759999999999991,0.8940139932625003,1.3380000000000223,0.43340243586422067,310.39,-1.669999999999959,-0.5380327974483582
MATX,Matson Inc,US,USD,USD,"NEW YORK STOCK EXCHANGE, INC.",1980-03-17,6183.137771991323,https://static2.finnhub.io/file/publicdatany/finnhubimage/stock_logo/MATX.png,30.26,Marine,18088481211,https://www.matson.com/,29.57,,20260816,AADP,2f9e73129447d2859dc4594633f46f7f,217.3,3.54,220.07,214.18,214.18,213.76,2026-08-14 20:00:00,2026-08-14,1.6561,cadp_finnhub,-0.4200000000000159,-0.19609674105892982,5.889999999999986,2.7500233448501197,2.769999999999982,1.2747353888633142,3.1200000000000045,1.4358030372756578,,,
MAN,ManpowerGroup Inc,US,USD,USD,"NEW YORK STOCK EXCHANGE, INC.",1988-05-03,2632.3156377123237,https://static2.finnhub.io/file/publicdatany/finnhubimage/stock_logo/MAN.png,46.51,Professional Services,14149611000,https://www.manpowergroup.com/,45.69,,20260816,AADP,2fa76e68a4c8729859e84bb2f6c2b313,58.3,-0.79,59.86,58.21,59.43,59.09,2026-08-14 20:00:00,2026-08-14,-1.3369,cadp_finnhub,-0.3399999999999963,-0.5721016321722974,1.6499999999999986,2.834564507816524,1.5600000000000023,2.6758147512864534,0.0899999999999963,0.1543739279588273,,,
MCY,Mercury General Corp,US,USD,USD,"NEW YORK STOCK EXCHANGE, INC.",1985-11-21,6065.055113212025,https://static2.finnhub.io/file/publicdatany/finnhubimage/stock_logo/MCY.png,55.39,Insurance,13238574980,https://www.mercuryinsurance.com/,26.56,,20260816,AADP,2fb6c610a1f728c91dea77d2d6d3ea86,105.38,0.46,105.89,104.57,104.93,104.92,2026-08-14 20:00:00,2026-08-14,0.4384,cadp_finnhub,-0.010000000000005116,-0.009530162965791589,1.3200000000000074,1.2623123266711365,0.5100000000000051,0.48396280129057234,0.8100000000000023,0.768646802049727,,,
STRL,Sterling Infrastructure Inc,US,USD,USD,NASDAQ NMS - GLOBAL MARKET,1991-07-12,16733.755268920195,https://static2.finnhub.io/file/publicdatany/finnhubimage/stock_logo/STRL.png,30.69,Construction,12812140777,https://www.strlco.com/,29.98,,20260816,AADP,302d60f10da3ba2cc633819abdf2c61f,576.48,23.32,578.96,551.89,551.89,553.16,2026-08-14 20:00:00,2026-08-14,4.2158,cadp_finnhub,1.2699999999999818,0.23011832067984234,27.07000000000005,4.904962945514514,2.480000000000018,0.4301970580072194,24.590000000000032,4.265542603386073,547.06,29.420000000000073,5.377837897122816
GWRE,Guidewire Software Inc,US,USD,USD,"NEW YORK STOCK EXCHANGE, INC.",2011-11-24,14197.708761074862,https://static2.finnhub.io/file/publicdatany/finnhubimage/stock_logo/GWRE.png,83.26,Technology,13026365400,https://www.guidewire.com/,82.94,,20260816,AADP,3049fec2d3b230a0dc7692ce1fda5b36,175.59,-7.03,183.98,172.81,183.81,182.62,2026-08-14 20:00:00,2026-08-14,-3.8495,cadp_finnhub,-1.1899999999999977,-0.6474076492029801,11.169999999999987,6.463746310977367,8.389999999999986,4.778176433737676,2.780000000000001,1.5832336693433573,172.94,2.6500000000000057,1.5323233491384327
HONA,Honeywell Aerospace Inc,US,USD,USD,NASDAQ NMS - GLOBAL MARKET,2026-06-15,53409.70465819518,,316.88,Aerospace & Defense,13026365401,https://www.honeywellaerospace.com,316.87,,20260816,AADP,304a0c203cdb0de2c16ef59f119706cf,166.36,-3.45,171.4899,165.025,169.69,169.81,2026-08-14 20:00:00,2026-08-14,-2.0317,cadp_finnhub,0.12000000000000455,0.07071719017031325,6.4649,3.9175276473261627,5.129899999999992,3.083613849483044,1.335000000000008,0.8024765568646357,163.09,3.2700000000000102,2.005027898706242
CMCSA,Comcast Corp,US,USD,USD,NASDAQ NMS - GLOBAL MARKET,1972-06-29,89993.42225964242,https://static2.finnhub.io/file/publicdatany/finnhubimage/stock_logo/CMCSA.png,3548.64,Telecommunication,12152861700,https://corporate.comcast.com/,3512.65,,20260816,AADP,306a082e9c2f0a35739dec3051e4ddf6,26.18,0.0,26.49,26.13,26.31,26.18,2026-08-14 20:00:00,2026-08-14,0.0,cadp_finnhub,-0.129999999999999,-0.4941087039148575,0.35999999999999943,1.377726750861077,0.3099999999999987,1.1841100076394144,0.05000000000000071,0.19098548510313487,25.46,0.7199999999999989,2.827965435978
HQY,Healthequity Inc,US,USD,USD,NASDAQ NMS - GLOBAL MARKET,2014-07-31,8747.29395588921,https://static2.finnhub.io/file/publicdatany/finnhubimage/stock_logo/HQY.png,83.6,Health Care,13026587581,https://healthequity.com/,81.81,,20260816,AADP,30c92d199b1952be47e33a52c274bdf5,104.73,-0.86,106.27,104.325,106.0,105.59,2026-08-14 20:00:00,2026-08-14,-0.8145,cadp_finnhub,-0.4099999999999966,-0.38679245283018543,1.9449999999999932,1.8643661634315771,1.539999999999992,1.4704478181991711,0.40500000000000114,0.3867086794614734,104.63,0.10000000000000853,0.09557488292077658
MOG.A,Moog Inc,US,USD,USD,"NEW YORK STOCK EXCHANGE, INC.",1981-05-22,12771.586387385692,https://static2.finnhub.io/file/publicdatany/finnhubimage/stock_logo/MOG.A.png,31.68,Aerospace & Defense,17166522000,https://www.moog.com/,27.91,,20260816,AADP,30cb0ac236b54518aaf2c58e341ab553,441.21,14.05,442.58,427.15,427.15,427.16,2026-08-14 20:00:00,2026-08-14,3.2892,cadp_finnhub,0.010000000000047748,0.00234109797496143,15.430000000000007,3.61231417534824,1.3700000000000045,0.3105097345935053,14.060000000000002,3.1866911448063284,409.75,31.45999999999998,7.677852348993283
NWN,Northwest Natural Holding Co,US,USD,USD,"NEW YORK STOCK EXCHANGE, INC.",1980-03-17,2124.4609928274567,https://static2.finnhub.io/file/publicdatany/finnhubimage/stock_logo/NWN.png,42.08,Utilities,15032264211,https://ir.nwnaturalholdings.com/,41.8,,20260816,AADP,30cf882cdd35eba19bba4c19ec89c6ab,50.86,0.05,51.1,50.5905,50.86,50.81,2026-08-14 20:00:00,2026-08-14,0.0984,cadp_finnhub,-0.04999999999999716,-0.09830908375933378,0.5095000000000027,1.0071060772279434,0.240000000000002,0.4718836020448329,0.26950000000000074,0.5298859614628406,,,
EW,Edwards Lifesciences Corp,US,USD,USD,"NEW YORK STOCK EXCHANGE, INC.",2000-03-27,51714.610013978956,https://static2.finnhub.io/file/publicdatany/finnhubimage/stock_logo/EW.png,575.8,Health Care,13026587581,https://www.edwards.com,573.37,,20260816,AADP,3105a5f58aa843987ac3f83d5cfc9db3,91.6,-0.96,92.92,91.48,92.92,92.56,2026-08-14 20:00:00,2026-08-14,-1.0372,cadp_finnhub,-0.35999999999999943,-0.38743004735256076,1.4399999999999977,1.5741145605596827,1.3200000000000074,1.441048034934506,0.11999999999999034,0.13100436681221653,89.72,1.8799999999999955,2.0954079358002624
CRI,Carter's Inc,US,USD,USD,"NEW YORK STOCK EXCHANGE, INC.",2003-10-24,1466.9790045212214,https://static2.finnhub.io/file/publicdatany/finnhubimage/stock_logo/CRI.png,36.85,"Textiles, Apparel & Luxury Goods",16783991000,https://www.carters.com/,34.86,,20260816,AADP,313fcdfe72f970d0eab3ef54b9f31490,38.72,-0.43,39.07,38.24,38.9,39.15,2026-08-14 20:00:00,2026-08-14,-1.0983,cadp_finnhub,0.25,0.6426735218508998,0.8299999999999983,2.1705020920502043,0.3500000000000014,0.9039256198347145,0.4799999999999969,1.2396694214875952,,,
INGR,Ingredion Inc,US,USD,USD,"NEW YORK STOCK EXCHANGE, INC.",1997-12-11,6578.952057395997,https://static2.finnhub.io/file/publicdatany/finnhubimage/stock_logo/INGR.png,63.06,Food Products,13026587581,https://www.ingredion.com/,62.42,,20260816,AADP,322903f23e5bfd78c91ca21cd8e06c38,105.2,0.1,105.455,104.25,105.22,105.1,2026-08-14 20:00:00,2026-08-14,0.0951,cadp_finnhub,-0.12000000000000455,-0.11404675917126456,1.2049999999999983,1.1558752997601902,0.25499999999999545,0.24239543726235308,0.9500000000000028,0.9030418250950597,104.07,1.1300000000000097,1.0858076294801668
PBI,Pitney Bowes Inc,US,USD,USD,"NEW YORK STOCK EXCHANGE, INC.",1950-09-18,2388.1118245537605,https://static2.finnhub.io/file/publicdatany/finnhubimage/stock_logo/PBI.png,135.44,Commercial Services & Supplies,12033565000,https://www.pitneybowes.com/us,133.55,,20260816,AADP,326965284c061c8e72d9353964fd630c,16.42,-0.23,16.73,16.39,16.71,16.65,2026-08-14 20:00:00,2026-08-14,-1.3814,cadp_finnhub,-0.060000000000002274,-0.3590664272890621,0.33999999999999986,2.0744356314826105,0.3099999999999987,1.8879415347137558,0.030000000000001137,0.18270401948843565,,,
LMAT,LeMaitre Vascular Inc,US,USD,USD,NASDAQ NMS - GLOBAL MARKET,2006-10-19,1862.700973841871,https://static2.finnhub.io/file/publicdatany/finnhubimage/stock_logo/942959052226.png,22.85,Health Care,17812212266,https://www.lemaitre.com/,21.36,,20260816,AADP,32a6ef1d7de0e212da059faea8e38ff1,82.38,0.45,82.605,80.72,81.25,81.93,2026-08-14 20:00:00,2026-08-14,0.5492,cadp_finnhub,0.6800000000000068,0.8369230769230853,1.8850000000000051,2.3352329038652195,0.22500000000000853,0.2731245447924357,1.6599999999999966,2.015052197135223,,,
AFG,American Financial Group Inc,US,USD,USD,"NEW YORK STOCK EXCHANGE, INC.",1980-03-17,12096.502392756493,https://static2.finnhub.io/file/publicdatany/finnhubimage/stock_logo/AFG.png,83.09,Insurance,15135792121,https://www.afginc.com/,66.11,,20260816,AADP,32ce0ae35f9e0da854b86171c80e6fb5,146.29,0.61,146.42,145.0,146.0,145.68,2026-08-14 20:00:00,2026-08-14,0.4187,cadp_finnhub,-0.3199999999999932,-0.21917808219177617,1.4199999999999875,0.9793103448275775,0.12999999999999545,0.08886458404538619,1.289999999999992,0.8818101032196268,143.87,2.4199999999999875,1.6820740946687895
TRMB,Trimble Inc,US,USD,USD,NASDAQ NMS - GLOBAL MARKET,1990-07-20,13872.465852870197,https://static2.finnhub.io/file/publicdatany/finnhubimage/stock_logo/TRMB.png,233.11,Technology,13026587581,https://www.trimble.com/en,232.1,,20260816,AADP,32dbaea7c11cf3fc505d01ef2f321db8,57.6,0.06,57.935,55.73,57.63,57.54,2026-08-14 20:00:00,2026-08-14,0.1043,cadp_finnhub,-0.09000000000000341,-0.15616866215513345,2.2050000000000054,3.956576350260193,0.33500000000000085,0.5815972222222238,1.8700000000000045,3.2465277777777857,59.51,-1.9099999999999966,-3.2095446143505235
UVV,Universal Corp,US,USD,USD,"NEW YORK STOCK EXCHANGE, INC.",1980-03-17,1261.3964303855325,https://static2.finnhub.io/file/publicdatany/finnhubimage/stock_logo/UVV.png,24.93,Tobacco,18043599311,https://www.universalcorp.com/,24.32,,20260816,AADP,32e5b9ef4412b9b471652e7f00793374,44.77,-0.12,45.25,44.63,44.92,44.89,2026-08-14 20:00:00,2026-08-14,-0.2673,cadp_finnhub,-0.030000000000001137,-0.06678539626002034,0.6199999999999974,1.3892000896258063,0.4799999999999969,1.072146526691974,0.14000000000000057,0.31270940361849575,,,
DLR,Digital Realty Trust Inc,US,USD,USD,"NEW YORK STOCK EXCHANGE, INC.",2004-11-03,71713.01345855423,https://static2.finnhub.io/file/publicdatany/finnhubimage/stock_logo/942959090646.png,370.01,Real Estate,12142311350,https://www.digitalrealty.com,369.95,,20260816,AADP,33010fcb0d29e179065faafc615a5a6f,200.15,2.57,201.56,198.5,199.71,197.58,2026-08-14 20:00:00,2026-08-14,1.3007,cadp_finnhub,-2.1299999999999955,-1.066546492413998,3.0600000000000023,1.5415617128463488,1.4099999999999966,0.7044716462652992,1.6500000000000057,0.8243817137147167,191.3,8.849999999999994,4.626241505488758
NXT,Nextpower Inc,US,USD,USD,NASDAQ NMS - GLOBAL MARKET,2023-02-09,15667.590562929594,https://static2.finnhub.io/file/publicdatany/finnhubimage/stock_logo/950838178276.png,151.65,Electrical Equipment,15102702500,https://nextpower.com/,150.61,,20260816,AADP,3349cd535deb0d84880e3e9f84c142e7,101.47,-3.08,106.42,101.4,103.51,104.55,2026-08-14 20:00:00,2026-08-14,-2.946,cadp_finnhub,1.039999999999992,1.0047338421408483,5.019999999999996,4.9506903353057155,4.950000000000003,4.8782891495023195,0.06999999999999318,0.0689859071646725,102.91,-1.4399999999999977,-1.399280925080165
PSMT,PriceSmart Inc,US,USD,USD,NASDAQ NMS - GLOBAL MARKET,1997-08-19,5463.85563653586,https://static2.finnhub.io/file/publicdatany/finnhubimage/stock_logo/PSMT.png,30.86,Retail,13026587581,https://investors.pricesmart.com/overview/default.aspx,28.47,,20260816,AADP,337e37763c390e65ec5d4e999877ebc3,180.22,0.4,182.05,177.45,179.04,179.82,2026-08-14 20:00:00,2026-08-14,0.2224,cadp_finnhub,0.7800000000000011,0.43565683646112663,4.600000000000023,2.5922795153564513,1.8300000000000125,1.015425590944408,2.7700000000000102,1.5370103207191268,,,
ELV,Elevance Health Inc,US,USD,USD,"NEW YORK STOCK EXCHANGE, INC.",2001-10-30,85489.87405152786,https://static2.finnhub.io/file/publicdatany/finnhubimage/stock_logo/ANTM.png,216.87,Health Care,18003311476,https://www.elevancehealth.com/,216.32,,20260816,AADP,33b4fa04c013e919c316108ea12f81fb,400.32,2.1,402.3,397.23,398.39,398.22,2026-08-14 20:00:00,2026-08-14,0.5273,cadp_finnhub,-0.16999999999995907,-0.04267175380907128,5.069999999999993,1.2763386451174366,1.9800000000000182,0.4946043165467672,3.089999999999975,0.7718824940047899,394.37,5.949999999999989,1.508735451479572
ALGM,Allegro Microsystems Inc,US,USD,USD,NASDAQ NMS - GLOBAL MARKET,2020-10-29,8158.818248368627,https://static2.finnhub.io/file/publicdatany/finnhubimage/stock_logo/950391473066.png,186.31,Semiconductors,16036262300,https://www.allegromicro.com/en,125.12,,20260816,AADP,33caedecde877e1e0f2fd449543e2dc3,44.39,0.26,45.01,43.53,44.06,44.13,2026-08-14 20:00:00,2026-08-14,0.5892,cadp_finnhub,0.07000000000000028,0.15887426236949678,1.4799999999999969,3.399954054674929,0.6199999999999974,1.396710970939395,0.8599999999999994,1.9373732822707803,42.46,1.9299999999999997,4.545454545454545
OVV,Ovintiv Inc,US,USD,USD,"NEW YORK STOCK EXCHANGE, INC.",2001-08-21,16353.893926062145,https://static2.finnhub.io/file/publicdatany/finnhubimage/stock_logo/OVV.png,276.72,Energy,13026365400,https://www.ovintiv.com/,275.41,,20260816,AADP,3452d89cfae7296362f44d9286f71350,63.02,0.71,63.57,62.625,63.03,62.31,2026-08-14 20:00:00,2026-08-14,1.1395,cadp_finnhub,-0.7199999999999989,-1.142313184197999,0.9450000000000003,1.508982035928144,0.5499999999999972,0.8727388130752097,0.3950000000000031,0.6267851475722042,60.02,3.0,4.998333888703765
PENN,PENN Entertainment Inc,US,USD,USD,NASDAQ NMS - GLOBAL MARKET,1994-05-26,2700.9590641470445,https://static2.finnhub.io/file/publicdatany/finnhubimage/stock_logo/PENN.png,133.74,"Hotels, Restaurants & Leisure",16103732400,https://www.pennentertainment.com/,125.86,,20260816,AADP,34bb69ee6ad782d532d4f36f25c6d031,18.79,-0.06,19.05,18.69,18.83,18.85,2026-08-14 20:00:00,2026-08-14,-0.3183,cadp_finnhub,0.020000000000003126,0.106213489113134,0.35999999999999943,1.9261637239165297,0.26000000000000156,1.3837147418839892,0.09999999999999787,0.5321979776476736,,,
WHR,Whirlpool Corp,US,USD,USD,"NEW YORK STOCK EXCHANGE, INC.",1955-09-19,2467.82,https://static2.finnhub.io/file/publicdatany/finnhubimage/stock_logo/WHR.png,64.82,Consumer products,16169235000,https://www.whirlpoolcorp.com/,64.33,,20260816,AADP,34c828df4db446b0db34ceaacb8a09cd,41.37,-1.48,42.99,41.16,42.5,42.85,2026-08-14 20:00:00,2026-08-14,-3.4539,cadp_finnhub,0.3500000000000014,0.8235294117647093,1.8300000000000054,4.446064139941704,1.6200000000000045,3.915881073241491,0.21000000000000085,0.5076142131979716,43.28,-1.9100000000000037,-4.413123844731986
SEZL,Sezzle Inc,US,USD,USD,NASDAQ NMS - GLOBAL MARKET,2019-07-30,3968.660634255083,https://static2.finnhub.io/file/publicdatany/finnhubimage/stock_logo/950509996486.png,33.63,Financial Services,13026587581,https://sezzle.com/,15.77,,20260816,AADP,351820e18429d6066316ce03ed8bc3d7,128.96,-0.91,136.593,128.679,130.29,129.87,2026-08-14 20:00:00,2026-08-14,-0.7007,cadp_finnhub,-0.4199999999999875,-0.32235781717705697,7.913999999999987,6.15018767631081,7.632999999999981,5.918889578163757,0.2810000000000059,0.21789702233251076,,,
FLS,Flowserve Corp,US,USD,USD,"NEW YORK STOCK EXCHANGE, INC.",1997-07-23,10162.666499515515,https://static2.finnhub.io/file/publicdatany/finnhubimage/stock_logo/FLS.png,127.11,Machinery,19724436500,https://www.flowserve.com,126.32,,20260816,AADP,3532fc37abd64c1966f5fcef3e5b219e,80.87,-0.28,82.1,79.89,81.38,81.15,2026-08-14 20:00:00,2026-08-14,-0.345,cadp_finnhub,-0.22999999999998977,-0.2826247235192797,2.2099999999999937,2.7663036675428634,1.2299999999999898,1.5209595647335101,0.980000000000004,1.2118214418202102,79.95,0.9200000000000017,1.1507191994996895
SDGR,Schrodinger Inc,US,USD,USD,NASDAQ NMS - GLOBAL MARKET,2020-02-06,1356.928358607524,https://static2.finnhub.io/file/publicdatany/finnhubimage/stock_logo/942978734846.png,74.72,Health Care,13026587581,https://www.schrodinger.com,63.52,,20260816,AADP,359521e40c05185d3127a265d57a33b4,17.59,-0.87,18.495,17.58,18.46,18.46,2026-08-14 20:00:00,2026-08-14,-4.7129,cadp_finnhub,,,0.9150000000000027,5.2047781569966025,0.9050000000000011,5.144968732234231,0.010000000000001563,0.05685048322911634,,,
ZBH,"Zimmer Biomet Holdings, Inc",US,USD,USD,"NEW YORK STOCK EXCHANGE, INC.",2001-07-25,18371.2,https://static2.finnhub.io/file/publicdatany/finnhubimage/stock_logo/ZBH.png,193.46,Health Care,15742676131,https://www.zimmerbiomet.com/en,193.07,,20260816,AADP,35c02e1dc409fca2fb3e8d41f929a1c8,100.65,1.08,101.155,98.97,99.59,99.57,2026-08-14 20:00:00,2026-08-14,1.0847,cadp_finnhub,-0.020000000000010232,-0.02008233758410506,2.1850000000000023,2.2077397191068027,0.5049999999999955,0.5017386984600054,1.6800000000000068,1.6691505216095446,97.78,2.8700000000000045,2.935160564532629
OPLN,Openlane Inc,US,USD,USD,"NEW YORK STOCK EXCHANGE, INC.",2009-12-11,4541.0497511323765,https://static2.finnhub.io/file/publicdatany/finnhubimage/stock_logo/KAR.png,105.95,Commercial Services & Supplies,13026365400,https://www.openlane.com/,87.58,,20260816,AADP,35c32d0f3826d047521f22e0665947d7,35.5,0.2,36.03,35.0,35.03,35.3,2026-08-14 20:00:00,2026-08-14,0.5666,cadp_finnhub,0.269999999999996,0.7707679132172309,1.0300000000000011,2.942857142857146,0.5300000000000011,1.4929577464788764,0.5,1.4084507042253522,,,
CHTR,Charter Communications Inc,US,USD,USD,NASDAQ NMS - GLOBAL MARKET,2009-12-02,20410.997040539125,https://static2.finnhub.io/file/publicdatany/finnhubimage/stock_logo/CHTR.png,119.28,Media,12039057801,https://corporate.charter.com/,76.74,,20260816,AADP,35cb992f2f554bd59b7b132fc2fd0930,154.27,-2.26,158.66,154.03,158.625,156.53,2026-08-14 20:00:00,2026-08-14,-1.4438,cadp_finnhub,-2.094999999999999,-1.3207249802994476,4.6299999999999955,3.0059079400116833,4.389999999999986,2.845660206132097,0.2400000000000091,0.15557140079082715,152.57,1.700000000000017,1.114242642721385
PRIM,Primoris Services Corp,US,USD,USD,"NEW YORK STOCK EXCHANGE, INC.",2006-10-04,4448.165396380702,https://static2.finnhub.io/file/publicdatany/finnhubimage/stock_logo/PRIM.png,54.25,Construction,12147405600,https://www.prim.com/,53.65,,20260816,AADP,3644c9f85ce05f1dc45cc598e817aab7,83.3,2.43,83.84,80.645,80.8,80.87,2026-08-14 20:00:00,2026-08-14,3.0048,cadp_finnhub,0.07000000000000739,0.08663366336634579,3.1950000000000074,3.9618079236158565,0.5400000000000063,0.6482593037214961,2.655000000000001,3.187274909963987,,,
DRH,Diamondrock Hospitality Co,US,USD,USD,NASDAQ NMS - GLOBAL MARKET,2005-05-26,2571.587283889197,https://static2.finnhub.io/file/publicdatany/finnhubimage/stock_logo/942958992396.png,204.49,Real Estate,12407441150,https://drhc.com/,201.49,,20260816,AADP,3688ba31c6ee0ecefa0de50c7063405f,12.36,0.07,12.505,12.23,12.25,12.29,2026-08-14 20:00:00,2026-08-14,0.5696,cadp_finnhub,0.03999999999999915,0.326530612244891,0.27500000000000036,2.248569092395751,0.14500000000000135,1.1731391585760629,0.129999999999999,1.051779935275073,,,
HSIC,Henry Schein Inc,US,USD,USD,NASDAQ NMS - GLOBAL MARKET,1995-11-03,9821.784017492462,https://static2.finnhub.io/file/publicdatany/finnhubimage/stock_logo/HSIC.png,113.92,Health Care,13026365400,https://www.henryschein.com/,97.22,,20260816,AADP,36a10b2e61ce192144cf6669e38bba39,89.77,-0.35,90.67,89.46,90.09,90.12,2026-08-14 20:00:00,2026-08-14,-0.3884,cadp_finnhub,0.030000000000001137,0.033300033300034566,1.210000000000008,1.3525598032640376,0.9000000000000057,1.0025621031525072,0.3100000000000023,0.3453269466414195,88.08,1.6899999999999977,1.9187102633969093
HWKN,Hawkins Inc,US,USD,USD,NASDAQ NMS - GLOBAL MARKET,1980-03-18,2711.8863390619854,https://static2.finnhub.io/file/publicdatany/finnhubimage/stock_logo/942959066736.png,20.88,Chemicals,16123316910,https://www.hawkinsinc.com/,19.12,,20260816,AADP,370a31e6b4d59786dcb0661656fe5143,131.05,3.0,131.565,127.4,127.52,128.05,2026-08-14 20:00:00,2026-08-14,2.3428,cadp_finnhub,0.5300000000000153,0.4156210790464361,4.164999999999992,3.269230769230763,0.5149999999999864,0.39297977871040546,3.6500000000000057,2.7851964898893593,,,
SFM,Sprouts Farmers Market Inc,US,USD,USD,NASDAQ NMS - GLOBAL MARKET,2013-08-01,8006.240995852293,https://static2.finnhub.io/file/publicdatany/finnhubimage/stock_logo/SFM.png,93.25,Retail,13026365400,https://www.sprouts.com/,92.6,,20260816,AADP,3735e5f71a9586d54ef4c8ff43fe312a,82.5,-0.18,83.445,81.91,82.41,82.68,2026-08-14 20:00:00,2026-08-14,-0.2177,cadp_finnhub,0.27000000000001023,0.32763014197307394,1.5349999999999966,1.8740080576242175,0.9449999999999932,1.1454545454545373,0.5900000000000034,0.7151515151515192,87.34,-4.840000000000003,-5.5415617128463515
RBA.TO,RB Global Inc,US,USD,USD,TORONTO STOCK EXCHANGE,2004-01-27,24064.888056,https://static2.finnhub.io/file/publicdatany/finnhubimage/stock_logo/RBA.TO.png,186.3,Commercial Services & Supplies,17084927000,https://www.rbauction.com,185.85,,20260816,AADP,3770c6ab578a077c6225f557346da396,84.26,-2.15,86.705,83.59,86.4,86.41,2026-08-14 20:00:00,2026-08-14,-2.4881,cadp_finnhub,0.009999999999990905,0.011574074074063547,3.114999999999995,3.7265223112812476,2.444999999999993,2.90173273201993,0.6700000000000017,0.7951578447662018,94.72,-10.459999999999994,-11.043074324324317
PYPL,PayPal Holdings Inc,US,USD,USD,NASDAQ NMS - GLOBAL MARKET,2015-07-06,50532.07294111024,https://static2.finnhub.io/file/publicdatany/finnhubimage/stock_logo/PYPL.png,855.46,Financial Services,13026587581,https://www.paypal.com/,849.44,,20260816,AADP,3791788b4f67550fd728263d8bb0973a,61.66,1.07,62.31,59.34,60.52,60.59,2026-08-14 20:00:00,2026-08-14,1.766,cadp_finnhub,0.07000000000000028,0.1156642432253805,2.969999999999999,5.005055611729016,0.6500000000000057,1.054168018164135,2.319999999999993,3.762568926370408,59.07,2.5899999999999963,4.38462840697477
AMCR,Amcor PLC,CH,USD,USD,"NEW YORK STOCK EXCHANGE, INC.",2019-06-11,22127.864536882276,https://static2.finnhub.io/file/publicdatany/finnhubimage/stock_logo/AMCR.png,462.35,Packaging,41443161717,https://www.amcor.com/,461.29,,20260816,AADP,38609a75c87ef534161f94cdb6a077c3,,,,,,,,,,cadp_finnhub,,,,,,,,,,,
EPAC,Enerpac Tool Group Corp,US,USD,USD,"NEW YORK STOCK EXCHANGE, INC.",1987-08-06,1928.9119495632674,https://static2.finnhub.io/file/publicdatany/finnhubimage/stock_logo/942959034716.png,51.14,Machinery,12622931500,https://www.enerpactoolgroup.com/,50.44,,20260816,AADP,388004463322929b5cf805119d7c61df,36.94,0.03,37.08,36.675,36.87,36.91,2026-08-14 20:00:00,2026-08-14,0.0813,cadp_finnhub,0.03999999999999915,0.10848928668293777,0.40500000000000114,1.1042944785276105,0.14000000000000057,0.37899296155928686,0.26500000000000057,0.7173795343800774,,,
NXPI,NXP Semiconductors NV,NL,USD,USD,NASDAQ NMS - GLOBAL MARKET,2010-08-06,60446.27270710177,https://static2.finnhub.io/file/publicdatany/finnhubimage/stock_logo/NXPI.png,252.16,Semiconductors,31402728686.0,https://www.nxp.com/,251.78,,20260816,AADP,38b41a92c8ca6d1e927a989344b6b8dd,234.71,2.8,234.75,231.1,231.61,231.91,2026-08-14 20:00:00,2026-08-14,1.2074,cadp_finnhub,0.29999999999998295,0.12952808600664173,3.6500000000000057,1.5794028559065365,0.03999999999999204,0.017042307528435958,3.6100000000000136,1.5380682544416573,239.71,-5.0,-2.0858537399357555
XEL,Xcel Energy Inc,US,USD,USD,NASDAQ NMS - GLOBAL MARKET,1949-02-28,48836.61,https://static2.finnhub.io/file/publicdatany/finnhubimage/stock_logo/XEL.png,624.27,Utilities,6123305500,https://mn.my.xcelenergy.com/s/,623.34,,20260816,AADP,38fb83afc951094fb8b90ad0cbe7b102,79.17,0.19,79.325,78.73,78.95,78.98,2026-08-14 20:00:00,2026-08-14,0.2406,cadp_finnhub,0.030000000000001137,0.037998733375555586,0.5949999999999989,0.7557474914263925,0.15500000000000114,0.19578123026399033,0.4399999999999977,0.5557660730074495,78.02,1.1500000000000057,1.473981030505006
HST,"Host Hotels and Resorts, Inc",US,USD,USD,NASDAQ NMS - GLOBAL MARKET,1998-12-29,15950.837682692472,https://static2.finnhub.io/file/publicdatany/finnhubimage/stock_logo/942959121596.png,684.88,Real Estate,12407441000,https://www.hosthotels.com/,674.63,,20260816,AADP,3923efd2a703a1a6b6f34a26affa45ae,22.9,0.15,23.05,22.675,22.76,22.75,2026-08-14 20:00:00,2026-08-14,0.6593,cadp_finnhub,-0.010000000000001563,-0.04393673110721249,0.375,1.65380374862183,0.15000000000000213,0.6550218340611447,0.22499999999999787,0.9825327510916937,23.29,-0.39000000000000057,-1.6745384285100928
UFCS,United Fire Group Inc,US,USD,USD,NASDAQ NMS - GLOBAL MARKET,1980-03-18,1400.1752491711268,https://static2.finnhub.io/file/publicdatany/finnhubimage/stock_logo/950372699336.png,25.66,Insurance,13193995700,https://www.ufginsurance.com/,21.18,,20260816,AADP,39426932798cfb97353c32133a25e5ef,54.28,0.56,54.375,53.16,53.65,53.72,2026-08-14 20:00:00,2026-08-14,1.0424,cadp_finnhub,0.07000000000000028,0.13047530288909653,1.2150000000000034,2.2855530474040697,0.09499999999999886,0.17501842299189177,1.1200000000000045,2.063375092114968,,,
HE,Hawaiian Electric Industries Inc,US,USD,USD,"NEW YORK STOCK EXCHANGE, INC.",1981-01-01,2140.681650472378,https://static2.finnhub.io/file/publicdatany/finnhubimage/stock_logo/HE.png,172.64,Utilities,18085435662,https://www.hei.com/,172.01,,20260816,AADP,395f58988e24336d4667220804ba6aba,11.73,-0.1,11.92,11.705,11.82,11.83,2026-08-14 20:00:00,2026-08-14,-0.8453,cadp_finnhub,0.009999999999999787,0.08460236886632645,0.21499999999999986,1.8368218709952997,0.1899999999999995,1.6197783461210529,0.025000000000000355,0.21312872975277367,,,
DBX,Dropbox Inc,US,USD,USD,NASDAQ NMS - GLOBAL MARKET,2018-03-23,7833.433345491316,https://static2.finnhub.io/file/publicdatany/finnhubimage/stock_logo/DBX.png,225.03,Technology,14159307766,https://www.dropbox.com/,138.15,,20260816,AADP,398d319de9e8a18bc5694d55d36ab734,34.42,-1.51,36.3,34.305,36.22,35.93,2026-08-14 20:00:00,2026-08-14,-4.2026,cadp_finnhub,-0.28999999999999915,-0.8006626173384848,1.9949999999999974,5.815478793178829,1.8799999999999955,5.461940732132468,0.11500000000000199,0.334108076699599,34.81,-0.39000000000000057,-1.1203677104280396
WMG,Warner Music Group Corp,US,USD,USD,NASDAQ NMS - GLOBAL MARKET,2020-06-03,14375.72,https://static2.finnhub.io/file/publicdatany/finnhubimage/stock_logo/WMG.png,521.62,Media,13026365401,https://www.wmg.com/,144.56,,20260816,AADP,39b03805f7de042cd65ae9b9e7663599,25.65,0.31,25.95,25.38,25.38,25.34,2026-08-14 20:00:00,2026-08-14,1.2234,cadp_finnhub,-0.03999999999999915,-0.1576044129235585,0.5700000000000003,2.2458628841607577,0.3000000000000007,1.1695906432748566,0.2699999999999996,1.0526315789473668,26.41,-0.7600000000000016,-2.877697841726625
DOCU,DocuSign Inc,US,USD,USD,NASDAQ NMS - GLOBAL MARKET,2018-04-27,11506.322542791562,https://static2.finnhub.io/file/publicdatany/finnhubimage/stock_logo/DOCU.png,190.94,Technology,13026365400,https://www.docusign.com/,189.97,,20260816,AADP,39d400666f10659faa6c2e9a00301bf8,62.04,-2.05,65.25,60.445,64.95,64.09,2026-08-14 20:00:00,2026-08-14,-3.1986,cadp_finnhub,-0.8599999999999994,-1.324095458044649,4.805,7.949375465299031,3.210000000000001,5.174081237911027,1.5949999999999989,2.570921985815601,60.26,1.7800000000000011,2.953866578161303
APPF,Appfolio Inc,US,USD,USD,NASDAQ NMS - GLOBAL MARKET,2015-06-26,7038.847740401009,https://static2.finnhub.io/file/publicdatany/finnhubimage/stock_logo/APPF.png,35.42,Technology,13026365400,https://www.appfolio.com/,22.7,,20260816,AADP,39f316f2f1787636654d920dcd784cce,204.21,0.24,205.0,199.64,205.0,203.97,2026-08-14 20:00:00,2026-08-14,0.1177,cadp_finnhub,-1.0300000000000011,-0.5024390243902445,5.360000000000014,2.684832698857951,0.789999999999992,0.38685666715635475,4.570000000000022,2.237892365701984,199.54,4.670000000000016,2.3403828806254467
EQIX,Equinix Inc,US,USD,USD,NASDAQ NMS - GLOBAL MARKET,2000-08-11,102877.07001718272,https://static2.finnhub.io/file/publicdatany/finnhubimage/stock_logo/942959004916.png,98.67,Real Estate,16505986000,https://www.equinix.com/,98.35,,20260816,AADP,3a5135a7b37c10bb9e9dfb0806d2a513,1102.1,28.32,1105.94,1072.595,1080.0,1073.78,2026-08-14 20:00:00,2026-08-14,2.6374,cadp_finnhub,-6.220000000000027,-0.5759259259259284,33.34500000000003,3.1088155361529775,3.8400000000001455,0.34842573269214644,29.50499999999988,2.6771617820524347,1056.69,45.409999999999854,4.297381445835567
XNCR,Xencor Inc,US,USD,USD,NASDAQ NMS - GLOBAL MARKET,2013-12-03,1593.3,https://static2.finnhub.io/file/publicdatany/finnhubimage/stock_logo/XNCR.png,74.14,Biotechnology,13026587581,https://xencor.com/,73.23,,20260816,AADP,3a874cac28a3779f9c572d3ef17bc949,23.34,0.35,23.45,22.5,22.91,22.99,2026-08-14 20:00:00,2026-08-14,1.5224,cadp_finnhub,0.0799999999999983,0.3491924923614068,0.9499999999999993,4.222222222222219,0.10999999999999943,0.47129391602399073,0.8399999999999999,3.598971722365038,,,
AORT,Artivion Inc,US,USD,USD,"NEW YORK STOCK EXCHANGE, INC.",1993-02-12,1316.4956433240498,https://static2.finnhub.io/file/publicdatany/finnhubimage/stock_logo/942959038266.png,48.54,Health Care,17704193355,https://artivion.com/,44.44,,20260816,AADP,3a900d4aee0e2976d99920f216c4bb56,29.14,0.73,29.24,28.27,28.84,28.41,2026-08-14 20:00:00,2026-08-14,2.5695,cadp_finnhub,-0.4299999999999997,-1.4909847434119268,0.9699999999999989,3.4311991510435047,0.09999999999999787,0.34317089910774834,0.870000000000001,2.9855868222374777,,,
VEEV,Veeva Systems Inc,US,USD,USD,"NEW YORK STOCK EXCHANGE, INC.",2013-10-16,34182.94238998867,https://static2.finnhub.io/file/publicdatany/finnhubimage/stock_logo/VEEV.png,162.44,Health Care,13026365400,https://www.veeva.com/medtech/,148.28,,20260816,AADP,3a97b85a6429410a2b03c57965741359,243.75,-8.89,253.48,243.49,251.8,252.64,2026-08-14 20:00:00,2026-08-14,-3.5188,cadp_finnhub,0.839999999999975,0.3335980937251688,9.98999999999998,4.10283789888701,9.72999999999999,3.9917948717948675,0.2599999999999909,0.10666666666666294,234.69,9.060000000000002,3.860411606800461
PFGC,Performance Food Group Co,US,USD,USD,"NEW YORK STOCK EXCHANGE, INC.",2015-10-01,18049.62333580468,https://static2.finnhub.io/file/publicdatany/finnhubimage/stock_logo/PFGC.png,157.09,Retail,13026587581,https://www.pfgc.com/,150.08,,20260816,AADP,3a9a04d3e5e8771919df004510cdc85c,107.25,2.77,107.35,103.27,104.46,104.48,2026-08-14 20:00:00,2026-08-14,2.6512,cadp_finnhub,0.020000000000010232,0.01914608462570384,4.079999999999998,3.9508085600852123,0.09999999999999432,0.09324009324008793,3.980000000000004,3.710955710955715,113.79,-6.540000000000006,-5.747429475349333
FELE,Franklin Electric Co Inc,US,USD,USD,NASDAQ NMS - GLOBAL MARKET,1980-03-17,4839.386922406659,https://static2.finnhub.io/file/publicdatany/finnhubimage/stock_logo/FELE.png,44.21,Machinery,12608242900,https://franklin-electric.com/,40.89,,20260816,AADP,3a9fa3b81df186f025adacf828d646f8,105.77,-0.17,106.38,104.72,105.48,105.94,2026-08-14 20:00:00,2026-08-14,-0.1605,cadp_finnhub,0.45999999999999375,0.4361016306408738,1.6599999999999966,1.5851795263559936,0.6099999999999994,0.5767230783776113,1.0499999999999972,0.9927200529450668,,,
ZD,Ziff Davis Inc,US,USD,USD,NASDAQ NMS - GLOBAL MARKET,1982-09-16,1937.91,https://static2.finnhub.io/file/publicdatany/finnhubimage/stock_logo/ZD.png,36.84,Media,12125033500,https://www.ziffdavis.com/,32.8,,20260816,AADP,3aa0ca8801c8e3edcb9388378095e26e,55.38,-0.53,55.79,54.97,55.79,55.91,2026-08-14 20:00:00,2026-08-14,-0.948,cadp_finnhub,0.11999999999999744,0.21509231044989685,0.8200000000000003,1.4917227578679284,0.4099999999999966,0.7403394727338327,0.4100000000000037,0.7403394727338456,,,
NUE,Nucor Corp,US,USD,USD,"NEW YORK STOCK EXCHANGE, INC.",1972-07-12,62089.01561746816,https://static2.finnhub.io/file/publicdatany/finnhubimage/stock_logo/NUE.png,227.74,Metals & Mining,13026587581,https://nucor.com/,222.45,,20260816,AADP,3aa62882c26c8484ee800479c189bcdd,268.91,-3.38,274.74,267.5975,273.0,272.29,2026-08-14 20:00:00,2026-08-14,-1.2413,cadp_finnhub,-0.7099999999999795,-0.2600732600732526,7.142499999999984,2.6691206009024686,5.829999999999984,2.1680116023948472,1.3125,0.488081514261277,274.61,-5.699999999999989,-2.0756709515312584
FISV,Fiserv Inc,US,USD,USD,NASDAQ NMS - GLOBAL MARKET,1986-09-25,27947.843939626317,https://static2.finnhub.io/file/publicdatany/finnhubimage/stock_logo/FISV.png,533.25,Financial Services,12628795000,https://www.fiserv.com/,529.13,,20260816,AADP,3aa846c61c6d59971ec3a2ac92bfc534,54.39,-1.11,55.79,54.105,55.54,55.5,2026-08-14 20:00:00,2026-08-14,-2.0,cadp_finnhub,-0.03999999999999915,-0.07202016564637945,1.6850000000000023,3.1143147583402686,1.3999999999999986,2.5740025740025714,0.2850000000000037,0.523993381136245,52.41,1.980000000000004,3.7779049799656637
PAHC,Phibro Animal Health Corp,US,USD,USD,NASDAQ NMS - GLOBAL MARKET,2014-04-11,1390.964101980845,https://static2.finnhub.io/file/publicdatany/finnhubimage/stock_logo/PAHC.png,40.56,Pharmaceuticals,12013297300,https://www.pahc.com/,20.88,,20260816,AADP,3afb53c5635eb182e54c4a94b04b7c4e,34.36,0.3,34.68,34.03,34.03,34.06,2026-08-14 20:00:00,2026-08-14,0.8808,cadp_finnhub,0.030000000000001137,0.08815750808110824,0.6499999999999986,1.9100793417572686,0.3200000000000003,0.9313154831199077,0.3299999999999983,0.960419091967399,,,
VCTR,Victory Capital Holdings Inc,US,USD,USD,NASDAQ NMS - GLOBAL MARKET,2018-02-08,6677.6967885678705,https://static2.finnhub.io/file/publicdatany/finnhubimage/stock_logo/VCTR.png,62.53,Financial Services,12168982400,https://www.vcm.com/,51.87,,20260816,AADP,3b1d534f6cb1be6cde4b106ba08604a9,118.235,0.065,118.81,116.62,117.82,118.17,2026-08-14 20:00:00,2026-08-14,0.055,cadp_finnhub,0.3500000000000085,0.2970633169241288,2.1899999999999977,1.8778940147487548,0.5750000000000028,0.4863196177104942,1.6149999999999949,1.3659237958303336,,,
GWW,WW Grainger Inc,US,USD,USD,"NEW YORK STOCK EXCHANGE, INC.",1975-07-29,60173.80473537358,https://static2.finnhub.io/file/publicdatany/finnhubimage/stock_logo/GWW.png,47.21,Trading Companies & Distributors,18475351000,https://www.grainger.com/,44.25,,20260816,AADP,3b5f6b4035643e5db0e4d91ec5a85727,1322.64,1.26,1329.9,1314.55,1328.3,1321.38,2026-08-14 20:00:00,2026-08-14,0.0954,cadp_finnhub,-6.919999999999845,-0.5209666491003422,15.350000000000136,1.1676999733749296,7.259999999999991,0.5489021956087816,8.090000000000146,0.6116554769249489,1277.55,45.090000000000146,3.5294117647058942
RYAN,Ryan Specialty Holdings Inc,US,USD,USD,"NEW YORK STOCK EXCHANGE, INC.",2021-07-22,10959.105835477401,https://static2.finnhub.io/file/publicdatany/finnhubimage/stock_logo/950810564516.png,263.66,Insurance,13127846001,https://ryanspecialty.com/,111.63,,20260816,AADP,3b7d0d3b85a676e585e823afe5f4ffb9,41.82,-1.0,43.14,41.7,42.89,42.82,2026-08-14 20:00:00,2026-08-14,-2.3354,cadp_finnhub,-0.07000000000000028,-0.163208207041269,1.4399999999999977,3.453237410071937,1.3200000000000003,3.1563845050215216,0.11999999999999744,0.2869440459110412,42.45,-0.6300000000000026,-1.4840989399293345
CNS,Cohen & Steers Inc,US,USD,USD,"NEW YORK STOCK EXCHANGE, INC.",2004-08-13,4298.840219322917,https://static2.finnhub.io/file/publicdatany/finnhubimage/stock_logo/CNS.png,51.41,Financial Services,12128323232,https://www.cohenandsteers.com/,27.71,,20260816,AADP,3c14056e13c60c353e60f6c2ffecb50f,84.74,-0.91,86.0,84.5,85.92,85.65,2026-08-14 20:00:00,2026-08-14,-1.0625,cadp_finnhub,-0.269999999999996,-0.3142458100558613,1.5,1.7751479289940828,1.2600000000000051,1.4869011092754367,0.23999999999999488,0.28321925890959987,,,
EXLS,Exlservice Holdings Inc,US,USD,USD,NASDAQ NMS - GLOBAL MARKET,2006-10-20,5289.76020855078,https://static2.finnhub.io/file/publicdatany/finnhubimage/stock_logo/EXLS.png,151.61,Professional Services,12122777100,https://www.exlservice.com/,147.36,,20260816,AADP,3c344557cc4d2566206bee96c15d299b,34.815,-0.555,35.74,34.52,35.64,35.37,2026-08-14 20:00:00,2026-08-14,-1.5691,cadp_finnhub,-0.2700000000000031,-0.7575757575757663,1.2199999999999989,3.5341830822711437,0.9250000000000043,2.6569007611661766,0.2949999999999946,0.8473359184259504,34.89,-0.07500000000000284,-0.2149613069647545
MGEE,MGE Energy Inc,US,USD,USD,NASDAQ NMS - GLOBAL MARKET,1980-03-17,3080.908267680891,https://static2.finnhub.io/file/publicdatany/finnhubimage/stock_logo/942959070546.png,37.75,Utilities,16082527000,https://www.mgeenergy.com/en/,37.62,,20260816,AADP,3c36516786fc7902374fe2b286772c78,81.73,0.73,82.23,80.85,81.0,81.0,2026-08-14 20:00:00,2026-08-14,0.9012,cadp_finnhub,,,1.3800000000000097,1.7068645640074331,0.5,0.6117704637220115,0.8800000000000097,1.076716016150752,,,
RNG,RingCentral Inc,US,USD,USD,"NEW YORK STOCK EXCHANGE, INC.",2013-09-27,5261.7233472845355,https://static2.finnhub.io/file/publicdatany/finnhubimage/stock_logo/RNG.png,83.51,Technology,13026587581,https://www.ringcentral.com/,72.8,,20260816,AADP,3c5f468ed812c5b6d7f34b6a6d40202e,64.49,-3.29,67.99,63.43,67.71,67.78,2026-08-14 20:00:00,2026-08-14,-4.8539,cadp_finnhub,0.07000000000000739,0.10338207059519626,4.559999999999995,7.189027274160484,3.5,5.427198015196155,1.0599999999999952,1.6436656846022566,,,
HCA,HCA Healthcare Inc,US,USD,USD,"NEW YORK STOCK EXCHANGE, INC.",2010-12-28,89493.06132893835,https://static2.finnhub.io/file/publicdatany/finnhubimage/stock_logo/HCA.png,216.5,Health Care,13026587581,https://hcahealthcare.com/,143.73,,20260816,AADP,3cbac4bce39b0651228f57c1cc39528f,404.68,-7.06,412.69,403.78,410.46,411.74,2026-08-14 20:00:00,2026-08-14,-1.7147,cadp_finnhub,1.2800000000000296,0.31184524679628456,8.910000000000025,2.2066471841101656,8.009999999999991,1.9793417020855963,0.9000000000000341,0.22239794405457006,413.36,-8.680000000000007,-2.099864524869365
APP,Applovin Corp,US,USD,USD,NASDAQ NMS - GLOBAL MARKET,2021-04-15,116503.9947977907,https://static2.finnhub.io/file/publicdatany/finnhubimage/stock_logo/APP.png,335.94,Technology,13023513367,https://www.applovin.com/,261.82,,20260816,AADP,3d01d88e56e73392874cde0ca3d2e6c6,,,,,,,,,,cadp_finnhub,,,,,,,,,,,
BROS,Dutch Bros Inc,US,USD,USD,"NEW YORK STOCK EXCHANGE, INC.",2021-09-15,8735.180284051377,https://static2.finnhub.io/file/publicdatany/finnhubimage/stock_logo/950811788196.png,174.65,"Hotels, Restaurants & Leisure",13026587581,https://investors.dutchbros.com/overview/default.aspx,127.77,,20260816,AADP,3d16b090715cf30ec96404d2dcd0c1d1,52.02,0.89,52.5478,51.2,51.23,51.13,2026-08-14 20:00:00,2026-08-14,1.7407,cadp_finnhub,-0.09999999999999432,-0.19519812609797837,1.3477999999999994,2.632421874999999,0.5277999999999992,1.0146097654748156,0.8200000000000003,1.5763168012302966,53.01,-0.9899999999999949,-1.8675721561969345
CVNA,Carvana Co,US,USD,USD,"NEW YORK STOCK EXCHANGE, INC.",2017-04-28,77967.85590062333,https://static2.finnhub.io/file/publicdatany/finnhubimage/stock_logo/CVNA.png,1100.46,Retail,13026365400,https://www.carvana.com/,698.59,,20260816,AADP,3d560387b12e15c6f30798a9b1aa9005,75.59,1.89,76.07,73.65,73.82,73.7,2026-08-14 20:00:00,2026-08-14,2.5645,cadp_finnhub,-0.11999999999999034,-0.16255757247357133,2.4199999999999875,3.2858112695179735,0.47999999999998977,0.6350046302420819,1.9399999999999977,2.5664770472284664,70.85,4.740000000000009,6.690190543401566
GIII,G-III Apparel Group Ltd,US,USD,USD,NASDAQ NMS - GLOBAL MARKET,1989-12-14,1496.077795695834,https://static2.finnhub.io/file/publicdatany/finnhubimage/stock_logo/GIII.png,42.19,"Textiles, Apparel & Luxury Goods",12124030500,https://www.giii.com/,35.68,,20260816,AADP,3d6ab738da23272a935a477360249e64,33.9,0.1,34.05,33.52,33.81,33.8,2026-08-14 20:00:00,2026-08-14,0.2959,cadp_finnhub,-0.010000000000005116,-0.02957704821060371,0.529999999999994,1.5811455847255191,0.14999999999999858,0.4424778761061905,0.37999999999999545,1.1209439528023466,,,
WM,Waste Management Inc,US,USD,USD,"NEW YORK STOCK EXCHANGE, INC.",1988-06-22,90467.54,https://static2.finnhub.io/file/publicdatany/finnhubimage/stock_logo/WM.png,399.72,Commercial Services & Supplies,13026587581,https://www.wm.com/,398.36,,20260816,AADP,3db1735710fb21c865e07fd1fa4da591,224.55,0.34,225.93,223.7,225.31,224.21,2026-08-14 20:00:00,2026-08-14,0.1516,cadp_finnhub,-1.0999999999999943,-0.4882162354089895,2.230000000000018,0.9968708091193644,1.3799999999999955,0.614562458249831,0.8500000000000227,0.37853484747273336,226.6,-2.049999999999983,-0.9046778464254118
HLT,Hilton Worldwide Holdings Inc,US,USD,USD,"NEW YORK STOCK EXCHANGE, INC.",2013-12-12,71480.61813766569,https://static2.finnhub.io/file/publicdatany/finnhubimage/stock_logo/HLT.png,225.06,"Hotels, Restaurants & Leisure",17038831000,https://www.hilton.com,220.09,,20260816,AADP,3dc41972ba6cbc5f5e0edfaae873e560,327.21,6.39,328.66,319.99,321.84,320.82,2026-08-14 20:00:00,2026-08-14,1.9918,cadp_finnhub,-1.0199999999999818,-0.3169276659209489,8.670000000000016,2.7094596706147116,1.4500000000000455,0.44314049081630924,7.21999999999997,2.2065340301335445,317.6,9.609999999999957,3.0258186397984748
STAA,STAAR Surgical Co,US,USD,USD,NASDAQ NMS - GLOBAL MARKET,1992-02-24,1205.379578717128,https://static2.finnhub.io/file/publicdatany/finnhubimage/stock_logo/STAA.png,49.79,Health Care,16263037902,https://www.staar.com/,49.4,,20260816,AADP,3dd8ae456fbe2a1c25069e6163900681,26.18,0.85,26.245,24.81,25.15,25.33,2026-08-14 20:00:00,2026-08-14,3.3557,cadp_finnhub,0.17999999999999972,0.7157057654075536,1.4350000000000023,5.783958081418792,0.06500000000000128,0.24828113063407672,1.370000000000001,5.233002291825825,,,
DEA,Easterly Government Properties Inc,US,USD,USD,"NEW YORK STOCK EXCHANGE, INC.",2015-02-06,1181.1475341165128,https://static2.finnhub.io/file/publicdatany/finnhubimage/stock_logo/950441784686.png,46.45,Real Estate,12025959500,https://easterlyreit.com/,43.7,,20260816,AADP,3de4c4ef3c0fd947e7d2f16cf624e902,24.79,-0.07,24.97,24.68,24.78,24.86,2026-08-14 20:00:00,2026-08-14,-0.2816,cadp_finnhub,0.0799999999999983,0.3228410008070956,0.28999999999999915,1.1750405186385702,0.17999999999999972,0.7260992335619191,0.10999999999999943,0.44372730939894894,,,
BCPC,Balchem Corp,US,USD,USD,NASDAQ NMS - GLOBAL MARKET,1986-06-03,5719.87329329132,https://static2.finnhub.io/file/publicdatany/finnhubimage/stock_logo/BCPC.png,32.13,Chemicals,18453265600,https://balchem.com/,31.92,,20260816,AADP,3de595b369d57b3aec2b1f6f2b2f4b55,178.51,1.37,178.56,174.55,177.36,177.14,2026-08-14 20:00:00,2026-08-14,0.7734,cadp_finnhub,-0.22000000000002728,-0.12404149751918542,4.009999999999991,2.2973360068748154,0.05000000000001137,0.028009635314554575,3.9599999999999795,2.2183631169122067,,,
MTB,M&T Bank Corp,US,USD,USD,"NEW YORK STOCK EXCHANGE, INC.",1980-03-17,36169.05217041857,https://static2.finnhub.io/file/publicdatany/finnhubimage/stock_logo/MTB.png,144.93,Banking,17165593172,https://www.mtb.com/,144.41,,20260816,AADP,3e258e4afaaad91aa845adc4ee23de6d,254.09,0.84,255.63,252.5,253.15,253.25,2026-08-14 20:00:00,2026-08-14,0.3317,cadp_finnhub,0.09999999999999432,0.03950227138060214,3.1299999999999955,1.2396039603960378,1.539999999999992,0.6060844582628172,1.5900000000000034,0.6257625250895366,251.45,2.640000000000015,1.0499105189898648
DXC,DXC Technology Co,US,USD,USD,"NEW YORK STOCK EXCHANGE, INC.",1968-10-26,1732.000985817854,https://static2.finnhub.io/file/publicdatany/finnhubimage/stock_logo/DXC.png,162.08,Technology,17032459675,https://dxc.com/us/en,159.54,,20260816,AADP,3e29bf42871e05361e826d070a5976ec,10.79,-0.41,11.38,10.72,11.3,11.2,2026-08-14 20:00:00,2026-08-14,-3.6607,cadp_finnhub,-0.10000000000000142,-0.8849557522124019,0.6600000000000001,6.156716417910449,0.5900000000000016,5.4680259499536765,0.06999999999999851,0.6487488415199121,,,
ORLY,O'Reilly Automotive Inc,US,USD,USD,NASDAQ NMS - GLOBAL MARKET,1993-04-23,77509.72444996209,https://static2.finnhub.io/file/publicdatany/finnhubimage/stock_logo/ORLY.png,816.17,Retail,14178295878,https://corporate.oreillyauto.com/,811.9,,20260816,AADP,3e351e13ec92b6dd3f0e254df7286bd5,91.05,-1.53,92.45,90.85,92.31,92.58,2026-08-14 20:00:00,2026-08-14,-1.6526,cadp_finnhub,0.269999999999996,0.2924926876828036,1.6000000000000085,1.761144744083664,1.4000000000000057,1.5376166941241138,0.20000000000000284,0.2196595277320185,93.53,-2.480000000000004,-2.6515556505933966
TRST,TrustCo Bank Corp NY,US,USD,USD,NASDAQ NMS - GLOBAL MARKET,1983-04-20,938.0725131443556,https://static2.finnhub.io/file/publicdatany/finnhubimage/stock_logo/942959082006.png,17.03,Banking,15183773311,https://trustcobank.q4ir.com/corporate-overview/corporate-profile/default.aspx,16.43,,20260816,AADP,3e48f0b17ba77b9f9f8dc2721c14cda4,57.35,0.35,57.65,57.04,57.08,57.0,2026-08-14 20:00:00,2026-08-14,0.614,cadp_finnhub,-0.0799999999999983,-0.14015416958654223,0.6099999999999994,1.0694249649368854,0.29999999999999716,0.5231037489101955,0.3100000000000023,0.5405405405405445,,,
LEG,Leggett & Platt Inc,US,USD,USD,"NEW YORK STOCK EXCHANGE, INC.",1979-06-25,1313.7195586937498,https://static2.finnhub.io/file/publicdatany/finnhubimage/stock_logo/LEG.png,136.56,Consumer products,14173588131,https://leggett.com/,133.23,,20260816,AADP,3e8ee3387d80aca2fcef2a2d256a11b7,9.66,-0.04,9.79,9.6,9.74,9.7,2026-08-14 20:00:00,2026-08-14,-0.4124,cadp_finnhub,-0.040000000000000924,-0.41067761806982467,0.1899999999999995,1.9791666666666616,0.129999999999999,1.3457556935817703,0.0600000000000005,0.6211180124223654,,,
PEGA,Pegasystems Inc,US,USD,USD,NASDAQ NMS - GLOBAL MARKET,1996-07-19,5382.617674813388,https://static2.finnhub.io/file/publicdatany/finnhubimage/stock_logo/PEGA.png,164.4,Technology,16173749600,https://www.pega.com/,85.78,,20260816,AADP,3ebb1ef93138b701719491ef0c89aedf,32.32,-1.17,34.0,32.04,34.0,33.49,2026-08-14 20:00:00,2026-08-14,-3.4936,cadp_finnhub,-0.509999999999998,-1.4999999999999942,1.9600000000000009,6.117353308364548,1.6799999999999997,5.198019801980197,0.28000000000000114,0.8663366336633699,32.74,-0.4200000000000017,-1.2828344532681786
WH,Wyndham Hotels & Resorts Inc,US,USD,USD,"NEW YORK STOCK EXCHANGE, INC.",2018-05-17,5648.21,https://static2.finnhub.io/file/publicdatany/finnhubimage/stock_logo/WH.png,74.21,"Hotels, Restaurants & Leisure",13023513367,https://investor.wyndhamhotels.com/,72.38,,20260816,AADP,3ebe4a49ae2cef5330d00f724bb8d5ed,73.63,-0.68,74.97,73.465,74.51,74.31,2026-08-14 20:00:00,2026-08-14,-0.9151,cadp_finnhub,-0.20000000000000284,-0.2684203462622505,1.5049999999999955,2.0485945688422995,1.3400000000000034,1.8199103626239352,0.16499999999999204,0.2240934401738314,73.81,-0.18000000000000682,-0.24386939439101316
PAYX,Paychex Inc,US,USD,USD,NASDAQ NMS - GLOBAL MARKET,1983-08-26,42696.169697212696,https://static2.finnhub.io/file/publicdatany/finnhubimage/stock_logo/PAYX.png,355.68,Professional Services,13026587581,https://www.paychex.com/,318.81,,20260816,AADP,3ec700ecff8d16cabf65f3481183aaac,122.02,-3.38,125.9,121.87,125.75,125.4,2026-08-14 20:00:00,2026-08-14,-2.6954,cadp_finnhub,-0.3499999999999943,-0.27833001988071115,4.030000000000001,3.3068023303520153,3.8800000000000097,3.1798065890837646,0.14999999999999147,0.1229306671037465,120.04,1.9799999999999898,1.6494501832722341
WHD,Cactus Inc,US,USD,USD,"NEW YORK STOCK EXCHANGE, INC.",2018-02-08,4971.12,https://static2.finnhub.io/file/publicdatany/finnhubimage/stock_logo/WHD.png,80.18,Energy,13026587581,https://cactuswhd.com/,68.73,,20260816,AADP,3ed6d7a7daa307cfb1a681e6859650b9,73.28,1.24,74.04,72.45,72.45,72.04,2026-08-14 20:00:00,2026-08-14,1.7213,cadp_finnhub,-0.4099999999999966,-0.5659075224292568,1.5900000000000034,2.194616977225677,0.7600000000000051,1.037117903930138,0.8299999999999983,1.1326419213973775,,,
CL,Colgate-Palmolive Co,US,USD,USD,"NEW YORK STOCK EXCHANGE, INC.",1930-03-31,74352.30617244224,https://static2.finnhub.io/file/publicdatany/finnhubimage/stock_logo/CL.png,800.19,Consumer products,13026587581,https://www.colgatepalmolive.com/,798.95,,20260816,AADP,3ef87fe3a2c77b87333fdfbbb34a9273,91.95,-0.98,93.275,91.73,92.71,92.93,2026-08-14 20:00:00,2026-08-14,-1.0546,cadp_finnhub,0.22000000000001307,0.23729910473520988,1.5450000000000017,1.6842908535920655,1.3250000000000028,1.4410005437737932,0.21999999999999886,0.23926046764545825,93.16,-1.2099999999999937,-1.2988407041648709
NOW,ServiceNow Inc,US,USD,USD,"NEW YORK STOCK EXCHANGE, INC.",2012-06-29,129125.91832074443,https://static2.finnhub.io/file/publicdatany/finnhubimage/stock_logo/NOW.png,1033.86,Technology,14085018550,https://www.servicenow.com/,1031.65,,20260816,AADP,3fa135fefe1a51ea865c013084e2cd13,124.0,-3.25,128.65,122.17,127.7,127.25,2026-08-14 20:00:00,2026-08-14,-2.554,cadp_finnhub,-0.45000000000000284,-0.3523884103367289,6.480000000000004,5.304084472456417,4.650000000000006,3.750000000000005,1.8299999999999983,1.475806451612902,125.03,-1.0300000000000011,-0.8238022874510127
YETI,Yeti Holdings Inc,US,USD,USD,"NEW YORK STOCK EXCHANGE, INC.",2018-10-25,3760.64,https://static2.finnhub.io/file/publicdatany/finnhubimage/stock_logo/YETI.png,75.76,Leisure Products,13026587581,https://www.yeti.com,75.18,,20260816,AADP,3fa42b44ff87dc3be19d35bddd07a46c,44.56,-0.91,45.97,43.4,45.51,45.47,2026-08-14 20:00:00,2026-08-14,-2.0013,cadp_finnhub,-0.03999999999999915,-0.08789277081959822,2.5700000000000003,5.9216589861751165,1.4099999999999966,3.1642728904847317,1.1600000000000037,2.6032315978456095,52.2,-7.640000000000001,-14.636015325670499
ADUS,Addus Homecare Corp,US,USD,USD,NASDAQ NMS - GLOBAL MARKET,2009-10-28,2234.9403378562047,https://static2.finnhub.io/file/publicdatany/finnhubimage/stock_logo/942985447696.png,18.66,Health Care,14695358200,https://addus.com/,18.14,,20260816,AADP,3fafe302e2eca7074e3f57442e744ffb,116.06,-1.53,117.24,115.77,117.22,117.59,2026-08-14 20:00:00,2026-08-14,-1.3011,cadp_finnhub,0.37000000000000455,0.31564579423306993,1.4699999999999989,1.2697590049235545,1.1799999999999926,1.0167154919868968,0.29000000000000625,0.2498707565052613,,,
F,Ford Motor Co,US,USD,USD,"NEW YORK STOCK EXCHANGE, INC.",1956-03-07,55748.65269246265,https://static2.finnhub.io/file/publicdatany/finnhubimage/stock_logo/F.png,3987.6,Automobiles,13026587581,https://www.ford.com/,3901.6,,20260816,AADP,4022dc7a785338537327127ce3f49243,14.37,0.48,14.44,13.93,13.97,13.89,2026-08-14 20:00:00,2026-08-14,3.4557,cadp_finnhub,-0.08000000000000007,-0.5726556907659275,0.5099999999999998,3.6611629576453684,0.07000000000000028,0.4871259568545601,0.4399999999999995,3.061934585942933,13.98,0.3899999999999988,2.7896995708154417
RF,Regions Financial Corp,US,USD,USD,"NEW YORK STOCK EXCHANGE, INC.",1980-03-17,26821.71960344154,https://static2.finnhub.io/file/publicdatany/finnhubimage/stock_logo/RF.png,853.38,Banking,18007344667,https://www.regions.com/,850.87,,20260816,AADP,402bc48c36c052b8d65d0bb3fa4e5cb7,31.9,0.24,31.96,31.53,31.64,31.66,2026-08-14 20:00:00,2026-08-14,0.7581,cadp_finnhub,0.019999999999999574,0.06321112515802646,0.4299999999999997,1.3637805264827139,0.060000000000002274,0.188087774294678,0.36999999999999744,1.1598746081504623,31.6,0.29999999999999716,0.9493670886075859
FAF,First American Financial Corp,US,USD,USD,"NEW YORK STOCK EXCHANGE, INC.",2010-05-22,7577.862040492615,https://static2.finnhub.io/file/publicdatany/finnhubimage/stock_logo/FAF.png,102.1,Insurance,17142503000,https://www.firstam.com/,97.93,,20260816,AADP,4051c4199ef657ebd8fdc62dd2e2bef2,73.86,-0.2,74.165,73.38,74.05,74.06,2026-08-14 20:00:00,2026-08-14,-0.2701,cadp_finnhub,0.010000000000005116,0.013504388926407991,0.7850000000000108,1.0697737803216283,0.3050000000000068,0.4129434064446342,0.480000000000004,0.649878147847284,74.79,-0.9300000000000068,-1.2434817488969205
CNP,CenterPoint Energy Inc,US,USD,USD,"NEW YORK STOCK EXCHANGE, INC.",1943-08-16,26796.74209907253,https://static2.finnhub.io/file/publicdatany/finnhubimage/stock_logo/CNP.png,658.72,Utilities,17132071111,https://www.centerpointenergy.com/,657.07,,20260816,AADP,406ddbb78d9b015f96ad4f2628fd98cb,40.83,0.35,40.91,40.38,40.38,40.48,2026-08-14 20:00:00,2026-08-14,0.8646,cadp_finnhub,0.09999999999999432,0.24764735017333903,0.529999999999994,1.3125309559187568,0.0799999999999983,0.1959343619887296,0.44999999999999574,1.1021307861866172,40.68,0.14999999999999858,0.36873156342182545
HASI,HA Sustainable Infrastructure Capital Inc,US,USD,USD,"NEW YORK STOCK EXCHANGE, INC.",2013-04-18,5198.947492707112,https://static2.finnhub.io/file/publicdatany/finnhubimage/stock_logo/950886231836.png,127.8,Financial Services,14105719860,https://investors.hasi.com/,124.96,,20260816,AADP,4071445fe15ee72ef89876a3b0285a04,42.12,-0.23,43.05,42.06,42.31,42.35,2026-08-14 20:00:00,2026-08-14,-0.5431,cadp_finnhub,0.03999999999999915,0.09454029780193605,0.9899999999999949,2.3537803138373627,0.9299999999999997,2.2079772079772075,0.05999999999999517,0.142450142450131,,,
BIO,Bio Rad Laboratories Inc,US,USD,USD,"NEW YORK STOCK EXCHANGE, INC.",1980-03-17,9485.379491762227,https://static2.finnhub.io/file/publicdatany/finnhubimage/stock_logo/BIO.png,26.76,Life Sciences Tools & Services,13026587581,https://www.bio-rad.com/,18.13,,20260816,AADP,4090ff7cfaebebad95fe7d626a2877fd,356.26,-4.93,362.49,355.07,361.06,361.19,2026-08-14 20:00:00,2026-08-14,-1.3649,cadp_finnhub,0.12999999999999545,0.036005096105909115,7.420000000000016,2.0897287858732128,6.230000000000018,1.7487228428675738,1.1899999999999977,0.33402571155897315,352.47,3.7899999999999636,1.0752688172042908
KMT,Kennametal Inc,US,USD,USD,"NEW YORK STOCK EXCHANGE, INC.",1981-05-22,2524.840441722304,https://static2.finnhub.io/file/publicdatany/finnhubimage/stock_logo/KMT.png,76.21,Machinery,14122488000,https://www.kennametal.com/,75.32,,20260816,AADP,409998859cbc9f0551fbedf06ed065ab,31.22,0.84,31.44,30.26,30.32,30.38,2026-08-14 20:00:00,2026-08-14,2.765,cadp_finnhub,0.05999999999999872,0.19788918205804326,1.1799999999999997,3.899537343027097,0.22000000000000242,0.7046764894298605,0.9599999999999973,3.074951953875712,,,
VICI,VICI Properties Inc,US,USD,USD,"NEW YORK STOCK EXCHANGE, INC.",2017-10-17,29277.651282999996,https://static2.finnhub.io/file/publicdatany/finnhubimage/stock_logo/950577766676.png,1101.08,Real Estate,16469494631,https://viciproperties.com/,1097.87,,20260816,AADP,409c6d8f5d3849544f28b3d493bca951,26.36,0.02,26.52,26.315,26.38,26.34,2026-08-14 20:00:00,2026-08-14,0.0759,cadp_finnhub,-0.03999999999999915,-0.1516300227445002,0.2049999999999983,0.7790233707011146,0.16000000000000014,0.6069802731411235,0.04499999999999815,0.17071320182093383,26.74,-0.379999999999999,-1.4210919970082236
RHP,Ryman Hospitality Properties Inc,US,USD,USD,"NEW YORK STOCK EXCHANGE, INC.",1997-10-01,7626.124635122917,https://static2.finnhub.io/file/publicdatany/finnhubimage/stock_logo/950378507676.png,63.11,Real Estate,16153166000,https://www.rymanhp.com/,61.13,,20260816,AADP,40d67999a65dab14a2d18edc7f2af350,125.52,0.82,127.1474,124.84,125.15,124.7,2026-08-14 20:00:00,2026-08-14,0.6576,cadp_finnhub,-0.45000000000000284,-0.35956851777866783,2.3074000000000012,1.8482858058314653,1.6274000000000086,1.2965264499681395,0.6799999999999926,0.5417463352453734,,,
ANDE,Andersons Inc,US,USD,USD,NASDAQ NMS - GLOBAL MARKET,1996-02-20,2221.662466966299,https://static2.finnhub.io/file/publicdatany/finnhubimage/stock_logo/ANDE.png,34.05,Retail,14198935050,https://www.andersonsinc.com/,32.64,,20260816,AADP,40e73a019c036f73bf6dcec3fb0af8ea,65.9,0.76,66.555,64.78,65.28,65.14,2026-08-14 20:00:00,2026-08-14,1.1667,cadp_finnhub,-0.14000000000000057,-0.21446078431372637,1.7750000000000057,2.740043223217051,0.6550000000000011,0.9939301972685903,1.1200000000000045,1.699544764795151,,,
MCHP,Microchip Technology Inc,US,USD,USD,NASDAQ NMS - GLOBAL MARKET,1993-03-19,45987.37853959172,https://static2.finnhub.io/file/publicdatany/finnhubimage/stock_logo/MCHP.png,543.01,Semiconductors,14807927200,https://www.microchip.com/,533.32,,20260816,AADP,40efb1e7b6f9dda3ad1ead7eba8d8058,79.17,1.48,79.345,77.27,77.87,77.69,2026-08-14 20:00:00,2026-08-14,1.905,cadp_finnhub,-0.18000000000000682,-0.2311544882496556,2.075000000000003,2.685388896078689,0.17499999999999716,0.22104332449159678,1.9000000000000057,2.3998989516230966,84.93,-5.760000000000005,-6.7820558106676145
FCFS,Firstcash Holdings Inc,US,USD,USD,NASDAQ NMS - GLOBAL MARKET,1991-06-10,8784.524421241467,https://static2.finnhub.io/file/publicdatany/finnhubimage/stock_logo/FCFS.png,43.37,Financial Services,13026365400,https://ir.firstcash.com/,39.44,,20260816,AADP,40f7c0edbca443004bb183dc9694f884,214.75,3.93,214.92,210.41,211.09,210.82,2026-08-14 20:00:00,2026-08-14,1.8641,cadp_finnhub,-0.27000000000001023,-0.1279075275948696,4.509999999999991,2.143434247421696,0.1699999999999875,0.07916181606518626,4.340000000000003,2.0209545983701993,202.54,12.210000000000008,6.028438826898395
FICO,Fair Isaac Corp,US,USD,USD,"NEW YORK STOCK EXCHANGE, INC.",1987-07-22,22491.777688322978,https://static2.finnhub.io/file/publicdatany/finnhubimage/stock_logo/FICO.png,21.6,Technology,14069827276,https://www.fico.com/,20.93,,20260816,AADP,413682c58a99631c8a008ecf03c5ff0e,1085.78,-24.92,1116.98,1075.35,1112.78,1110.7,2026-08-14 20:00:00,2026-08-14,-2.2436,cadp_finnhub,-2.0799999999999272,-0.18691924729056303,41.63000000000011,3.8712977170223755,31.200000000000045,2.8735102875352325,10.430000000000064,0.9605997531728403,1041.4,44.37999999999988,4.261570962166303
MAR,Marriott International Inc,US,USD,USD,NASDAQ NMS - GLOBAL MARKET,1998-03-23,92287.80339973567,https://static2.finnhub.io/file/publicdatany/finnhubimage/stock_logo/MAR.png,263.69,"Hotels, Restaurants & Leisure",13013803000,https://www.marriott.com/,216.38,,20260816,AADP,41435e9c0cba099463ba68933d75068c,356.72,4.19,358.1,349.74,350.72,352.53,2026-08-14 20:00:00,2026-08-14,1.1886,cadp_finnhub,1.8099999999999454,0.5160812043795464,8.360000000000014,2.390347114999718,1.3799999999999955,0.3868580399192631,6.980000000000018,1.956716752635125,348.44,8.28000000000003,2.3763058202273073
ISRG,Intuitive Surgical Inc,US,USD,USD,NASDAQ NMS - GLOBAL MARKET,2000-06-13,133825.25341464404,https://static2.finnhub.io/file/publicdatany/finnhubimage/stock_logo/ISRG.png,353.28,Health Care,13026587581,https://www.intuitive.com/en-us/about-us/company,351.13,,20260816,AADP,414b56ff8ad8c63bb91a898736c8f760,394.51,-6.76,402.46,394.06,401.02,401.27,2026-08-14 20:00:00,2026-08-14,-1.6847,cadp_finnhub,0.25,0.062341030372549996,8.399999999999977,2.131655077906912,7.949999999999989,2.015158044156039,0.44999999999998863,0.11406554966920703,378.81,15.699999999999989,4.144557957815261
VMC,Vulcan Materials Co,US,USD,USD,"NEW YORK STOCK EXCHANGE, INC.",1957-01-02,35573.25118574696,https://static2.finnhub.io/file/publicdatany/finnhubimage/stock_logo/VMC.png,129.58,Construction,12052983000,https://www.vulcanmaterials.com/,129.26,,20260816,AADP,4157f5af1538cb8180092f0a10796ae0,282.0,4.48,282.11,277.11,282.0,277.52,2026-08-14 20:00:00,2026-08-14,1.6143,cadp_finnhub,-4.480000000000018,-1.5886524822695098,5.0,1.8043376276568872,0.11000000000001364,0.0390070921985864,4.889999999999986,1.7340425531914845,285.34,-3.339999999999975,-1.170533398752357
MET,MetLife Inc,US,USD,USD,"NEW YORK STOCK EXCHANGE, INC.",2000-04-05,62908.81084550394,https://static2.finnhub.io/file/publicdatany/finnhubimage/stock_logo/MET.png,643.44,Insurance,12125785500,https://www.metlife.com/,537.76,,20260816,AADP,416c7bb3cb0cda2a7eecfa0f77ef271c,97.66,0.19,98.2345,97.33,97.74,97.47,2026-08-14 20:00:00,2026-08-14,0.1949,cadp_finnhub,-0.269999999999996,-0.2762430939226479,0.9044999999999987,0.9293126476934128,0.5745000000000005,0.5882654106082331,0.3299999999999983,0.33790702437026243,97.62,0.03999999999999204,0.04097520999794309
DOCS,Doximity Inc,US,USD,USD,"NEW YORK STOCK EXCHANGE, INC.",2021-06-24,4923.449550220716,https://static2.finnhub.io/file/publicdatany/finnhubimage/stock_logo/DOCS.png,179.75,Health Care,16505494330,https://www.doximity.com/,125.28,,20260816,AADP,41a301c707a816d4fe0411d81515c7ff,24.8,-1.79,26.7,24.8,26.615,26.59,2026-08-14 20:00:00,2026-08-14,-6.7319,cadp_finnhub,-0.02499999999999858,-0.09393199323689115,1.8999999999999986,7.66129032258064,1.8999999999999986,7.66129032258064,,,25.63,-0.8299999999999983,-3.238392508778768
HIW,Highwoods Properties Inc,US,USD,USD,"NEW YORK STOCK EXCHANGE, INC.",1994-06-08,3469.1303606464417,https://static2.finnhub.io/file/publicdatany/finnhubimage/stock_logo/942959041646.png,110.31,Real Estate,19198724924,https://www.highwoods.com/,108.86,,20260816,AADP,41e3b27ffff3461320b9f51da54e318d,31.51,-0.31,32.07,31.5,31.81,31.82,2026-08-14 20:00:00,2026-08-14,-0.9742,cadp_finnhub,0.010000000000001563,0.03143665513989803,0.5700000000000003,1.8095238095238104,0.5599999999999987,1.777213582989523,0.010000000000001563,0.03173595683910366,,,
RXO,RXO Inc,US,USD,USD,"NEW YORK STOCK EXCHANGE, INC.",2022-10-27,3578.7708734535577,https://static2.finnhub.io/file/publicdatany/finnhubimage/stock_logo/950592263516.png,164.92,Road & Rail,17045727302,https://rxo.com/,163.64,,20260816,AADP,428016cde628a073eb788230ee4524ef,23.52,0.2,23.895,23.02,23.18,23.32,2026-08-14 20:00:00,2026-08-14,0.8576,cadp_finnhub,0.14000000000000057,0.6039689387402958,0.875,3.8010425716768026,0.375,1.594387755102041,0.5,2.1258503401360542,,,
NBHC,National Bank Holdings Corp,US,USD,USD,"NEW YORK STOCK EXCHANGE, INC.",2012-09-20,1898.2754245600931,https://static2.finnhub.io/file/publicdatany/finnhubimage/stock_logo/950004915956.png,44.54,Banking,13026365400,https://nationalbankholdings.com,41.98,,20260816,AADP,429476610eb3eb07afa40fc1ef5cbac4,43.53,0.03,43.84,43.13,43.46,43.5,2026-08-14 20:00:00,2026-08-14,0.069,cadp_finnhub,0.03999999999999915,0.092038656235617,0.7100000000000009,1.6461859494551374,0.3100000000000023,0.712152538479215,0.3999999999999986,0.9189065012634932,,,
KMPR,Kemper Corp,US,USD,USD,"NEW YORK STOCK EXCHANGE, INC.",2001-05-24,1679.8990853493128,https://static2.finnhub.io/file/publicdatany/finnhubimage/stock_logo/KMPR.png,58.87,Insurance,13026587581,https://www.kemper.com/,58.21,,20260816,AADP,42a87edbabfcb78de011603a9d30ddbd,27.42,0.51,27.63,26.6,27.12,26.91,2026-08-14 20:00:00,2026-08-14,1.8952,cadp_finnhub,-0.21000000000000085,-0.7743362831858438,1.0299999999999976,3.87218045112781,0.2099999999999973,0.7658643326039288,0.8200000000000003,2.9905178701677615,,,
MORN,Morningstar Inc,US,USD,USD,NASDAQ NMS - GLOBAL MARKET,2005-05-03,7527.473011425651,https://static2.finnhub.io/file/publicdatany/finnhubimage/stock_logo/MORN.png,37.51,Financial Services,13126966000,https://www.morningstar.com/,18.77,,20260816,AADP,42dc2d4326334fd9ab044bff987038cf,207.41,0.52,209.78,203.26,207.24,206.89,2026-08-14 20:00:00,2026-08-14,0.2513,cadp_finnhub,-0.35000000000002274,-0.16888631538314164,6.52000000000001,3.2077142576011077,2.3700000000000045,1.1426642881249722,4.150000000000006,2.0008678462947813,200.66,6.75,3.3638991328615573
LXP,LXP Industrial Trust,US,USD,USD,"NEW YORK STOCK EXCHANGE, INC.",1993-10-22,3570.45185963204,https://static2.finnhub.io/file/publicdatany/finnhubimage/stock_logo/950000737536.png,58.96,Real Estate,12126927200,https://www.lxp.com/,57.28,,20260816,AADP,42e6ab1243c0a43529005e8a10ec144a,60.57,-0.18,60.83,60.515,60.74,60.75,2026-08-14 20:00:00,2026-08-14,-0.2963,cadp_finnhub,0.00999999999999801,0.01646361540994075,0.3149999999999977,0.5205320994794641,0.259999999999998,0.4292554069671422,0.054999999999999716,0.09080402839689568,,,
ACT,Enact Holdings Inc,US,USD,USD,NASDAQ NMS - GLOBAL MARKET,2021-05-13,6834.852648073967,https://static2.finnhub.io/file/publicdatany/finnhubimage/stock_logo/950380812876.png,139.6,Financial Services,13026365400,https://enactmi.com/,27.19,,20260816,AADP,430206124d000025c68045a45315b9c9,49.94,0.16,50.26,49.79,49.79,49.78,2026-08-14 20:00:00,2026-08-14,0.3214,cadp_finnhub,-0.00999999999999801,-0.020084354288005646,0.46999999999999886,0.9439646515364509,0.3200000000000003,0.6407689227072493,0.14999999999999858,0.30036043251902,,,
LITE,Lumentum Holdings Inc,US,USD,USD,NASDAQ NMS - GLOBAL MARKET,2015-07-23,69255.22851524063,https://static2.finnhub.io/file/publicdatany/finnhubimage/stock_logo/LITE.png,77.8,Communications,13024837293,https://investor.lumentum.com/,77.15,,20260816,AADP,4313e8d8507e863d2f5e4c4663a7b64b,926.14,45.73,957.895,885.2701,892.685,880.41,2026-08-14 20:00:00,2026-08-14,5.1942,cadp_finnhub,-12.274999999999977,-1.375065112553698,72.62490000000003,8.20369963924005,31.754999999999995,3.4287472736303366,40.86990000000003,4.412928930831194,890.17,35.97000000000003,4.04080119527731
AGO,Assured Guaranty Ltd,BM,USD,USD,"NEW YORK STOCK EXCHANGE, INC.",2004-04-23,3340.2261768639946,https://static2.finnhub.io/file/publicdatany/finnhubimage/stock_logo/AGO.png,44.26,Insurance,14412795700,https://assuredguaranty.com/,41.12,,20260816,AADP,431840ad4b4e7ccaae0104a4fbb3bffb,76.79,0.62,76.81,76.06,76.12,76.17,2026-08-14 20:00:00,2026-08-14,0.814,cadp_finnhub,0.04999999999999716,0.06568575932737408,0.75,0.986063633973179,0.01999999999999602,0.026045057950248758,0.730000000000004,0.9506446151842738,,,
AM,Antero Midstream Corp,US,USD,USD,"NEW YORK STOCK EXCHANGE, INC.",2017-05-04,10096.316111638438,https://static2.finnhub.io/file/publicdatany/finnhubimage/stock_logo/AM.png,474.67,Energy,13026587581,https://www.anteromidstream.com,329.18,,20260816,AADP,431fbbc1139e8cc82a83cca7c234ef11,22.55,0.47,22.585,22.04,22.08,22.08,2026-08-14 20:00:00,2026-08-14,2.1286,cadp_finnhub,,,0.5450000000000017,2.4727767695099896,0.03500000000000014,0.1552106430155217,0.5100000000000016,2.2616407982261713,21.5,1.0500000000000007,4.8837209302325615
HSTM,HealthStream Inc,US,USD,USD,NASDAQ NMS - GLOBAL MARKET,2000-04-11,839.0601977667139,https://static2.finnhub.io/file/publicdatany/finnhubimage/stock_logo/942959136586.png,29.22,Health Care,16153013100,https://www.healthstream.com/,23.15,,20260816,AADP,433d240eed229594f94bc67b98522e5e,28.94,-0.08,29.29,28.4,29.05,29.02,2026-08-14 20:00:00,2026-08-14,-0.2757,cadp_finnhub,-0.030000000000001137,-0.10327022375215537,0.8900000000000006,3.1338028169014107,0.34999999999999787,1.2093987560469863,0.5400000000000027,1.8659295093296568,,,
HTLD,Heartland Express Inc,US,USD,USD,NASDAQ NMS - GLOBAL MARKET,1986-11-05,956.2228046216438,https://static2.finnhub.io/file/publicdatany/finnhubimage/stock_logo/HTLD.png,77.49,Road & Rail,13196263600,https://www.heartlandexpress.com/,37.76,,20260816,AADP,4362f4c821bba4692cd97b7463edfe02,12.79,0.13,13.085,12.54,12.68,12.66,2026-08-14 20:00:00,2026-08-14,1.0269,cadp_finnhub,-0.019999999999999574,-0.1577287066246023,0.5450000000000017,4.346092503987255,0.2950000000000017,2.3064894448788253,0.25,1.9546520719311966,,,
MATW,Matthews International Corp,US,USD,USD,NASDAQ NMS - GLOBAL MARKET,1994-07-20,739.4977848156182,https://static2.finnhub.io/file/publicdatany/finnhubimage/stock_logo/MATW.png,31.2,Diversified Consumer Services,14124428200,https://www.matw.com/,29.48,,20260816,AADP,43b9dfa65395c10aa5e204abdd58f3a2,23.25,0.1,23.395,23.01,23.06,23.15,2026-08-14 20:00:00,2026-08-14,0.432,cadp_finnhub,0.08999999999999986,0.39028620988725005,0.384999999999998,1.6731855714906474,0.14499999999999957,0.6236559139784927,0.23999999999999844,1.0322580645161223,,,
NYT,New York Times Co,US,USD,USD,"NEW YORK STOCK EXCHANGE, INC.",1980-03-17,10247.957976094489,https://static2.finnhub.io/file/publicdatany/finnhubimage/stock_logo/NYT.png,161.86,Media,12125561234,https://www.nytimes.com/,143.47,,20260816,AADP,441e35d1ad7ed55c7a614642d6f43282,64.79,0.66,65.265,64.26,64.46,64.13,2026-08-14 20:00:00,2026-08-14,1.0292,cadp_finnhub,-0.3299999999999983,-0.511945392491465,1.0049999999999955,1.563958916900086,0.4749999999999943,0.7331378299120147,0.5300000000000011,0.8180274733755226,63.54,1.250000000000007,1.9672647151400804
ATEN,A10 Networks Inc,US,USD,USD,"NEW YORK STOCK EXCHANGE, INC.",2014-03-21,1932.430880855072,https://static2.finnhub.io/file/publicdatany/finnhubimage/stock_logo/ATEN.png,72.0,Technology,13023513367,https://www.a10networks.com/,70.62,,20260816,AADP,4421ce52658ff877c40bca7a5e603fb6,27.4,0.4,27.67,26.56,27.1,27.0,2026-08-14 20:00:00,2026-08-14,1.4815,cadp_finnhub,-0.10000000000000142,-0.3690036900369056,1.110000000000003,4.179216867469891,0.2700000000000031,0.985401459854026,0.8399999999999999,3.065693430656934,,,
TDC,Teradata Corp,US,USD,USD,"NEW YORK STOCK EXCHANGE, INC.",2007-09-12,2547.2700721591837,https://static2.finnhub.io/file/publicdatany/finnhubimage/stock_logo/TDC.png,94.1,Technology,13026587581,https://www.teradata.com/,92.75,,20260816,AADP,4442651fb96482da548d690d27a67be5,27.68,0.05,28.26,27.575,28.0,27.63,2026-08-14 20:00:00,2026-08-14,0.181,cadp_finnhub,-0.370000000000001,-1.321428571428575,0.6850000000000023,2.484134179510434,0.5800000000000018,2.095375722543359,0.10500000000000043,0.3793352601156085,,,
CPT,Camden Property Trust,US,USD,USD,"NEW YORK STOCK EXCHANGE, INC.",1993-07-22,15137.340424274338,https://static2.finnhub.io/file/publicdatany/finnhubimage/stock_logo/942959036796.png,100.52,Real Estate,17133542500,https://www.camdenliving.com/,98.31,,20260816,AADP,4444482ebc2409a1093e0a44885df65c,110.36,-0.11,111.2466,109.66,109.66,110.47,2026-08-14 20:00:00,2026-08-14,-0.0996,cadp_finnhub,0.8100000000000023,0.7386467262447586,1.5866000000000042,1.446835673901153,0.8866000000000014,0.8033707865168552,0.7000000000000028,0.634287785429506,111.96,-1.5999999999999943,-1.4290818149339
MMSI,Merit Medical Systems Inc,US,USD,USD,NASDAQ NMS - GLOBAL MARKET,1954-09-16,5316.616168637702,https://static2.finnhub.io/file/publicdatany/finnhubimage/stock_logo/MMSI.png,59.65,Health Care,18012531600,https://www.merit.com/,58.23,,20260816,AADP,448658f2675de91cbbb4162b865b2067,90.76,0.26,90.98,89.99,90.86,90.5,2026-08-14 20:00:00,2026-08-14,0.2873,cadp_finnhub,-0.35999999999999943,-0.3962139555359888,0.9900000000000091,1.1001222358039884,0.21999999999999886,0.24239753195240069,0.7700000000000102,0.848391361833418,,,
MAA,Mid-America Apartment Communities Inc,US,USD,USD,"NEW YORK STOCK EXCHANGE, INC.",1994-01-28,15658.322912829755,https://static2.finnhub.io/file/publicdatany/finnhubimage/stock_logo/942959045286.png,116.38,Real Estate,19016826600,https://www.maac.com/,115.24,,20260816,AADP,44ad66f8c561f3cfae1d6b9806781dfc,133.49,-0.71,135.39,133.27,134.28,134.2,2026-08-14 20:00:00,2026-08-14,-0.5291,cadp_finnhub,-0.0800000000000125,-0.05957700327674449,2.119999999999976,1.5907556089142163,1.8999999999999773,1.423327590081637,0.21999999999999886,0.1648063525357696,135.1,-1.6099999999999852,-1.1917098445595746
PI,Impinj Inc,US,USD,USD,NASDAQ NMS - GLOBAL MARKET,2016-07-21,5602.457258522715,https://static2.finnhub.io/file/publicdatany/finnhubimage/stock_logo/PI.png,30.55,Semiconductors,12065175300,https://www.impinj.com/,29.71,,20260816,AADP,44f7ba9c6cedd6c6c051550f0299ea56,172.65,-6.16,178.84,170.08,177.5,178.81,2026-08-14 20:00:00,2026-08-14,-3.445,cadp_finnhub,1.3100000000000023,0.7380281690140857,8.759999999999991,5.150517403574783,6.189999999999998,3.585288155227337,2.569999999999993,1.488560671879521,,,
V,Visa Inc,US,USD,USD,"NEW YORK STOCK EXCHANGE, INC.",2008-03-25,691685.050939446,https://static2.finnhub.io/file/publicdatany/finnhubimage/stock_logo/V.png,1867.05,Financial Services,13026587581,https://usa.visa.com/,1702.48,,20260816,AADP,45286b59049833d52ec4fe09a5b505b6,364.15,-1.3,366.8,362.76,365.89,365.45,2026-08-14 20:00:00,2026-08-14,-0.3557,cadp_finnhub,-0.4399999999999977,-0.12025472136434387,4.0400000000000205,1.1136839783879204,2.650000000000034,0.7277220925442907,1.3899999999999864,0.38171083344775136,363.65,0.5,0.13749484394335212
REX,REX American Resources Corp,US,USD,USD,"NEW YORK STOCK EXCHANGE, INC.",1984-07-18,1409.734336114576,https://static2.finnhub.io/file/publicdatany/finnhubimage/stock_logo/942959048226.png,32.94,Energy,19372763931,https://www.rexamerican.com/,28.48,,20260816,AADP,4530afc90440b3dcef32385327fde07b,44.59,0.9,44.82,43.925,44.05,43.69,2026-08-14 20:00:00,2026-08-14,2.06,cadp_finnhub,-0.35999999999999943,-0.8172531214528931,0.8950000000000031,2.0375640295959094,0.22999999999999687,0.5158107198923455,0.6650000000000063,1.4913657770800768,,,
ACMR,ACM Research Inc,US,USD,USD,NASDAQ NMS - GLOBAL MARKET,2017-11-03,5791.375626781463,https://static2.finnhub.io/file/publicdatany/finnhubimage/stock_logo/ACMR.png,69.11,Semiconductors,15104453700,https://www.acmr.com/,55.82,,20260816,AADP,457d2ee076dffd741977ff7d40536467,80.42,-0.77,82.09,77.81,80.2,81.19,2026-08-14 20:00:00,2026-08-14,-0.9484,cadp_finnhub,0.9899999999999949,1.2344139650872754,4.280000000000001,5.500578331833956,1.6700000000000017,2.076597861228552,2.6099999999999994,3.245461328027853,,,
MP,MP Materials Corp,US,USD,USD,"NEW YORK STOCK EXCHANGE, INC.",2020-04-30,9098.715042356285,https://static2.finnhub.io/file/publicdatany/finnhubimage/stock_logo/MP.png,178.02,Metals & Mining,13026587581,https://mpmaterials.com/,143.05,,20260816,AADP,45865d799f83826279ed342dc5ef75a7,58.74,3.08,61.11,56.15,56.3,55.66,2026-08-14 20:00:00,2026-08-14,5.5336,cadp_finnhub,-0.6400000000000006,-1.1367673179396105,4.960000000000001,8.833481745325024,2.3699999999999974,4.034729315628187,2.5900000000000034,4.40926115083419,54.66,4.080000000000005,7.464324917672897
WELL,Welltower Inc,US,USD,USD,"NEW YORK STOCK EXCHANGE, INC.",1998-05-13,169829.13,https://static2.finnhub.io/file/publicdatany/finnhubimage/stock_logo/950834235796.png,720.74,Real Estate,13026365401,https://welltower.com/,720.27,,20260816,AADP,45a09c9471f2005b01f08705ae64a660,235.52,1.08,236.43,233.14,234.14,234.44,2026-08-14 20:00:00,2026-08-14,0.4607,cadp_finnhub,0.30000000000001137,0.12812847014607132,3.2900000000000205,1.4111692545251868,0.9099999999999966,0.3863790760869551,2.380000000000024,1.0105298913043579,236.92,-1.3999999999999773,-0.5909167651527847
AGX,Argan Inc,US,USD,USD,"NEW YORK STOCK EXCHANGE, INC.",1970-07-17,8374.116774227614,https://static2.finnhub.io/file/publicdatany/finnhubimage/stock_logo/942959146516.png,14.02,Construction,13013150027,https://arganinc.com/,13.45,,20260816,AADP,45ba50646d99ee674b5f0c0f80995926,578.22,19.33,583.0,554.0703,557.12,558.89,2026-08-14 20:00:00,2026-08-14,3.4586,cadp_finnhub,1.7699999999999818,0.3177053417576073,28.929700000000025,5.221304949931448,4.779999999999973,0.8266749680052526,24.149700000000053,4.1765590951541025,,,
BRK.A,Berkshire Hathaway Inc,US,USD,USD,"NEW YORK STOCK EXCHANGE, INC.",1980-03-17,1010211.410731671,https://static2.finnhub.io/file/publicdatany/finnhubimage/stock_logo/BRK.B.png,1.44,Financial Services,13026587581,https://www.berkshirehathaway.com/,0.32,,20260816,AADP,45beb8a4861d0be101d4dcbb9585c0e9,504.03,-2.9,509.17,503.77,507.235,506.93,2026-08-14 20:00:00,2026-08-14,-0.5721,cadp_finnhub,-0.3050000000000068,-0.060129920056779765,5.400000000000034,1.0719177402386078,5.140000000000043,1.019780568616956,0.2599999999999909,0.05158423109735352,519.86,-15.830000000000041,-3.0450505905436156
FIBK,First Interstate Bancsystem Inc,US,USD,USD,NASDAQ NMS - GLOBAL MARKET,2010-03-24,3576.781883720203,https://static2.finnhub.io/file/publicdatany/finnhubimage/stock_logo/950865763046.png,95.55,Banking,13026365400,https://fibk.com/,87.53,,20260816,AADP,45d6e019257b4d1d901a6f8ac9d099b5,39.17,0.33,39.27,38.75,38.75,38.84,2026-08-14 20:00:00,2026-08-14,0.8496,cadp_finnhub,0.09000000000000341,0.2322580645161378,0.5200000000000031,1.3419354838709758,0.10000000000000142,0.2552974214960465,0.4200000000000017,1.0722491702833843,,,
ASB,Associated Banc-Corp,US,USD,USD,"NEW YORK STOCK EXCHANGE, INC.",1980-03-17,5907.217184508345,https://static2.finnhub.io/file/publicdatany/finnhubimage/stock_logo/ASB.png,188.72,Banking,19204917500,https://www.associatedbank.com/,164.71,,20260816,AADP,45f3bbae3d1756fdf56b762a800cbd64,32.33,0.17,32.46,32.04,32.07,32.16,2026-08-14 20:00:00,2026-08-14,0.5286,cadp_finnhub,0.0899999999999963,0.2806361085126171,0.4200000000000017,1.310861423220979,0.13000000000000256,0.4021033096195563,0.28999999999999915,0.8969996906897593,31.35,0.9799999999999969,3.125996810207327
RPM,RPM International Inc,US,USD,USD,"NEW YORK STOCK EXCHANGE, INC.",1998-01-09,14991.73288883424,https://static2.finnhub.io/file/publicdatany/finnhubimage/stock_logo/RPM.png,127.74,Chemicals,13026365400,https://www.rpminc.com/,126.01,,20260816,AADP,460c47fca3992258f70dad661da7094e,113.82,0.49,114.03,111.41,112.85,113.33,2026-08-14 20:00:00,2026-08-14,0.4324,cadp_finnhub,0.480000000000004,0.42534337616305185,2.6200000000000045,2.3516739969482137,0.21000000000000796,0.18450184501845718,2.4099999999999966,2.1173783166403064,116.63,-2.8100000000000023,-2.4093286461459336
GILD,"Gilead Sciences, Inc",US,USD,USD,NASDAQ NMS - GLOBAL MARKET,1992-01-22,165389.51705552152,https://static2.finnhub.io/file/publicdatany/finnhubimage/stock_logo/GILD.png,1241.57,Biotechnology,13026587581,https://www.gilead.com,1239.97,,20260816,AADP,468e4ebd6d435540eb5b4eba2cd09efb,138.36,0.22,138.4325,135.91,136.81,138.14,2026-08-14 20:00:00,2026-08-14,0.1593,cadp_finnhub,1.329999999999984,0.9721511585410307,2.522500000000008,1.856007652122734,0.0724999999999909,0.052399537438559476,2.450000000000017,1.7707429893032791,133.21,5.150000000000006,3.8660761204113845
BGC,Bgc Group Inc,US,USD,USD,NASDAQ NMS - GLOBAL MARKET,1969-05-16,4958.236453058991,https://static2.finnhub.io/file/publicdatany/finnhubimage/stock_logo/950857979306.png,479.06,Financial Services,16463467000,https://www.bgcg.com/,366.45,,20260816,AADP,46b9c8577a7ad890c3b5d2543bffa727,11.2,0.26,11.21,10.91,10.94,10.94,2026-08-14 20:00:00,2026-08-14,2.3766,cadp_finnhub,,,0.3000000000000007,2.749770852428971,0.010000000000001563,0.08928571428572825,0.28999999999999915,2.589285714285707,,,
WMS,Advanced Drainage Systems Inc,US,USD,USD,"NEW YORK STOCK EXCHANGE, INC.",2014-07-25,10544.11,https://static2.finnhub.io/file/publicdatany/finnhubimage/stock_logo/WMS.png,76.65,Building,13026587581,https://www.adspipe.com/,71.18,,20260816,AADP,46cc5df36fa5b72f1157f9b152c8f1ff,150.91,1.68,151.12,148.065,148.09,149.23,2026-08-14 20:00:00,2026-08-14,1.1258,cadp_finnhub,1.1399999999999864,0.7698021473428228,3.055000000000007,2.063283017593629,0.21000000000000796,0.13915578821814856,2.844999999999999,1.8852296070505592,143.95,6.960000000000008,4.835012156998964
SAFE,Safehold Inc,US,USD,USD,"NEW YORK STOCK EXCHANGE, INC.",1989-11-16,1153.5972529530957,https://static2.finnhub.io/file/publicdatany/finnhubimage/stock_logo/942959121706.png,71.61,Real Estate,12129309400,https://www.safeholdinc.com/,55.2,,20260816,AADP,4705b70917d4ff0d19cdcc348db61983,15.25,-0.22,15.6099,15.215,15.45,15.47,2026-08-14 20:00:00,2026-08-14,-1.4221,cadp_finnhub,0.02000000000000135,0.129449838187711,0.3948999999999998,2.595465001643114,0.35989999999999966,2.3599999999999977,0.03500000000000014,0.2295081967213124,,,
GOLF,Acushnet Holdings Corp,US,USD,USD,"NEW YORK STOCK EXCHANGE, INC.",2016-10-28,5462.5076331472565,https://static2.finnhub.io/file/publicdatany/finnhubimage/stock_logo/GOLF.png,58.55,Leisure Products,18002258500,https://www.acushnetholdingscorp.com/,27.24,,20260816,AADP,471c758e8addd756d3d7c8db7e3b1d75,90.06,0.16,91.15,88.96,89.47,89.9,2026-08-14 20:00:00,2026-08-14,0.178,cadp_finnhub,0.4300000000000068,0.48060802503633265,2.190000000000012,2.461780575539582,1.0900000000000034,1.2103042416167038,1.1000000000000085,1.2214079502553947,,,
SAFT,Safety Insurance Group Inc,US,USD,USD,NASDAQ NMS - GLOBAL MARKET,2002-11-22,1519.735371,https://static2.finnhub.io/file/publicdatany/finnhubimage/stock_logo/SAFT.png,14.68,Insurance,13026587581,https://www.safetyinsurance.com/,14.35,,20260816,AADP,4737e07d0bbf4a8e8d62cc4674f89087,103.35,-0.23,103.74,103.35,103.74,103.58,2026-08-14 20:00:00,2026-08-14,-0.2221,cadp_finnhub,-0.1599999999999966,-0.15423173317909833,0.39000000000000057,0.3773584905660383,0.39000000000000057,0.3773584905660383,,,,,
HGV,Hilton Grand Vacations Inc,US,USD,USD,"NEW YORK STOCK EXCHANGE, INC.",2016-12-13,3548.884657537467,https://static2.finnhub.io/file/publicdatany/finnhubimage/stock_logo/HGV.png,79.27,"Hotels, Restaurants & Leisure",13026365400,https://www.hiltongrandvacations.com/,58.68,,20260816,AADP,475de93ea41fda75e91d4bdfcacb5ee8,45.93,1.02,46.41,44.5,45.09,44.91,2026-08-14 20:00:00,2026-08-14,2.2712,cadp_finnhub,-0.18000000000000682,-0.39920159680640227,1.9099999999999966,4.292134831460666,0.4799999999999969,1.045068582625728,1.4299999999999997,3.1134334857391677,42.53,3.3999999999999986,7.994356924523862
HR,Healthcare Realty Trust Inc,US,USD,USD,"NEW YORK STOCK EXCHANGE, INC.",2012-06-06,6844.113806900001,https://static2.finnhub.io/file/publicdatany/finnhubimage/stock_logo/942975253036.png,346.52,Real Estate,16152698175,https://www.healthcarerealty.com/,340.68,,20260816,AADP,47712ab2c6cf9b3e98d4e15331192bd0,19.25,0.04,19.43,19.11,19.16,19.21,2026-08-14 20:00:00,2026-08-14,0.2082,cadp_finnhub,0.05000000000000071,0.2609603340292313,0.3200000000000003,1.6745159602302475,0.17999999999999972,0.9350649350649335,0.14000000000000057,0.7272727272727302,20.17,-0.9200000000000017,-4.561229548834912
ATI,ATI Inc,US,USD,USD,"NEW YORK STOCK EXCHANGE, INC.",1987-05-08,31093.421402813947,https://static2.finnhub.io/file/publicdatany/finnhubimage/stock_logo/ATI.png,136.47,Aerospace & Defense,13026587581,https://www.atimaterials.com/,135.23,,20260816,AADP,47767f51d85371af9b4f6b2edf8ae48c,228.48,1.26,229.34,224.0,226.59,227.22,2026-08-14 20:00:00,2026-08-14,0.5545,cadp_finnhub,0.6299999999999955,0.27803521779425194,5.340000000000003,2.383928571428573,0.8600000000000136,0.3764005602240956,4.47999999999999,1.9607843137254857,228.19,0.28999999999999204,0.12708707655900436
WDFC,WD-40 Co,US,USD,USD,NASDAQ NMS - GLOBAL MARKET,1973-01-17,3056.79,https://static2.finnhub.io/file/publicdatany/finnhubimage/stock_logo/WDFC.png,13.42,Consumer products,13026974590,https://www.wd40.com/,13.3,,20260816,AADP,479dbad2ac111f370161827a3dcc192b,229.24,-0.86,231.72,227.62,229.62,230.1,2026-08-14 20:00:00,2026-08-14,-0.3738,cadp_finnhub,0.47999999999998977,0.20904102430101462,4.099999999999994,1.8012476935242925,2.4799999999999898,1.0818356307799641,1.6200000000000045,0.7066829523643362,,,
PATK,Patrick Industries Inc,US,USD,USD,NASDAQ NMS - GLOBAL MARKET,1980-03-17,2922.646086143567,https://static2.finnhub.io/file/publicdatany/finnhubimage/stock_logo/PATK.png,31.74,Auto Components,15742947511,https://patrickind.com/,30.2,,20260816,AADP,47c2f7eb41256cc0d7d0df8f339d5ef0,86.06,-0.4,86.475,84.76,86.1,86.46,2026-08-14 20:00:00,2026-08-14,-0.4626,cadp_finnhub,0.35999999999999943,0.4181184668989541,1.7149999999999892,2.023360075507302,0.41499999999999204,0.4822217057866512,1.2999999999999972,1.5105740181268847,,,
BG,Bunge Global SA,US,USD,USD,"NEW YORK STOCK EXCHANGE, INC.",2001-08-07,20821.870807272477,https://static2.finnhub.io/file/publicdatany/finnhubimage/stock_logo/950866353246.png,192.12,Food Products,13142922000,https://www.bunge.com/,156.79,,20260816,AADP,47f58cf28cc20b48d12aa00651d677a0,113.69,0.96,114.23,112.79,113.0,112.73,2026-08-14 20:00:00,2026-08-14,0.8516,cadp_finnhub,-0.269999999999996,-0.23893805309734162,1.4399999999999977,1.2767089280964603,0.5400000000000063,0.4749758114170167,0.8999999999999915,0.7916263523616778,108.38,5.310000000000002,4.899427938734086
APO,Apollo Global Management Inc,US,USD,USD,"NEW YORK STOCK EXCHANGE, INC.",2011-03-29,75330.4252316006,https://static2.finnhub.io/file/publicdatany/finnhubimage/stock_logo/APO.png,576.52,Financial Services,12125153200,https://www.apollo.com/,418.98,,20260816,AADP,48843642bc7c2ff0bc3bdf574d187af7,,,,,,,,,,cadp_finnhub,,,,,,,,,,,
CHWY,Chewy Inc,US,USD,USD,"NEW YORK STOCK EXCHANGE, INC.",2019-06-14,9633.75185482245,https://static2.finnhub.io/file/publicdatany/finnhubimage/stock_logo/CHWY.png,409.42,Retail,13023513367,https://www.chewy.com/,226.81,,20260816,AADP,48c605541544a96cfa8a822b5409f081,22.42,-0.04,22.55,22.145,22.28,22.46,2026-08-14 20:00:00,2026-08-14,-0.1781,cadp_finnhub,0.17999999999999972,0.8078994614003578,0.40500000000000114,1.8288552720704498,0.129999999999999,0.579839429081173,0.27500000000000213,1.226583407671731,23.85,-1.4299999999999997,-5.995807127882598
TXRH,Texas Roadhouse Inc,US,USD,USD,NASDAQ NMS - GLOBAL MARKET,2004-10-05,13671.759645674212,https://static2.finnhub.io/file/publicdatany/finnhubimage/stock_logo/TXRH.png,65.73,"Hotels, Restaurants & Leisure",15024269984,https://www.texasroadhouse.com/,65.44,,20260816,AADP,48d3c4b25542f8af5d783c9c5bdd1e20,207.1,0.09,207.81,205.83,207.79,207.01,2026-08-14 20:00:00,2026-08-14,0.0435,cadp_finnhub,-0.7800000000000011,-0.3753789884017523,1.9799999999999898,0.9619588981198026,0.710000000000008,0.34282955094157797,1.2699999999999818,0.6132303235152012,208.0,-0.9000000000000057,-0.43269230769231043
GTY,Getty Realty Corp,US,USD,USD,"NEW YORK STOCK EXCHANGE, INC.",1980-03-17,2067.932890155789,https://static2.finnhub.io/file/publicdatany/finnhubimage/stock_logo/942959040726.png,61.93,Real Estate,16463496000,https://gettyrealty.com/,58.18,,20260816,AADP,49208659b91982cb973cf287dddc298a,33.18,0.07,33.589,32.95,32.95,33.11,2026-08-14 20:00:00,2026-08-14,0.2114,cadp_finnhub,0.1599999999999966,0.4855842185128879,0.6389999999999958,1.9393019726858747,0.4089999999999989,1.2326702833031915,0.22999999999999687,0.6931886678722027,,,
TILE,Interface Inc,US,USD,USD,NASDAQ NMS - GLOBAL MARKET,1983-04-15,2222.971437647293,https://static2.finnhub.io/file/publicdatany/finnhubimage/stock_logo/942959086086.png,58.06,Commercial Services & Supplies,17704376800,https://www.interface.com/US/en-US.html?r=1,56.59,,20260816,AADP,494dce8765d37e2d2f584ef0363ee1ae,37.96,-0.77,38.66,37.655,38.62,38.73,2026-08-14 20:00:00,2026-08-14,-1.9881,cadp_finnhub,0.10999999999999943,0.28482651475919063,1.0049999999999955,2.6689682645066934,0.6999999999999957,1.8440463645942984,0.3049999999999997,0.8034773445732342,,,
LGIH,LGI Homes Inc,US,USD,USD,NASDAQ NMS - GLOBAL MARKET,2013-11-07,1395.826254978709,https://static2.finnhub.io/file/publicdatany/finnhubimage/stock_logo/LGIH.png,23.23,Consumer products,12813628998,https://www.lgihomes.com/,19.66,,20260816,AADP,498231df6fc573ce7999dd5d3e340da8,59.8,0.95,60.02,58.375,58.68,58.85,2026-08-14 20:00:00,2026-08-14,1.6143,cadp_finnhub,0.1700000000000017,0.28970688479891227,1.6450000000000031,2.8179871520342665,0.22000000000000597,0.3678929765886388,1.4249999999999972,2.3829431438127044,,,
ENTG,Entegris Inc,US,USD,USD,NASDAQ NMS - GLOBAL MARKET,2000-07-11,23237.823470145395,https://static2.finnhub.io/file/publicdatany/finnhubimage/stock_logo/ENTG.png,152.5,Semiconductors,18009279800,https://www.entegris.com/,151.63,,20260816,AADP,499d23916b1ae12d1387bb37ae9a98d4,161.76,-2.05,163.865,158.76,162.45,163.81,2026-08-14 20:00:00,2026-08-14,-1.2514,cadp_finnhub,1.3600000000000136,0.8371806709756933,5.105000000000018,3.215545477450251,2.105000000000018,1.3013105835806247,3.0,1.85459940652819,150.48,11.280000000000001,7.496012759170655
NHC,National Healthcare Corp,US,USD,USD,NYSE MKT LLC,1983-07-13,3366.657234083299,https://static2.finnhub.io/file/publicdatany/finnhubimage/stock_logo/NHC.png,15.62,Health Care,13026587581,https://nhccare.com/,12.66,,20260816,AADP,49a0e0b439b22f35f3df94bc8af96141,223.59,3.75,226.33,209.33,209.33,219.84,2026-08-14 20:00:00,2026-08-14,1.7058,cadp_finnhub,10.509999999999991,5.020780585678112,17.0,8.121148425930349,2.740000000000009,1.2254573102553823,14.259999999999991,6.377744979650249,,,
NWSA,News Corp,US,USD,USD,NASDAQ NMS - GLOBAL MARKET,2013-06-19,16350.181456651158,https://static2.finnhub.io/file/publicdatany/finnhubimage/stock_logo/NWSA.png,547.45,Media,12124163400,https://newscorp.com/,364.75,,20260816,AADP,49c706a8593ca2d4d0d78f779c8b9201,29.16,0.22,29.25,28.87,29.03,28.94,2026-08-14 20:00:00,2026-08-14,0.7602,cadp_finnhub,-0.08999999999999986,-0.3100241129865651,0.379999999999999,1.3162452372705196,0.08999999999999986,0.30864197530864146,0.28999999999999915,0.9945130315500657,28.49,0.6700000000000017,2.351702351702358
CCL,Carnival Corp,US,USD,USD,"NEW YORK STOCK EXCHANGE, INC.",1987-07-31,39706.13069869538,https://static2.finnhub.io/file/publicdatany/finnhubimage/stock_logo/CCL.png,1369.65,"Hotels, Restaurants & Leisure",13055992600,https://www.carnivalcorp.com/,1272.3,,20260816,AADP,49d76f29f6f64b428d701f32b5fdc594,28.12,-0.3,28.79,28.1,28.4,28.42,2026-08-14 20:00:00,2026-08-14,-1.0556,cadp_finnhub,0.020000000000003126,0.07042253521127861,0.6899999999999977,2.4555160142348673,0.6699999999999982,2.3826458036984284,0.019999999999999574,0.07112375533428014,28.99,-0.8699999999999974,-3.0010348395998534
ENOV,Enovis Corp,US,USD,USD,"NEW YORK STOCK EXCHANGE, INC.",2008-05-08,1531.7408345473207,https://static2.finnhub.io/file/publicdatany/finnhubimage/stock_logo/CFX.png,57.56,Health Care,13022529160,https://www.enovis.com/,56.6,,20260816,AADP,4a33efba178ae61980a9bd37b9c9c858,26.06,0.4,26.44,25.79,25.79,25.66,2026-08-14 20:00:00,2026-08-14,1.5588,cadp_finnhub,-0.129999999999999,-0.5040713454827415,0.6500000000000021,2.5203567274137346,0.38000000000000256,1.4581734458941005,0.2699999999999996,1.036070606293168,,,
VIR,Vir Biotechnology Inc,US,USD,USD,NASDAQ NMS - GLOBAL MARKET,2019-10-11,1536.4193105617978,https://static2.finnhub.io/file/publicdatany/finnhubimage/stock_logo/VIR.png,168.65,Biotechnology,14159064324,https://www.vir.bio/,146.59,,20260816,AADP,4a6d00267341aa22e89a15933ac9b849,9.24,0.24,9.27,8.8,9.0,9.0,2026-08-14 20:00:00,2026-08-14,2.6667,cadp_finnhub,,,0.46999999999999886,5.3409090909090775,0.02999999999999936,0.32467532467531773,0.4399999999999995,4.761904761904756,,,
CNH,CNH Industrial NV,GB,USD,USD,"NEW YORK STOCK EXCHANGE, INC.",2013-09-30,13503.590612740094,https://static2.finnhub.io/file/publicdatany/finnhubimage/stock_logo/CNHI.MI.png,1239.95,Machinery,442079251964,https://www.cnh.com/,868.88,,20260816,AADP,4a865cf44c6837a6418334f4c76ff3d1,10.44,0.05,10.54,10.285,10.35,10.39,2026-08-14 20:00:00,2026-08-14,0.4812,cadp_finnhub,0.040000000000000924,0.38647342995169975,0.254999999999999,2.479338842975197,0.09999999999999964,0.9578544061302648,0.15499999999999936,1.4846743295019096,10.91,-0.47000000000000064,-4.30797433547205
PLNT,Planet Fitness Inc,US,USD,USD,"NEW YORK STOCK EXCHANGE, INC.",2015-08-06,3972.9267531593437,https://static2.finnhub.io/file/publicdatany/finnhubimage/stock_logo/PLNT.png,79.44,"Hotels, Restaurants & Leisure",16037500001,https://investor.planetfitness.com/,78.77,,20260816,AADP,4a916d964c43768c2ab8ec1a97881448,50.36,1.26,51.2,49.15,49.15,49.1,2026-08-14 20:00:00,2026-08-14,2.5662,cadp_finnhub,-0.04999999999999716,-0.10172939979653543,2.0500000000000043,4.170905391658198,0.8400000000000034,1.6679904686259004,1.2100000000000009,2.4027005559968244,48.96,1.3999999999999986,2.8594771241830035
VOYA,Voya Financial Inc,US,USD,USD,"NEW YORK STOCK EXCHANGE, INC.",2013-02-05,9014.951546,https://static2.finnhub.io/file/publicdatany/finnhubimage/stock_logo/VOYA.png,90.67,Financial Services,12123098200,https://www.voya.com/,90.35,,20260816,AADP,4a97d801134d4d921a05134af19f9c9a,101.52,0.44,101.67,100.7,100.94,101.08,2026-08-14 20:00:00,2026-08-14,0.4353,cadp_finnhub,0.14000000000000057,0.13869625520111015,0.9699999999999989,0.9632571996027794,0.15000000000000568,0.14775413711584487,0.8199999999999932,0.8077226162332479,101.4,0.11999999999999034,0.11834319526626265
LUV,Southwest Airlines Co,US,USD,USD,"NEW YORK STOCK EXCHANGE, INC.",1977-06-27,23017.244709426926,https://static2.finnhub.io/file/publicdatany/finnhubimage/stock_logo/LUV.png,489.21,Airlines,12147924000,https://www.southwest.com/,484.18,,20260816,AADP,4aa44a17aa5d5b0cbd27e949a153bfaf,44.26,-0.61,45.14,44.101,44.75,44.87,2026-08-14 20:00:00,2026-08-14,-1.3595,cadp_finnhub,0.11999999999999744,0.26815642458099986,1.0390000000000015,2.355955647264238,0.8800000000000026,1.9882512426570327,0.15899999999999892,0.35924084952552854,47.03,-2.770000000000003,-5.889857537741873
RMBS,Rambus Inc,US,USD,USD,NASDAQ NMS - GLOBAL MARKET,1997-05-14,11011.021794132675,https://static2.finnhub.io/file/publicdatany/finnhubimage/stock_logo/RMBS.png,108.46,Semiconductors,13026587581,https://www.rambus.com/,107.62,,20260816,AADP,4ab5576db97618d83eab8c49c9e02788,100.85,1.52,101.04,97.745,99.06,99.33,2026-08-14 20:00:00,2026-08-14,1.5303,cadp_finnhub,0.269999999999996,0.2725620835857016,3.2950000000000017,3.3710164202772535,0.19000000000001194,0.18839861179971437,3.1049999999999898,3.07882994546355,102.48,-1.6300000000000097,-1.5905542544886901
CSCO,Cisco Systems Inc,US,USD,USD,NASDAQ NMS - GLOBAL MARKET,1990-02-16,478608.41864469537,https://static2.finnhub.io/file/publicdatany/finnhubimage/stock_logo/950800186156.png,3941.43,Communications,13026365401,https://www.cisco.com/,3939.17,,20260816,AADP,4abeed86e1909dcf7c20e836a98a171c,111.68,-1.79,113.68,110.055,112.8,113.47,2026-08-14 20:00:00,2026-08-14,-1.5775,cadp_finnhub,0.6700000000000017,0.5939716312056753,3.625,3.293807641633728,2.0,1.7908309455587392,1.625,1.4550501432664755,122.57,-10.889999999999986,-8.884718936118126
BLFS,BioLife Solutions Inc,US,USD,USD,NASDAQ NMS - GLOBAL MARKET,1989-11-22,1695.7112683300913,https://static2.finnhub.io/file/publicdatany/finnhubimage/stock_logo/BLFS.png,48.92,Life Sciences Tools & Services,13026587581,https://www.biolifesolutions.com/,47.7,,20260816,AADP,4ad8ed7f9f4fb2e0282fe8a15c0efc1c,35.07,-0.16,35.22,34.81,35.17,35.23,2026-08-14 20:00:00,2026-08-14,-0.4542,cadp_finnhub,0.05999999999999517,0.17059994313333854,0.4099999999999966,1.177822464808953,0.14999999999999858,0.427715996578268,0.259999999999998,0.7413743940689992,,,
SCI,Service Corporation International,US,USD,USD,"NEW YORK STOCK EXCHANGE, INC.",1981-05-22,11586.148404699272,https://static2.finnhub.io/file/publicdatany/finnhubimage/stock_logo/SCI.png,136.62,Diversified Consumer Services,17135225141,https://www.sci-corp.com/,132.14,,20260816,AADP,4afed45804ae46a73d5c7b6227cf9fd3,84.23,1.11,84.34,83.12,83.12,83.12,2026-08-14 20:00:00,2026-08-14,1.3354,cadp_finnhub,,,1.2199999999999989,1.4677574590952824,0.10999999999999943,0.1305947999525103,1.1099999999999994,1.3178202540662465,83.4,0.8299999999999983,0.9952038369304534
FNB,FNB Corp,US,USD,USD,"NEW YORK STOCK EXCHANGE, INC.",1986-09-02,6696.428283000001,https://static2.finnhub.io/file/publicdatany/finnhubimage/stock_logo/FNB.png,353.56,Banking,18005555455,https://www.fnb-online.com/,348.06,,20260816,AADP,4b295bdd4e026fe42382128ca7e8fd26,19.48,0.15,19.52,19.25,19.31,19.33,2026-08-14 20:00:00,2026-08-14,0.776,cadp_finnhub,0.019999999999999574,0.10357327809424949,0.2699999999999996,1.4025974025974004,0.03999999999999915,0.20533880903490323,0.23000000000000043,1.180698151950721,18.97,0.5100000000000016,2.68845545598314
BXMT,Blackstone Mortgage Trust Inc,US,USD,USD,"NEW YORK STOCK EXCHANGE, INC.",1980-12-29,2384.89188683526,https://static2.finnhub.io/file/publicdatany/finnhubimage/stock_logo/942959119616.png,168.68,Real Estate,12126550220,https://www.blackstonemortgagetrust.com/,157.05,,20260816,AADP,4b5aeb50369b8b0b6062c7352a76e012,14.48,-0.02,14.73,14.37,14.51,14.5,2026-08-14 20:00:00,2026-08-14,-0.1379,cadp_finnhub,-0.009999999999999787,-0.06891798759476077,0.3600000000000012,2.505219206680593,0.25,1.7265193370165748,0.11000000000000121,0.7596685082873011,,,
PPG,PPG Industries Inc,US,USD,USD,"NEW YORK STOCK EXCHANGE, INC.",1945-12-17,26613.757197608742,https://static2.finnhub.io/file/publicdatany/finnhubimage/stock_logo/PPG.png,222.3,Chemicals,14124343131,https://www.ppg.com/,222.03,,20260816,AADP,4b90f8368768e852cfb8a2a73ffeaf0a,114.11,-0.62,114.65,113.395,113.95,114.73,2026-08-14 20:00:00,2026-08-14,-0.5404,cadp_finnhub,0.7800000000000011,0.6845107503290927,1.2550000000000097,1.1067507385687285,0.5400000000000063,0.473227587415657,0.7150000000000034,0.6265883796336899,115.48,-1.3700000000000045,-1.186352615171462
INSW,International Seaways Inc,US,USD,USD,"NEW YORK STOCK EXCHANGE, INC.",2016-11-16,4574.728902673426,https://static2.finnhub.io/file/publicdatany/finnhubimage/stock_logo/950001694036.png,49.5,Energy,12125781600,https://www.intlseas.com/,41.46,,20260816,AADP,4bacd0ac4229cee5bed180e5437aa8af,97.05,1.9,97.64,95.02,95.63,95.15,2026-08-14 20:00:00,2026-08-14,1.9968,cadp_finnhub,-0.47999999999998977,-0.5019345393704797,2.6200000000000045,2.7573142496316616,0.5900000000000034,0.6079340546110288,2.030000000000001,2.0917053065430204,,,
PEP,PepsiCo Inc,US,USD,USD,NASDAQ NMS - GLOBAL MARKET,1919-12-18,189747.21682506544,https://static2.finnhub.io/file/publicdatany/finnhubimage/stock_logo/PEP.png,1364.89,Beverages,19142532000,https://www.pepsico.com/,1361.98,,20260816,AADP,4bfcf07653ae60e541d4756e768b48d2,140.79,0.17,141.27,140.12,140.62,140.62,2026-08-14 20:00:00,2026-08-14,0.1209,cadp_finnhub,,,1.1500000000000057,0.8207250927776232,0.4800000000000182,0.34093330492223756,0.6699999999999875,0.4758860714539296,138.89,1.9000000000000057,1.3679890560875554
OII,Oceaneering International Inc,US,USD,USD,"NEW YORK STOCK EXCHANGE, INC.",1991-12-17,4774.437205793908,https://static2.finnhub.io/file/publicdatany/finnhubimage/stock_logo/OII.png,99.53,Energy,13026587581,https://www.oceaneering.com/,98.06,,20260816,AADP,4c0d2b942a8c1aa96abf2fc27487aa46,52.2,0.85,53.1,51.255,51.44,51.35,2026-08-14 20:00:00,2026-08-14,1.6553,cadp_finnhub,-0.0899999999999963,-0.17496111975115922,1.8449999999999989,3.5996488147497776,0.8999999999999986,1.72413793103448,0.9450000000000003,1.8103448275862073,,,
POR,Portland General Electric Co,US,USD,USD,"NEW YORK STOCK EXCHANGE, INC.",2006-04-03,5768.659868705192,https://static2.finnhub.io/file/publicdatany/finnhubimage/stock_logo/POR.png,115.73,Utilities,15034648000,https://www.portlandgeneral.com/,115.12,,20260816,AADP,4c9eaf0ce715161d26b4895109b276c7,50.76,0.43,50.8027,50.105,50.23,50.33,2026-08-14 20:00:00,2026-08-14,0.8544,cadp_finnhub,0.10000000000000142,0.1990842126219419,0.6977000000000046,1.392475800818291,0.04270000000000351,0.08412135539795806,0.6550000000000011,1.2903861308116649,48.11,2.6499999999999986,5.508210351278318
MAC,Macerich Co,US,USD,USD,"NEW YORK STOCK EXCHANGE, INC.",1994-03-10,6918.8489808599425,https://static2.finnhub.io/file/publicdatany/finnhubimage/stock_logo/942959044586.png,283.56,Real Estate,13103946000,https://www.macerich.com/,282.56,,20260816,AADP,4cae498f6cfd5503f2d2cdefe90b488c,24.71,0.06,24.95,24.5175,24.58,24.65,2026-08-14 20:00:00,2026-08-14,0.2434,cadp_finnhub,0.07000000000000028,0.28478437754271885,0.432500000000001,1.7640460895278924,0.23999999999999844,0.9712666936462907,0.19250000000000256,0.7790368271954777,,,
AR,Antero Resources Corp,US,USD,USD,"NEW YORK STOCK EXCHANGE, INC.",2013-10-10,10671.207995328654,https://static2.finnhub.io/file/publicdatany/finnhubimage/stock_logo/AR.png,307.44,Energy,13026587581,https://www.anteroresources.com/,293.84,,20260816,AADP,4cd955f8ce7119edf52df48a28b04977,37.37,0.55,37.64,36.76,37.19,36.82,2026-08-14 20:00:00,2026-08-14,1.4938,cadp_finnhub,-0.36999999999999744,-0.9948910997579927,0.8800000000000026,2.39390642002177,0.2700000000000031,0.722504682900731,0.6099999999999994,1.6323253947016307,37.07,0.29999999999999716,0.8092797410304753
WOR,"Worthington Enterprises, Inc",US,USD,USD,"NEW YORK STOCK EXCHANGE, INC.",2000-04-19,2740.93,https://static2.finnhub.io/file/publicdatany/finnhubimage/stock_logo/WOR.png,49.25,Machinery,16144383210,https://www.worthingtonenterprises.com/,30.11,,20260816,AADP,4d4038f68945f1833fd80b92e470c47a,58.66,0.5,59.08,58.05,58.05,58.16,2026-08-14 20:00:00,2026-08-14,0.8597,cadp_finnhub,0.10999999999999943,0.18949181739879317,1.0300000000000011,1.7743324720068925,0.4200000000000017,0.7159904534606235,0.6099999999999994,1.039890896692805,,,
JBL,Jabil Inc,US,USD,USD,"NEW YORK STOCK EXCHANGE, INC.",1998-05-05,35755.45104354112,https://static2.finnhub.io/file/publicdatany/finnhubimage/stock_logo/JBL.png,104.79,Electrical Equipment,13026587581,https://www.jabil.com/,103.34,,20260816,AADP,4d4a81a23225191230b09a2a300f59f5,363.1,-7.26,370.38,360.51,369.69,370.36,2026-08-14 20:00:00,2026-08-14,-1.9603,cadp_finnhub,0.6700000000000159,0.1812329248830144,9.870000000000005,2.737788133477575,7.279999999999973,2.0049573120352444,2.590000000000032,0.713302120627935,341.22,21.879999999999995,6.412285329113181
MRK,Merck & Co Inc,US,USD,USD,"NEW YORK STOCK EXCHANGE, INC.",1941-01-01,317570.01735947933,https://static2.finnhub.io/file/publicdatany/finnhubimage/stock_logo/MRK.png,2469.82,Pharmaceuticals,19087404000,https://www.merck.com/,2467.34,,20260816,AADP,4e12e7448357cf8bdcccaf6401228cf9,135.84,0.29,135.97,133.4,134.43,135.55,2026-08-14 20:00:00,2026-08-14,0.2139,cadp_finnhub,1.1200000000000045,0.8331473629398234,2.569999999999993,1.9265367316341777,0.12999999999999545,0.09570082449940771,2.4399999999999977,1.7962308598350982,128.58,7.259999999999991,5.646290247316839
GSHD,Goosehead Insurance Inc,US,USD,USD,NASDAQ NMS - GLOBAL MARKET,2018-04-27,2315.630609924992,https://static2.finnhub.io/file/publicdatany/finnhubimage/stock_logo/GSHD.png,35.52,Insurance,12148385500,https://ir.gooseheadinsurance.com/,22.91,,20260816,AADP,4eb0571c171a642581074c06f0fd1167,66.29,-1.11,67.315,65.02,67.18,67.4,2026-08-14 20:00:00,2026-08-14,-1.6469,cadp_finnhub,0.21999999999999886,0.3274784161952945,2.2950000000000017,3.529683174407877,1.0249999999999915,1.54623623472619,1.2700000000000102,1.9158244079046767,,,
MGY,Magnolia Oil & Gas Corp,US,USD,USD,"NEW YORK STOCK EXCHANGE, INC.",2017-06-26,5943.172423146667,https://static2.finnhub.io/file/publicdatany/finnhubimage/stock_logo/MGY.png,236.97,Energy,17138429050,https://www.magnoliaoilgas.com/,233.14,,20260816,AADP,4ebe8a86b99d73ba0dbc88d9ff0882a2,26.24,0.38,26.36,25.84,26.1,25.86,2026-08-14 20:00:00,2026-08-14,1.4695,cadp_finnhub,-0.240000000000002,-0.9195402298850651,0.5199999999999996,2.012383900928791,0.120000000000001,0.4573170731707355,0.3999999999999986,1.5243902439024337,,,
BANF,BancFirst Corp,US,USD,USD,NASDAQ NMS - GLOBAL MARKET,1993-04-01,3795.5977277836414,https://static2.finnhub.io/file/publicdatany/finnhubimage/stock_logo/BANF.png,33.6,Banking,14052701000,https://www.bancfirst.bank/,23.13,,20260816,AADP,4ec5151558031cbff244802fee0f38f7,115.72,0.04,116.11,114.68,115.36,115.68,2026-08-14 20:00:00,2026-08-14,0.0346,cadp_finnhub,0.3200000000000074,0.27739251040222557,1.4299999999999926,1.2469480292989121,0.39000000000000057,0.3370203940546151,1.039999999999992,0.8987210508122987,,,
SABR,Sabre Corp,US,USD,USD,NASDAQ NMS - GLOBAL MARKET,2014-04-17,818.2985208348214,https://static2.finnhub.io/file/publicdatany/finnhubimage/stock_logo/SABR.png,395.31,"Hotels, Restaurants & Leisure",13026587581,https://investors.sabre.com/,314.36,,20260816,AADP,4ee99cf83880db102c34c59416ba1fbb,2.23,0.02,2.29,2.145,2.2,2.21,2026-08-14 20:00:00,2026-08-14,0.905,cadp_finnhub,0.009999999999999787,0.4545454545454448,0.14500000000000002,6.75990675990676,0.06000000000000005,2.690582959641258,0.08499999999999996,3.8116591928251107,,,
XHR,Xenia Hotels & Resorts Inc,US,USD,USD,"NEW YORK STOCK EXCHANGE, INC.",2015-02-04,1852.3,https://static2.finnhub.io/file/publicdatany/finnhubimage/stock_logo/950439529656.png,92.25,Real Estate,14073176950,https://xeniareit.com/,91.57,,20260816,AADP,4f914e65a29d5493ba274a35d082ef99,19.16,0.11,19.441,19.0,19.0,19.05,2026-08-14 20:00:00,2026-08-14,0.5774,cadp_finnhub,0.05000000000000071,0.2631578947368458,0.44099999999999895,2.321052631578942,0.2809999999999988,1.4665970772442527,0.16000000000000014,0.835073068893529,,,
CON,Concentra Group Holdings Parent Inc,US,USD,USD,"NEW YORK STOCK EXCHANGE, INC.",2024-07-25,4358.378506506877,https://static2.finnhub.io/file/publicdatany/finnhubimage/stock_logo/950878165386.png,127.96,Health Care,13026587581,https://ir.concentra.com/,114.23,,20260816,AADP,4f938903e64916a6e10f3ae0514faef4,35.43,0.31,35.52,34.9,34.91,35.12,2026-08-14 20:00:00,2026-08-14,0.8827,cadp_finnhub,0.21000000000000085,0.6015468347178484,0.6200000000000045,1.7765042979942822,0.09000000000000341,0.2540220152413305,0.5300000000000011,1.495907423087782,,,
FTI,TechnipFMC PLC,GB,USD,USD,"NEW YORK STOCK EXCHANGE, INC.",2017-01-17,27302.484355000004,https://static2.finnhub.io/file/publicdatany/finnhubimage/stock_logo/FTI.png,398.7,Energy,441912950303,https://www.technipfmc.com/,385.32,,20260816,AADP,505040073c5125849b230912c56203ea,78.61,1.94,79.23,76.6,76.95,76.67,2026-08-14 20:00:00,2026-08-14,2.5303,cadp_finnhub,-0.28000000000000114,-0.36387264457440044,2.6300000000000097,3.4334203655352606,0.6200000000000045,0.7887037272611684,2.010000000000005,2.55692659966926,69.78,8.829999999999998,12.654055603324732
CRBG,Corebridge Financial Inc,US,USD,USD,"NEW YORK STOCK EXCHANGE, INC.",2022-09-15,15013.617799009702,https://static2.finnhub.io/file/publicdatany/finnhubimage/stock_logo/950350957696.png,445.77,Financial Services,18009279800,https://www.corebridgefinancial.com/,382.12,,20260816,AADP,50671b47c80c02de9dfdd43bb1685b9b,34.47,0.17,34.525,34.16,34.25,34.3,2026-08-14 20:00:00,2026-08-14,0.4956,cadp_finnhub,0.04999999999999716,0.14598540145984573,0.365000000000002,1.0685011709601933,0.054999999999999716,0.15955903684363132,0.3100000000000023,0.8993327531186606,33.68,0.7899999999999991,2.3456057007125866
GEN,Gen Digital Inc,US,USD,USD,NASDAQ NMS - GLOBAL MARKET,1989-06-23,17460.493876202137,https://static2.finnhub.io/file/publicdatany/finnhubimage/stock_logo/NLOK.png,598.58,Technology,13026365400,https://www.gendigital.com/us/en/,540.36,,20260816,AADP,50c5bcd85097d0ab9aa7ce736df772c9,28.48,-1.09,29.7,28.425,29.62,29.57,2026-08-14 20:00:00,2026-08-14,-3.6862,cadp_finnhub,-0.05000000000000071,-0.1688048615800159,1.2749999999999986,4.485488126649071,1.2199999999999989,4.283707865168536,0.054999999999999716,0.19311797752808887,29.17,-0.6900000000000013,-2.3654439492629455
ACI,Albertsons Companies Inc,US,USD,USD,"NEW YORK STOCK EXCHANGE, INC.",2020-06-26,5828.761423361755,https://static2.finnhub.io/file/publicdatany/finnhubimage/stock_logo/ACI.png,485.33,Retail,12083956200,https://www.albertsonscompanies.com/,327.39,,20260816,AADP,50f268a4c669e0136b7291d0966b4884,12.42,0.02,12.545,12.275,12.42,12.4,2026-08-14 20:00:00,2026-08-14,0.1613,cadp_finnhub,-0.019999999999999574,-0.1610305958132011,0.2699999999999996,2.199592668024436,0.125,1.0064412238325282,0.14499999999999957,1.1674718196457292,12.13,0.28999999999999915,2.3907666941467363
AOSL,Alpha and Omega Semiconductor Ltd,US,USD,USD,NASDAQ NMS - GLOBAL MARKET,2010-04-29,1079.8592622046206,https://static2.finnhub.io/file/publicdatany/finnhubimage/stock_logo/AOSL.png,29.93,Semiconductors,14088309742,https://aosmd.com/,25.65,,20260816,AADP,5151ee89ff04e63e4f9590260b4ee393,30.77,0.15,31.46,29.76,30.66,30.62,2026-08-14 20:00:00,2026-08-14,0.4899,cadp_finnhub,-0.03999999999999915,-0.13046314416177152,1.6999999999999993,5.712365591397846,0.6900000000000013,2.242443938901532,1.009999999999998,3.2824179395515047,,,
TEX,Terex Corp,US,USD,USD,"NEW YORK STOCK EXCHANGE, INC.",1991-03-19,7741.539025910483,https://static2.finnhub.io/file/publicdatany/finnhubimage/stock_logo/TEX.png,114.2,Machinery,12032227170,https://www.terex.com/,112.17,,20260816,AADP,519372076dc7c138f6c77a7624a45f70,67.92,1.72,68.31,66.23,66.57,66.2,2026-08-14 20:00:00,2026-08-14,2.5982,cadp_finnhub,-0.36999999999999034,-0.5558059185819294,2.0799999999999983,3.140570738336099,0.39000000000000057,0.5742049469964672,1.6899999999999977,2.4882214369846842,67.73,0.18999999999999773,0.28052561641812745
CWK,Cushman & Wakefield Ltd,BM,USD,USD,"NEW YORK STOCK EXCHANGE, INC.",2018-08-02,3246.090425439971,https://static2.finnhub.io/file/publicdatany/finnhubimage/stock_logo/CWK.png,234.3,Real Estate,14412983300,https://www.cushmanwakefield.com/en/united-kingdom,232.38,,20260816,AADP,51b06752635a4dd7b30e64112a6270b6,14.4,0.03,14.415,14.11,14.33,14.37,2026-08-14 20:00:00,2026-08-14,0.2088,cadp_finnhub,0.03999999999999915,0.27913468248429274,0.3049999999999997,2.1615875265768936,0.014999999999998792,0.10416666666665828,0.2900000000000009,2.013888888888895,,,
KMX,Carmax Inc,US,USD,USD,"NEW YORK STOCK EXCHANGE, INC.",1997-02-07,8256.38723884671,https://static2.finnhub.io/file/publicdatany/finnhubimage/stock_logo/KMX.png,141.91,Retail,18047470422,https://www.carmax.com/,141.25,,20260816,AADP,51dec6bf4e1f5940b0c1706b29630884,59.92,-0.13,60.84,59.43,60.58,60.05,2026-08-14 20:00:00,2026-08-14,-0.2165,cadp_finnhub,-0.5300000000000011,-0.8748761967646106,1.4100000000000037,2.372539121655736,0.9200000000000017,1.535380507343127,0.490000000000002,0.8177570093457976,,,
RMD,Resmed Inc,US,USD,USD,"NEW YORK STOCK EXCHANGE, INC.",1995-06-01,30743.253427392578,https://static2.finnhub.io/file/publicdatany/finnhubimage/stock_logo/RMD.png,145.06,Health Care,13026365400,https://www.resmed.com/,144.32,,20260816,AADP,51fba7483654d54a1b112c6676dd9f3a,224.46,-2.28,228.5475,223.79,228.12,226.74,2026-08-14 20:00:00,2026-08-14,-1.0056,cadp_finnhub,-1.3799999999999955,-0.6049447659126755,4.757500000000022,2.1258769382010017,4.087500000000006,1.8210371558406868,0.6700000000000159,0.2984941637708348,220.05,4.409999999999997,2.0040899795501006
BRC,Brady Corp,US,USD,USD,"NEW YORK STOCK EXCHANGE, INC.",1984-06-29,4570.882741020562,https://static2.finnhub.io/file/publicdatany/finnhubimage/stock_logo/BRC.png,47.11,Commercial Services & Supplies,14143586600,https://www.bradyid.com/,42.09,,20260816,AADP,5205ebb38c69fe76d05a99217402ae85,94.14,0.19,94.51,92.641,93.72,93.95,2026-08-14 20:00:00,2026-08-14,0.2022,cadp_finnhub,0.23000000000000398,0.24541186513017924,1.8689999999999998,2.017465269157284,0.37000000000000455,0.39303165498194664,1.4989999999999952,1.5923093265349428,,,
MCO,Moody's Corp,US,USD,USD,"NEW YORK STOCK EXCHANGE, INC.",1998-06-19,82746.29939616067,https://static2.finnhub.io/file/publicdatany/finnhubimage/stock_logo/MCO.png,173.18,Financial Services,12125530300,https://www.moodys.com/,148.27,,20260816,AADP,52194e4ef06a82226ec6611dc7289c4f,484.96,-3.46,488.21,480.34,487.11,488.42,2026-08-14 20:00:00,2026-08-14,-0.7084,cadp_finnhub,1.3100000000000023,0.26893309519410447,7.8700000000000045,1.6384227838614325,3.25,0.6701583635763775,4.6200000000000045,0.9526558891454975,478.14,6.819999999999993,1.4263604801940841
RES,RPC Inc,US,USD,USD,"NEW YORK STOCK EXCHANGE, INC.",1984-07-02,1301.1266368404074,https://static2.finnhub.io/file/publicdatany/finnhubimage/stock_logo/RES.png,221.64,Energy,13026365400,https://www.rpc.net/,99.4,,20260816,AADP,5226b7f97699726be8ea9d9209d7c2c3,6.36,0.08,6.49,6.3,6.31,6.28,2026-08-14 20:00:00,2026-08-14,1.2739,cadp_finnhub,-0.02999999999999936,-0.4754358161648076,0.1900000000000004,3.015873015873022,0.1299999999999999,2.0440251572327024,0.0600000000000005,0.9433962264151021,,,
CCK,Crown Holdings Inc,US,USD,USD,"NEW YORK STOCK EXCHANGE, INC.",1980-03-17,13126.305264236085,https://static2.finnhub.io/file/publicdatany/finnhubimage/stock_logo/CCK.png,108.77,Packaging,12156985100,https://www.crowncork.com/,107.73,,20260816,AADP,52c5bd729edec49f673504a1664f2713,119.02,0.65,119.87,117.03,118.27,118.37,2026-08-14 20:00:00,2026-08-14,0.5491,cadp_finnhub,0.10000000000000853,0.08455229559483261,2.8400000000000034,2.42672818935316,0.8500000000000085,0.7141656864392611,1.9899999999999949,1.6719879011930727,120.83,-1.8100000000000023,-1.4979723578581496
KBH,KB Home,US,USD,USD,"NEW YORK STOCK EXCHANGE, INC.",1986-08-01,3592.136936153995,https://static2.finnhub.io/file/publicdatany/finnhubimage/stock_logo/KBH.png,61.31,Consumer products,13026365400,https://www.kbhome.com/,58.43,,20260816,AADP,52e33de828dd78c4bc3c9a2503f2b69e,56.06,-0.27,56.63,55.615,56.05,56.33,2026-08-14 20:00:00,2026-08-14,-0.4793,cadp_finnhub,0.28000000000000114,0.49955396966993965,1.0150000000000006,1.8250471994965396,0.5700000000000003,1.0167677488405285,0.4450000000000003,0.7937923653228688,58.59,-2.530000000000001,-4.318143027820449
SYY,Sysco Corp,US,USD,USD,"NEW YORK STOCK EXCHANGE, INC.",1981-01-20,40306.009501318804,https://static2.finnhub.io/file/publicdatany/finnhubimage/stock_logo/SYY.png,478.5,Retail,12815841390,https://www.sysco.com/,477.69,,20260816,AADP,5351696e5a6725c5d16cc1ba8ff6e654,82.99,-0.56,84.0,82.86,83.43,83.55,2026-08-14 20:00:00,2026-08-14,-0.6703,cadp_finnhub,0.11999999999999034,0.1438331535418798,1.1400000000000006,1.3758146270818254,1.0100000000000051,1.2170140980841129,0.12999999999999545,0.15664537896131517,84.29,-1.3000000000000114,-1.5422944596037622
NPK,National Presto Industries Inc,US,USD,USD,"NEW YORK STOCK EXCHANGE, INC.",1980-03-17,988.8422857721068,https://static2.finnhub.io/file/publicdatany/finnhubimage/stock_logo/942959045936.png,7.17,Aerospace & Defense,17158392121,https://www.gopresto.com/,5.31,,20260816,AADP,5353b499956ac896bbbe0edda5330c87,139.86,2.06,140.81,137.17,139.0,137.8,2026-08-14 20:00:00,2026-08-14,1.4949,cadp_finnhub,-1.1999999999999886,-0.8633093525179775,3.640000000000015,2.653641466793042,0.9499999999999886,0.6792506792506711,2.690000000000026,1.923351923351942,,,
CRL,Charles River Laboratories International Inc,US,USD,USD,"NEW YORK STOCK EXCHANGE, INC.",2000-06-23,12769.671482081241,https://static2.finnhub.io/file/publicdatany/finnhubimage/stock_logo/CRL.png,48.17,Life Sciences Tools & Services,17812226000,https://www.criver.com/,47.92,,20260816,AADP,5354d2e4b75314608031b353c6b69e13,280.05,-1.22,283.195,276.6575,280.06,281.27,2026-08-14 20:00:00,2026-08-14,-0.4337,cadp_finnhub,1.2099999999999795,0.43205027494107673,6.537499999999966,2.3630301003948797,3.144999999999982,1.1230137475450748,3.392499999999984,1.2113908230673038,261.11,18.939999999999998,7.253647887863352
KBR,KBR Inc,US,USD,USD,"NEW YORK STOCK EXCHANGE, INC.",2006-11-16,4795.61742414586,https://static2.finnhub.io/file/publicdatany/finnhubimage/stock_logo/KBR.png,126.79,Professional Services,13026587581,https://www.kbr.com,124.47,,20260816,AADP,53a405be4d8efe28242ee71f8a212320,38.37,0.21,38.505,37.85,38.26,38.16,2026-08-14 20:00:00,2026-08-14,0.5503,cadp_finnhub,-0.10000000000000142,-0.2613695765812897,0.6550000000000011,1.7305151915455774,0.13500000000000512,0.3518373729476287,0.519999999999996,1.3552254365389524,38.29,0.0799999999999983,0.2089318359885043
CGNX,Cognex Corp,US,USD,USD,NASDAQ NMS - GLOBAL MARKET,1989-07-20,11131.796480383347,https://static2.finnhub.io/file/publicdatany/finnhubimage/stock_logo/CGNX.png,166.42,Electrical Equipment,15086503000,https://www.cognex.com/,165.81,,20260816,AADP,53c23debb1e54a22d18fffd8fd20b83d,65.63,4.04,65.66,61.5,61.51,61.59,2026-08-14 20:00:00,2026-08-14,6.5595,cadp_finnhub,0.0800000000000054,0.13006015282068836,4.159999999999997,6.764227642276417,0.030000000000001137,0.04571080298644087,4.1299999999999955,6.29285387779978,67.96,-2.3299999999999983,-3.428487345497349
NWL,Newell Brands Inc,US,USD,USD,NASDAQ NMS - GLOBAL MARKET,1979-06-28,2559.658955074751,https://static2.finnhub.io/file/publicdatany/finnhubimage/stock_logo/NWL.png,424.9,Consumer products,18009279800,https://www.newellbrands.com/,418.53,,20260816,AADP,53f6f90e1f5fbbf9e842e25975c0fbe4,6.24,0.07,6.28,6.09,6.12,6.17,2026-08-14 20:00:00,2026-08-14,1.1345,cadp_finnhub,0.04999999999999982,0.8169934640522847,0.1900000000000004,3.119868637110023,0.040000000000000036,0.6410256410256416,0.15000000000000036,2.4038461538461595,,,
WINA,Winmark Corp,US,USD,USD,NASDAQ NMS - GLOBAL MARKET,1993-08-25,1190.27,https://static2.finnhub.io/file/publicdatany/finnhubimage/stock_logo/942959066216.png,3.59,Retail,17635208500,https://www.winmarkcorporation.com,2.98,,20260816,AADP,53f9de805b05efecf1e13bfa9efb2f99,351.01,1.41,357.71,347.83,349.13,349.6,2026-08-14 20:00:00,2026-08-14,0.4033,cadp_finnhub,0.4700000000000273,0.13462034199296175,9.879999999999995,2.8404680447344957,6.699999999999989,1.9087775277057601,3.180000000000007,0.9059570952394538,,,
EBAY,eBay Inc,US,USD,USD,NASDAQ NMS - GLOBAL MARKET,1998-09-23,49719.11972447267,https://static2.finnhub.io/file/publicdatany/finnhubimage/stock_logo/EBAY.png,444.0,Retail,13026587581,https://www.ebayinc.com/,399.25,,20260816,AADP,5458ccffac613fc11a903cc6b133b743,103.14,-1.44,104.81,102.99,104.59,104.58,2026-08-14 20:00:00,2026-08-14,-1.3769,cadp_finnhub,-0.010000000000005116,-0.009561143512769018,1.8200000000000074,1.767161860374801,1.6700000000000017,1.6191584254411497,0.15000000000000568,0.14543339150669543,111.98,-8.840000000000003,-7.894266833363103
COLB,Columbia Banking System Inc,US,USD,USD,NASDAQ NMS - GLOBAL MARKET,1992-06-16,8837.867507685467,https://static2.finnhub.io/file/publicdatany/finnhubimage/stock_logo/942959059886.png,282.82,Banking,12533051900,https://www.columbiabankingsystem.com/corporate-profile/default.aspx,280.51,,20260816,AADP,54761651eaf24333e179523f290cc0af,32.69,0.25,32.78,32.31,32.46,32.44,2026-08-14 20:00:00,2026-08-14,0.7707,cadp_finnhub,-0.020000000000003126,-0.06161429451633742,0.46999999999999886,1.4546580006189997,0.09000000000000341,0.2753135515448254,0.37999999999999545,1.162434995411427,31.24,1.4499999999999993,4.64148527528809
BRO,Brown & Brown Inc,US,USD,USD,"NEW YORK STOCK EXCHANGE, INC.",1997-12-08,23901.2175142481,https://static2.finnhub.io/file/publicdatany/finnhubimage/stock_logo/BRO.png,334.61,Insurance,13862529601,https://www.bbrown.com/,289.94,,20260816,AADP,548f0b2c37fd127cb4911eb0199ca2fd,70.54,-1.07,71.455,70.5,71.36,71.61,2026-08-14 20:00:00,2026-08-14,-1.4942,cadp_finnhub,0.25,0.3503363228699552,0.9549999999999983,1.3546099290780118,0.914999999999992,1.2971363765239468,0.04000000000000625,0.05670541536717642,71.73,-1.1899999999999977,-1.6589990241182178
BC,Brunswick Corp,US,USD,USD,"NEW YORK STOCK EXCHANGE, INC.",1907-12-31,5284.230575585231,https://static2.finnhub.io/file/publicdatany/finnhubimage/stock_logo/BC.png,64.97,Leisure Products,13023513367,https://www.brunswick.com/,63.91,,20260816,AADP,54dbb738a1ef2324e8c251f330b1fa9b,82.67,1.07,82.73,80.87,81.07,81.6,2026-08-14 20:00:00,2026-08-14,1.3113,cadp_finnhub,0.5300000000000011,0.6537560133218221,1.8599999999999994,2.299987634475083,0.060000000000002274,0.07257771864038015,1.7999999999999972,2.1773315592113187,80.43,2.239999999999995,2.7850304612706633
LNT,Alliant Energy Corp,US,USD,USD,NASDAQ NMS - GLOBAL MARKET,1976-03-30,17986.578665105873,https://static2.finnhub.io/file/publicdatany/finnhubimage/stock_logo/LNT.png,258.28,Utilities,16084583311,https://www.alliantenergy.com/,257.86,,20260816,AADP,5522995a5a70d67fb7ad6cecb650918a,,,,,,,,,,cadp_finnhub,,,,,,,,,,,
SHEN,Shenandoah Telecommunications Co,US,USD,USD,NASDAQ NMS - GLOBAL MARKET,1994-03-24,746.3158946428039,https://static2.finnhub.io/file/publicdatany/finnhubimage/stock_logo/SHEN.png,55.36,Telecommunication,15409844141,https://www.shentel.com/,49.11,,20260816,AADP,552fe5c41fd75f46728d408477ca50a6,13.27,-0.16,13.7,13.23,13.7,13.43,2026-08-14 20:00:00,2026-08-14,-1.1914,cadp_finnhub,-0.2699999999999996,-1.9708029197080261,0.46999999999999886,3.552532123960687,0.4299999999999997,3.240391861341369,0.03999999999999915,0.3014318010550049,,,
NEE,Nextera Energy Inc,US,USD,USD,"NEW YORK STOCK EXCHANGE, INC.",1950-02-15,176578.0574966933,https://static2.finnhub.io/file/publicdatany/finnhubimage/stock_logo/NEE.png,2085.98,Utilities,15616946333,https://www.nexteraenergy.com/,2083.39,,20260816,AADP,553411c646bbc556904419501ec09908,86.19,0.18,86.53,85.83,86.02,86.01,2026-08-14 20:00:00,2026-08-14,0.2093,cadp_finnhub,-0.009999999999990905,-0.011625203441049647,0.7000000000000028,0.8155656530350726,0.3400000000000034,0.39447731755424464,0.35999999999999943,0.4176818656456659,84.65,1.539999999999992,1.819255759007669
FIX,Comfort Systems USA Inc,US,USD,USD,"NEW YORK STOCK EXCHANGE, INC.",1997-06-27,59638.54818527749,https://static2.finnhub.io/file/publicdatany/finnhubimage/stock_logo/FIX.png,35.19,Construction,13026365400,https://comfortsystemsusa.com/,34.79,,20260816,AADP,5541c002a2aab4928562dd93f53be02a,1774.06,46.42,1797.0,1725.0,1732.0,1727.64,2026-08-14 20:00:00,2026-08-14,2.6869,cadp_finnhub,-4.3599999999999,-0.2517321016166224,72.0,4.173913043478262,22.940000000000055,1.2930791517761548,49.059999999999945,2.7654081598142084,1694.55,79.50999999999999,4.6921011477973495
LW,Lamb Weston Holdings Inc,US,USD,USD,"NEW YORK STOCK EXCHANGE, INC.",2016-10-31,7186.1327085293,https://static2.finnhub.io/file/publicdatany/finnhubimage/stock_logo/LW.png,137.48,Food Products,12089381047,https://www.lambweston.com/,131.26,,20260816,AADP,55432767a6d0a87d0de19fca45c85d6d,53.07,-0.71,53.71,53.0,53.67,53.78,2026-08-14 20:00:00,2026-08-14,-1.3202,cadp_finnhub,0.10999999999999943,0.20495621389975668,0.7100000000000009,1.3396226415094354,0.6400000000000006,1.2059543998492568,0.07000000000000028,0.1319012624835129,,,
NBTB,NBT Bancorp Inc,US,USD,USD,NASDAQ NMS - GLOBAL MARKET,1992-03-17,2738.8587572840675,https://static2.finnhub.io/file/publicdatany/finnhubimage/stock_logo/942959072376.png,52.01,Banking,13026365400,http://www.nbtbancorp.com/,50.46,,20260816,AADP,559afaa7567e19b104e851932458b3e3,53.56,-0.01,53.91,53.375,53.39,53.57,2026-08-14 20:00:00,2026-08-14,-0.0187,cadp_finnhub,0.17999999999999972,0.3371417868514698,0.5349999999999966,1.0023419203747008,0.3499999999999943,0.653472740851371,0.18500000000000227,0.34540702016430597,,,
TDS,Telephone and Data Systems Inc,US,USD,USD,"NEW YORK STOCK EXCHANGE, INC.",1981-12-15,3505.774100772222,https://static2.finnhub.io/file/publicdatany/finnhubimage/stock_logo/TDS.png,113.8,Telecommunication,13026587581,https://www.tdsinc.com/,96.9,,20260816,AADP,559d8d5f197f7fbdb925c50576d124da,35.21,0.17,35.405,34.53,34.53,35.04,2026-08-14 20:00:00,2026-08-14,0.4852,cadp_finnhub,0.509999999999998,1.476976542137266,0.875,2.5340283811178685,0.19500000000000028,0.5538199375177515,0.6799999999999997,1.9312695257029242,,,
CWST,Casella Waste Systems Inc,US,USD,USD,NASDAQ NMS - GLOBAL MARKET,1997-10-29,5687.364879309971,https://static2.finnhub.io/file/publicdatany/finnhubimage/stock_logo/CWST.png,63.61,Commercial Services & Supplies,13026587581,https://www.casella.com/,62.22,,20260816,AADP,55bb0fa825ce128d93e383528782c87b,90.72,-0.31,91.5843,90.075,91.09,91.03,2026-08-14 20:00:00,2026-08-14,-0.3405,cadp_finnhub,-0.060000000000002274,-0.06586892084751594,1.509299999999996,1.675603663613651,0.8643000000000001,0.9527116402116403,0.644999999999996,0.7109788359788316,,,
ELF,elf Beauty Inc,US,USD,USD,"NEW YORK STOCK EXCHANGE, INC.",2016-09-22,5804.708760825153,https://static2.finnhub.io/file/publicdatany/finnhubimage/stock_logo/ELF.png,58.94,Consumer products,13026587581,https://www.elfbeauty.com/,57.2,,20260816,AADP,55eb90de142c8579b726228403806c5b,91.44,-0.61,94.5,91.17,91.61,92.05,2026-08-14 20:00:00,2026-08-14,-0.6627,cadp_finnhub,0.4399999999999977,0.48029691081759385,3.3299999999999983,3.6525172754195436,3.0600000000000023,3.3464566929133883,0.269999999999996,0.29527559055117675,95.24,-3.799999999999997,-3.9899202015959654
EAT,Brinker International Inc,US,USD,USD,"NEW YORK STOCK EXCHANGE, INC.",1984-01-09,9658.33064262419,https://static2.finnhub.io/file/publicdatany/finnhubimage/stock_logo/EAT.png,42.89,"Hotels, Restaurants & Leisure",13026365400,https://www.brinker.com/,42.35,,20260816,AADP,56073457645d9f5ca3b7ae4e77e01637,237.15,-1.46,239.82,235.0,238.41,238.61,2026-08-14 20:00:00,2026-08-14,-0.6119,cadp_finnhub,0.20000000000001705,0.08388909861164258,4.819999999999993,2.051063829787231,2.6699999999999875,1.1258697027197924,2.1500000000000057,0.9065991988193152,,,
IART,Integra Lifesciences Holdings Corp,US,USD,USD,NASDAQ NMS - GLOBAL MARKET,1995-08-16,1341.5757702631577,https://static2.finnhub.io/file/publicdatany/finnhubimage/stock_logo/IART.png,77.77,Health Care,13026365400,https://www.integralife.com/,66.54,,20260816,AADP,560d2c548895a8bf479d9e920e8c5da8,18.34,0.1,18.45,17.73,18.1,18.24,2026-08-14 20:00:00,2026-08-14,0.5482,cadp_finnhub,0.13999999999999702,0.7734806629834089,0.7199999999999989,4.06091370558375,0.10999999999999943,0.599781897491818,0.6099999999999994,3.3260632497273686,,,
NDAQ,Nasdaq Inc,US,USD,USD,NASDAQ NMS - GLOBAL MARKET,2002-07-08,52873.666395826505,https://static2.finnhub.io/file/publicdatany/finnhubimage/stock_logo/NDAQ.png,558.98,Financial Services,12124018700,https://www.nasdaq.com/,438.73,,20260816,AADP,56777eebec23532fe4c1f06c9056340f,97.02,-0.57,97.9,96.55,97.76,97.59,2026-08-14 20:00:00,2026-08-14,-0.5841,cadp_finnhub,-0.1700000000000017,-0.17389525368248945,1.3500000000000085,1.3982392542724065,0.8800000000000097,0.9070294784580598,0.46999999999999886,0.48443619872191185,95.33,1.6899999999999977,1.7727892583656746
VSXY,Victoria's Secret & Co,US,USD,USD,"NEW YORK STOCK EXCHANGE, INC.",2021-07-21,6990.501872944923,https://static2.finnhub.io/file/publicdatany/finnhubimage/stock_logo/VSCO.png,79.49,Retail,13026587581,https://www.victoriassecretandco.com/,71.15,,20260816,AADP,56a338859a73d56358715d12fbac0651,89.02,-2.04,91.0,88.18,91.0,91.06,2026-08-14 20:00:00,2026-08-14,-2.2403,cadp_finnhub,0.060000000000002274,0.06593406593406843,2.819999999999993,3.198004082558395,1.980000000000004,2.224219276567068,0.8399999999999892,0.9436081779375302,,,
CHRD,Chord Energy Corp,US,USD,USD,NASDAQ NMS - GLOBAL MARKET,2010-06-17,7394.89767267585,https://static2.finnhub.io/file/publicdatany/finnhubimage/stock_logo/OAS.png,56.3,Energy,12814049500,https://www.chordenergy.com/,55.88,,20260816,AADP,56b1e7f6a0baadc2f84d88c99b4b6be6,137.32,2.865,139.1299,134.57,136.5,134.455,2026-08-14 20:00:00,2026-08-14,2.1308,cadp_finnhub,-2.0449999999999875,-1.498168498168489,4.559899999999999,3.3884966931708402,1.809899999999999,1.3180163122633257,2.75,2.0026216137489077,131.35,5.969999999999999,4.54510848877046
AHR,American Healthcare REIT Inc,US,USD,USD,"NEW YORK STOCK EXCHANGE, INC.",2023-01-17,11839.296159432644,https://static2.finnhub.io/file/publicdatany/finnhubimage/stock_logo/950464407826.png,192.72,Real Estate,19492709200,https://www.americanhealthcarereit.com/,191.31,,20260816,AADP,56c166bebae5a725e470e4cf60167668,54.31,0.71,54.52,53.54,54.01,53.6,2026-08-14 20:00:00,2026-08-14,1.3246,cadp_finnhub,-0.4099999999999966,-0.7591186817256,0.980000000000004,1.8304071722077024,0.21000000000000085,0.3866691217087108,0.7700000000000031,1.4177867795986063,56.74,-2.4299999999999997,-4.282692985548113
ADP,Automatic Data Processing Inc,US,USD,USD,NASDAQ NMS - GLOBAL MARKET,1961-09-01,107785.33490053657,https://static2.finnhub.io/file/publicdatany/finnhubimage/stock_logo/ADP.png,397.8,Professional Services,13026587581,https://www.adp.com/,397.18,,20260816,AADP,56db1d2355ac2d3b99fe35afc03489bd,272.96,-3.27,277.33,271.43,276.87,276.23,2026-08-14 20:00:00,2026-08-14,-1.1838,cadp_finnhub,-0.6399999999999864,-0.2311554158991535,5.899999999999977,2.1736727701433067,4.3700000000000045,1.6009671746776102,1.5299999999999727,0.5605216881594273,271.32,1.6399999999999864,0.6044523072386799
RBC,RBC Bearings Inc,US,USD,USD,"NEW YORK STOCK EXCHANGE, INC.",2005-08-10,17958.705999980586,https://static2.finnhub.io/file/publicdatany/finnhubimage/stock_logo/ROLL.png,31.59,Machinery,12032677001,https://www.rbcbearings.com/,31.08,,20260816,AADP,56eeb084bb26ce94d4cd30e10aba1c06,560.49,6.24,561.17,550.0,550.97,554.25,2026-08-14 20:00:00,2026-08-14,1.1258,cadp_finnhub,3.2799999999999727,0.5953137194402549,11.169999999999959,2.0309090909090837,0.67999999999995,0.12132241431603596,10.490000000000009,1.8715766561401646,567.25,-6.759999999999991,-1.19171441163508
COLM,Columbia Sportswear Co,US,USD,USD,NASDAQ NMS - GLOBAL MARKET,1998-01-01,2933.4358153407816,https://static2.finnhub.io/file/publicdatany/finnhubimage/stock_logo/COLM.png,51.14,"Textiles, Apparel & Luxury Goods",15039854000,https://www.columbia.com/,21.4,,20260816,AADP,56fff2cf875dea9eae083f4d580a1d52,57.42,-0.37,58.0,56.61,58.0,57.79,2026-08-14 20:00:00,2026-08-14,-0.6402,cadp_finnhub,-0.21000000000000085,-0.3620689655172428,1.3900000000000006,2.455396573043633,0.5799999999999983,1.010101010101007,0.8100000000000023,1.4106583072100352,57.36,0.060000000000002274,0.10460251046025501
DAVE,Dave Inc,US,USD,USD,NASDAQ NMS - GLOBAL MARKET,2021-03-05,4055.358248402042,https://static2.finnhub.io/file/publicdatany/finnhubimage/stock_logo/950797054386.png,12.71,Financial Services,13024837293,https://www.dave.com/,10.16,,20260816,AADP,5728c2d44e16e7c827dcbb2048112363,334.57,0.8,347.99,330.18,330.91,333.77,2026-08-14 20:00:00,2026-08-14,0.2397,cadp_finnhub,2.859999999999957,0.8642833398809212,17.810000000000002,5.3940275001514335,13.420000000000016,4.011118749439584,4.389999999999986,1.3121319903159239,,,
CRSR,Corsair Gaming Inc,US,USD,USD,NASDAQ NMS - GLOBAL MARKET,2020-09-23,1533.7596606173422,https://static2.finnhub.io/file/publicdatany/finnhubimage/stock_logo/CRSR.png,106.88,Technology,13026365400,https://www.corsair.com/,46.38,,20260816,AADP,572ba57ea5f7d0bf166ca4d70870c0a4,12.99,-0.46,13.43,12.9,13.43,13.45,2026-08-14 20:00:00,2026-08-14,-3.4201,cadp_finnhub,0.019999999999999574,0.1489203276247176,0.5299999999999994,4.108527131782941,0.4399999999999995,3.387220939183984,0.08999999999999986,0.6928406466512691,,,
MXL,Maxlinear Inc,US,USD,USD,NASDAQ NMS - GLOBAL MARKET,2010-03-24,6800.1746331957265,https://static2.finnhub.io/file/publicdatany/finnhubimage/stock_logo/MXL.png,90.69,Semiconductors,17606920711,https://www.maxlinear.com/,85.37,,20260816,AADP,572dfaa8816750cc38de02afe993828c,84.84,8.19,85.0,76.62,76.645,76.65,2026-08-14 20:00:00,2026-08-14,10.6849,cadp_finnhub,0.005000000000009663,0.0065235827516598125,8.379999999999995,10.937092143043586,0.1599999999999966,0.18859028760018456,8.219999999999999,9.688826025459688,,,
ABT,Abbott Laboratories,US,USD,USD,"NEW YORK STOCK EXCHANGE, INC.",1937-03-01,186552.6220750841,https://static2.finnhub.io/file/publicdatany/finnhubimage/stock_logo/ABT.png,1730.38,Health Care,12246676100,https://www.abbott.com,1721.37,,20260816,AADP,575f473e28543f88b26ee72371da30ef,111.25,-0.02,111.97,110.79,111.49,111.27,2026-08-14 20:00:00,2026-08-14,-0.018,cadp_finnhub,-0.21999999999999886,-0.1973271145394196,1.1799999999999926,1.065078075638589,0.7199999999999989,0.647191011235954,0.45999999999999375,0.41348314606741005,108.62,2.6299999999999955,2.421285214509294
DMC,Del Monte Corp,KY,USD,USD,"NEW YORK STOCK EXCHANGE, INC.",1997-10-27,1449.746165242475,https://static2.finnhub.io/file/publicdatany/finnhubimage/stock_logo/FDP.png,47.58,Food Products,13459453727,https://freshdelmonte.com,38.91,,20260816,AADP,577078aa44adfb0c18a4e6a06db41670,30.4,-0.22,30.75,30.31,30.71,30.62,2026-08-14 20:00:00,2026-08-14,-0.7185,cadp_finnhub,-0.08999999999999986,-0.2930641484858348,0.4400000000000013,1.451666116793142,0.3500000000000014,1.151315789473689,0.08999999999999986,0.2960526315789469,,,
JJSF,J&J Snack Foods Corp,US,USD,USD,NASDAQ NMS - GLOBAL MARKET,1986-02-04,1723.6264818093841,https://static2.finnhub.io/file/publicdatany/finnhubimage/stock_logo/JJSF.png,18.75,Food Products,16096659533,https://jjsnack.com/,14.58,,20260816,AADP,57aae528986152cc5fcf168b1f7fae28,89.47,-1.54,91.095,88.375,90.81,91.01,2026-08-14 20:00:00,2026-08-14,-1.6921,cadp_finnhub,0.20000000000000284,0.2202400616672204,2.719999999999999,3.0777934936350766,1.625,1.8162512574047167,1.0949999999999989,1.2238739242204077,,,
KTB,Kontoor Brands Inc,US,USD,USD,"NEW YORK STOCK EXCHANGE, INC.",2019-05-09,4258.7353438667515,https://static2.finnhub.io/file/publicdatany/finnhubimage/stock_logo/950683173646.png,55.27,"Textiles, Apparel & Luxury Goods",13363323400,https://www.kontoorbrands.com/,54.1,,20260816,AADP,57ad2626fc2f336a80b20198e49a9b9b,84.9,0.86,85.52,83.0,84.83,84.04,2026-08-14 20:00:00,2026-08-14,1.0233,cadp_finnhub,-0.789999999999992,-0.9312743133325381,2.519999999999996,3.036144578313248,0.6199999999999903,0.7302709069493407,1.9000000000000057,2.2379269729093116,,,
BKNG,Booking Holdings Inc,US,USD,USD,NASDAQ NMS - GLOBAL MARKET,1999-03-29,161111.0048704083,https://static2.finnhub.io/file/publicdatany/finnhubimage/stock_logo/BKNG.png,774.88,"Hotels, Restaurants & Leisure",12032998000,https://www.bookingholdings.com/,773.26,,20260816,AADP,57bdeded970a9e2ef60c331205c391b3,212.06,-1.28,214.93,211.71,212.56,213.34,2026-08-14 20:00:00,2026-08-14,-0.6,cadp_finnhub,0.7800000000000011,0.3669552126458417,3.219999999999999,1.520948467242926,2.8700000000000045,1.353390549844386,0.3499999999999943,0.1650476280298002,212.89,-0.8299999999999841,-0.3898727042134361
GEO,Geo Group Inc,US,USD,USD,"NEW YORK STOCK EXCHANGE, INC.",1994-07-27,4100.745117875912,https://static2.finnhub.io/file/publicdatany/finnhubimage/stock_logo/950406919546.png,133.62,Commercial Services & Supplies,15618930101,https://www.geogroup.com/,125.48,,20260816,AADP,57cc1dbef4ad30fbffd8f2d2bbb88985,31.22,0.85,31.24,30.01,30.15,30.37,2026-08-14 20:00:00,2026-08-14,2.7988,cadp_finnhub,0.22000000000000242,0.7296849087893944,1.2299999999999969,4.098633788737077,0.019999999999999574,0.06406149903907615,1.2099999999999973,3.875720691864181,,,
WKC,World Kinect Corp,US,USD,USD,"NEW YORK STOCK EXCHANGE, INC.",1987-06-08,2032.25,https://static2.finnhub.io/file/publicdatany/finnhubimage/stock_logo/INT.png,51.15,Energy,13054288000,https://www.world-kinect.com/,49.06,,20260816,AADP,5818c9dcfe877907433fa72ee9a7d1b1,36.11,-1.01,37.28,36.08,37.27,37.12,2026-08-14 20:00:00,2026-08-14,-2.7209,cadp_finnhub,-0.15000000000000568,-0.40246847330293983,1.2000000000000028,3.3259423503326024,1.1700000000000017,3.2400996953752474,0.030000000000001137,0.08307947936859911,,,
RITM,Rithm Capital Corp,US,USD,USD,"NEW YORK STOCK EXCHANGE, INC.",2013-05-02,5690.166910713279,https://static2.finnhub.io/file/publicdatany/finnhubimage/stock_logo/950380462276.png,558.41,Real Estate,12128507770,https://www.rithmcap.com/,555.58,,20260816,AADP,585abbea82115910163b3fb726e9924c,10.36,0.0,10.45,10.3412,10.41,10.36,2026-08-14 20:00:00,2026-08-14,0.0,cadp_finnhub,-0.05000000000000071,-0.48030739673391654,0.10879999999999868,1.0521022705295195,0.08999999999999986,0.8687258687258673,0.018799999999998818,0.18146718146717006,,,
UBER,Uber Technologies Inc,US,USD,USD,"NEW YORK STOCK EXCHANGE, INC.",2019-05-10,153232.8674080247,https://static2.finnhub.io/file/publicdatany/finnhubimage/stock_logo/UBER.png,2035.6,Road & Rail,13026587581,https://www.uber.com/,2026.11,,20260816,AADP,58a74cb7fba9fc9dcb4e1da3888d696c,75.95,0.07,77.44,75.3699,77.09,75.88,2026-08-14 20:00:00,2026-08-14,0.0923,cadp_finnhub,-1.210000000000008,-1.5695939810611077,2.0700999999999965,2.746587165433411,1.4899999999999949,1.9618169848584528,0.5801000000000016,0.7637919684002654,74.91,1.0400000000000063,1.3883326658657138
KLIC,Kulicke and Soffa Industries Inc,SG,USD,USD,NASDAQ NMS - GLOBAL MARKET,1980-03-17,4778.515293144827,https://static2.finnhub.io/file/publicdatany/finnhubimage/stock_logo/KLIC.png,52.33,Semiconductors,6568809600,https://www.kns.com/,50.6,,20260816,AADP,58ccb32169a9a5b909cf8392f3352f7d,99.09,3.29,99.26,94.5,94.5,95.8,2026-08-14 20:00:00,2026-08-14,3.4342,cadp_finnhub,1.2999999999999972,1.3756613756613727,4.760000000000005,5.0370370370370425,0.1700000000000017,0.171561206983552,4.590000000000003,4.632152588555861,,,
NFG,National Fuel Gas Co,US,USD,USD,"NEW YORK STOCK EXCHANGE, INC.",1955-07-25,7654.932494842615,https://static2.finnhub.io/file/publicdatany/finnhubimage/stock_logo/NFG.png,95.04,Utilities,17168577000,https://www.nationalfuel.com/,93.8,,20260816,AADP,59260f1308736f1f5c52dbc0c45980c1,81.92,0.41,82.135,81.41,81.46,81.51,2026-08-14 20:00:00,2026-08-14,0.503,cadp_finnhub,0.05000000000001137,0.061379818315751754,0.7250000000000085,0.8905539859968168,0.2150000000000034,0.26245117187500416,0.5100000000000051,0.6225585937500062,80.54,1.3799999999999955,1.713434318351124
CPK,Chesapeake Utilities Corp,US,USD,USD,"NEW YORK STOCK EXCHANGE, INC.",1980-03-17,3213.03748092809,https://static2.finnhub.io/file/publicdatany/finnhubimage/stock_logo/CPK.png,24.0,Utilities,13027346799,https://chpk.com/,23.68,,20260816,AADP,594aff1386cfcc7b0c55cf0eac72d717,135.1,-0.25,136.14,134.4125,134.48,135.35,2026-08-14 20:00:00,2026-08-14,-0.1847,cadp_finnhub,0.8700000000000045,0.646936347412258,1.727499999999992,1.2852227285408664,1.039999999999992,0.7698001480384842,0.6875,0.5088823094004441,,,
FA,First Advantage Corp,US,USD,USD,NASDAQ NMS - GLOBAL MARKET,2021-06-23,4118.604674025705,https://static2.finnhub.io/file/publicdatany/finnhubimage/stock_logo/942959138746.png,171.54,Professional Services,13026365440,https://fadv.com/,77.6,,20260816,AADP,598007699e2814d4d3136ba95537c9bf,21.58,-0.62,22.34,21.42,22.15,22.2,2026-08-14 20:00:00,2026-08-14,-2.7928,cadp_finnhub,0.05000000000000071,0.22573363431151566,0.9199999999999982,4.295051353874874,0.7600000000000016,3.5217794253938908,0.1599999999999966,0.741427247451328,,,
PRG,PROG Holdings Inc,US,USD,USD,"NEW YORK STOCK EXCHANGE, INC.",1982-05-11,1706.7854853740794,https://static2.finnhub.io/file/publicdatany/finnhubimage/stock_logo/PRG.png,39.83,Financial Services,13853511369,https://www.progholdings.com/,38.14,,20260816,AADP,5999ef6ee5dbd62296b8941a6e72172d,42.62,-0.16,43.19,42.5,42.62,42.78,2026-08-14 20:00:00,2026-08-14,-0.374,cadp_finnhub,0.1600000000000037,0.37541060534960985,0.6899999999999977,1.6235294117647003,0.5700000000000003,1.3374002815579549,0.11999999999999744,0.28155795401219486,,,
CHDN,Churchill Downs Inc,US,USD,USD,NASDAQ NMS - GLOBAL MARKET,1993-03-29,6123.862988103591,https://static2.finnhub.io/file/publicdatany/finnhubimage/stock_logo/CHDN.png,69.7,"Hotels, Restaurants & Leisure",15026364400,https://www.churchilldownsincorporated.com/,65.53,,20260816,AADP,5a04b0a8dad7eeee8e7127697ba23e9f,90.82,1.83,91.03,88.2601,88.99,88.99,2026-08-14 20:00:00,2026-08-14,2.0564,cadp_finnhub,,,2.769900000000007,3.138337708658847,0.21000000000000796,0.2312266020700374,2.559899999999999,2.818652279233648,86.77,4.049999999999997,4.667511812838536
CLH,Clean Harbors Inc,US,USD,USD,"NEW YORK STOCK EXCHANGE, INC.",1987-11-24,16267.44659108481,https://static2.finnhub.io/file/publicdatany/finnhubimage/stock_logo/CLH.png,52.79,Commercial Services & Supplies,17817925000,https://www.cleanharbors.com/,50.12,,20260816,AADP,5a101193c6570a8e9a9bd083b49086d8,321.98,1.74,323.21,319.075,321.7,320.24,2026-08-14 20:00:00,2026-08-14,0.5433,cadp_finnhub,-1.4599999999999795,-0.45383898041653087,4.134999999999991,1.2959335579409201,1.2299999999999613,0.3820113050499911,2.9050000000000296,0.9022299521709514,308.17,13.810000000000002,4.481292792938963
ARE,"Alexandria Real Estate Equities, Inc",US,USD,USD,"NEW YORK STOCK EXCHANGE, INC.",1997-05-28,8667.073482758664,https://static2.finnhub.io/file/publicdatany/finnhubimage/stock_logo/942959033376.png,174.27,Real Estate,16265780777,https://www.are.com/,171.25,,20260816,AADP,5a1534d33126d9173c4c1656fa5e7122,,,,,,,,,,cadp_finnhub,,,,,,,,,,,
RRR,Red Rock Resorts Inc,US,USD,USD,NASDAQ NMS - GLOBAL MARKET,2016-04-27,6457.266929753618,https://static2.finnhub.io/file/publicdatany/finnhubimage/stock_logo/RRR.png,104.35,"Hotels, Restaurants & Leisure",17024953000,https://www.redrockresorts.com/,53.62,,20260816,AADP,5a1bbddfc4a0cd20727ceaa850ec9ddb,63.66,1.615,64.105,61.645,62.0,62.045,2026-08-14 20:00:00,2026-08-14,2.6029,cadp_finnhub,0.045000000000001705,0.07258064516129308,2.460000000000001,3.990591288831212,0.4450000000000074,0.6990260760289152,2.0149999999999935,3.1652529060634524,,,
RSI,Rush Street Interactive Inc,US,USD,USD,"NEW YORK STOCK EXCHANGE, INC.",2020-02-20,5766.521024385965,https://static2.finnhub.io/file/publicdatany/finnhubimage/stock_logo/950731450606.png,231.77,"Hotels, Restaurants & Leisure",13026365400,https://rushstreetinteractive.com/,111.89,,20260816,AADP,5a435b5c08f794a810b5f79913b79c32,25.58,0.97,25.72,24.72,24.72,24.61,2026-08-14 20:00:00,2026-08-14,3.9415,cadp_finnhub,-0.10999999999999943,-0.4449838187702243,1.0,4.045307443365696,0.14000000000000057,0.5473025801407372,0.8599999999999994,3.3620015637216554,,,
MTG,MGIC Investment Corp,US,USD,USD,"NEW YORK STOCK EXCHANGE, INC.",1991-08-06,6252.205396774619,https://static2.finnhub.io/file/publicdatany/finnhubimage/stock_logo/MTG.png,205.12,Financial Services,14143476480,https://www.mgic.com/,201.01,,20260816,AADP,5a723e9a9589c68bb771f10f85c2df98,31.16,0.32,31.165,30.81,31.0,30.84,2026-08-14 20:00:00,2026-08-14,1.0376,cadp_finnhub,-0.16000000000000014,-0.516129032258065,0.3550000000000004,1.1522233041220398,0.004999999999999005,0.016046213093706692,0.3500000000000014,1.1232349165596964,30.41,0.75,2.4662939822426835
POWL,Powell Industries Inc,US,USD,USD,NASDAQ NMS - GLOBAL MARKET,1980-03-17,7707.673216333333,https://static2.finnhub.io/file/publicdatany/finnhubimage/stock_logo/942959076396.png,36.43,Electrical Equipment,13026587581,https://www.powellind.com/,28.92,,20260816,AADP,5a7ad1aaf1d3863f70b61a0e86a03abd,213.48,9.44,214.71,202.275,203.87,204.04,2026-08-14 20:00:00,2026-08-14,4.6265,cadp_finnhub,0.1699999999999875,0.08338647177122063,12.435000000000002,6.1475713756025225,1.2300000000000182,0.5761663856099017,11.204999999999984,5.248735244519385,,,
EFC,Ellington Financial Inc,US,USD,USD,"NEW YORK STOCK EXCHANGE, INC.",2010-10-08,1705.3533222526637,https://static2.finnhub.io/file/publicdatany/finnhubimage/stock_logo/942962514856.png,125.39,Real Estate,12036981200,https://www.ellingtonfinancial.com/,122.07,,20260816,AADP,5a86352a515ae827411812d7f8c94ccc,13.67,-0.01,13.77,13.645,13.68,13.68,2026-08-14 20:00:00,2026-08-14,-0.0731,cadp_finnhub,,,0.125,0.9160864785635764,0.09999999999999964,0.7315288953913653,0.025000000000000355,0.18288222384784458,,,
GFF,Griffon Corp,US,USD,USD,"NEW YORK STOCK EXCHANGE, INC.",1981-05-22,4856.499575803575,https://static2.finnhub.io/file/publicdatany/finnhubimage/stock_logo/GFF.png,45.87,Building,12129575000,https://griffon.com/,37.14,,20260816,AADP,5ad3806033641becbf0cefd7c01bcff4,104.16,-1.81,107.0,103.9,104.94,105.97,2026-08-14 20:00:00,2026-08-14,-1.708,cadp_finnhub,1.0300000000000011,0.9815132456641902,3.0999999999999943,2.9836381135707355,2.8400000000000034,2.726574500768052,0.2599999999999909,0.2496159754224183,,,
OMCL,Omnicell Inc,US,USD,USD,NASDAQ NMS - GLOBAL MARKET,2001-08-08,1679.083852106748,https://static2.finnhub.io/file/publicdatany/finnhubimage/stock_logo/OMCL.png,45.48,Health Care,13026365400,https://www.omnicell.com/,44.46,,20260816,AADP,5ad7bc94b36f2b7cdffd4d491a16adab,37.3,-0.34,37.835,37.01,37.5,37.64,2026-08-14 20:00:00,2026-08-14,-0.9033,cadp_finnhub,0.14000000000000057,0.37333333333333485,0.8250000000000028,2.229127262901926,0.5350000000000037,1.4343163538874095,0.28999999999999915,0.777479892761392,,,
LULU,Lululemon Athletica Inc,CA,USD,USD,NASDAQ NMS - GLOBAL MARKET,2007-05-01,15258.582599325102,https://static2.finnhub.io/file/publicdatany/finnhubimage/stock_logo/LULU.png,113.55,"Textiles, Apparel & Luxury Goods",13026587581,https://shop.lululemon.com/,103.48,,20260816,AADP,5b046b91da2f181d3243f1e62acd9461,119.55,-0.01,120.23,117.95,119.1,119.56,2026-08-14 20:00:00,2026-08-14,-0.0084,cadp_finnhub,0.46000000000000796,0.38623005877414607,2.280000000000001,1.9330224671470972,0.6800000000000068,0.5687996654119672,1.5999999999999943,1.338352153910493,127.8,-8.25,-6.455399061032864
HUM,Humana Inc,US,USD,USD,"NEW YORK STOCK EXCHANGE, INC.",1971-05-18,46230.9169687534,https://static2.finnhub.io/file/publicdatany/finnhubimage/stock_logo/HUM.png,120.08,Health Care,13026587581,https://www.humana.com/,119.76,,20260816,AADP,5b228c555972af6eee1e85dc25bbec19,389.05,4.08,389.7,380.085,384.0,384.97,2026-08-14 20:00:00,2026-08-14,1.0598,cadp_finnhub,0.9700000000000273,0.25260416666667374,9.615000000000009,2.5296973045503006,0.6499999999999773,0.16707364092018437,8.965000000000032,2.304331062845401,385.7,3.3500000000000227,0.8685506870624897
EVRG,Evergy Inc,US,USD,USD,NASDAQ NMS - GLOBAL MARKET,1980-03-17,19220.175747805348,https://static2.finnhub.io/file/publicdatany/finnhubimage/stock_logo/EVRG.png,230.51,Utilities,18165562200,https://www.evergy.com/,230.06,,20260816,AADP,5b22a4e8a9c72a13b44094ca42277cd5,84.03,0.54,84.19,83.315,83.39,83.49,2026-08-14 20:00:00,2026-08-14,0.6468,cadp_finnhub,0.09999999999999432,0.119918455450287,0.875,1.050231050831183,0.1599999999999966,0.19040818755206068,0.7150000000000034,0.8508865881232933,83.38,0.6500000000000057,0.779563444471103
COHU,Cohu Inc,US,USD,USD,NASDAQ NMS - GLOBAL MARKET,1964-01-16,2503.256345136899,https://static2.finnhub.io/file/publicdatany/finnhubimage/stock_logo/COHU.png,47.18,Semiconductors,13026587581,https://www.cohu.com/,45.8,,20260816,AADP,5b2e8fddb1ce72ed58964cfa59351f00,59.3,0.96,59.88,56.48,57.46,58.34,2026-08-14 20:00:00,2026-08-14,1.6455,cadp_finnhub,0.8800000000000026,1.5315001740341152,3.4000000000000057,6.019830028328623,0.5800000000000054,0.9780775716694864,2.8200000000000003,4.755480607082632,,,
EQH,Equitable Holdings Inc,US,USD,USD,"NEW YORK STOCK EXCHANGE, INC.",2018-05-10,14062.80392997048,https://static2.finnhub.io/file/publicdatany/finnhubimage/stock_logo/EQH.png,272.96,Financial Services,12125541234,https://equitable.com/,271.26,,20260816,AADP,5b4e22cd0da7ad20eadd5e701a391f11,53.09,0.29,53.21,52.57,53.0,52.8,2026-08-14 20:00:00,2026-08-14,0.5492,cadp_finnhub,-0.20000000000000284,-0.3773584905660431,0.6400000000000006,1.2174243865322438,0.11999999999999744,0.22603126765868795,0.5200000000000031,0.9794688265210079,52.67,0.4200000000000017,0.797417884943994
SWK,Stanley Black & Decker Inc,US,USD,USD,"NEW YORK STOCK EXCHANGE, INC.",1966-06-15,15689.119633804929,https://static2.finnhub.io/file/publicdatany/finnhubimage/stock_logo/SWK.png,151.02,Machinery,18009279800,https://www.stanleyblackanddecker.com/,150.51,,20260816,AADP,5b598426421b24b7f2be948f7c96ba55,102.07,-0.14,102.63,101.08,102.12,102.21,2026-08-14 20:00:00,2026-08-14,-0.137,cadp_finnhub,0.0899999999999892,0.08813160987072972,1.5499999999999972,1.5334388603086635,0.5600000000000023,0.5486430880768123,0.9899999999999949,0.9699226021357843,103.89,-1.8200000000000074,-1.7518529213591367
LMT,Lockheed Martin Corp,US,USD,USD,"NEW YORK STOCK EXCHANGE, INC.",1961-10-11,135693.41943945168,https://static2.finnhub.io/file/publicdatany/finnhubimage/stock_logo/LMT.png,230.79,Aerospace & Defense,13018976000,https://www.lockheedmartin.com/,230.54,,20260816,AADP,5b5e6586ffe39fbe0d5bb2c4aa735710,608.68,10.67,609.24,599.11,603.0,598.01,2026-08-14 20:00:00,2026-08-14,1.7843,cadp_finnhub,-4.990000000000009,-0.8275290215588739,10.129999999999995,1.6908414147652342,0.5600000000000591,0.09200236577512966,9.569999999999936,1.5722547151212356,584.74,23.93999999999994,4.09412730444299
ABBV,AbbVie Inc,US,USD,USD,"NEW YORK STOCK EXCHANGE, INC.",2013-01-02,434781.5341409859,https://static2.finnhub.io/file/publicdatany/finnhubimage/stock_logo/ABBV.png,1766.79,Biotechnology,13023513367,https://www.abbvie.com/,1764.67,,20260816,AADP,5b62f3b63075a2fcbe13743e4319d3ab,249.46,-1.36,250.61,247.68,250.6,250.82,2026-08-14 20:00:00,2026-08-14,-0.5422,cadp_finnhub,0.21999999999999886,0.08778930566640018,2.930000000000007,1.1829780361757132,1.1500000000000057,0.4609957508217773,1.7800000000000011,0.7135412490980523,246.04,3.420000000000016,1.3900178832710193
SHOO,Steven Madden Ltd,US,USD,USD,NASDAQ NMS - GLOBAL MARKET,1993-12-13,3554.9430791089926,https://static2.finnhub.io/file/publicdatany/finnhubimage/stock_logo/SHOO.png,73.09,"Textiles, Apparel & Luxury Goods",17184461800,https://www.stevemadden.com/,71.44,,20260816,AADP,5b8e78819389904dc23b6716162b5db8,47.14,-0.21,47.56,46.9,47.09,47.35,2026-08-14 20:00:00,2026-08-14,-0.4435,cadp_finnhub,0.259999999999998,0.5521342110851518,0.6600000000000037,1.4072494669509674,0.4200000000000017,0.8909630886720443,0.240000000000002,0.509121764955456,,,
MLI,Mueller Industries Inc,US,USD,USD,"NEW YORK STOCK EXCHANGE, INC.",1991-02-25,15228.33894692557,https://static2.finnhub.io/file/publicdatany/finnhubimage/stock_logo/MLI.png,221.18,Machinery,13026587581,https://www.muellerindustries.com/,216.44,,20260816,AADP,5beb84ac1a2bbe9822503f6092045655,65.9,-0.72,66.8,65.55,66.5,66.62,2026-08-14 20:00:00,2026-08-14,-1.0808,cadp_finnhub,0.12000000000000455,0.18045112781955572,1.25,1.9069412662090008,0.8999999999999915,1.3657056145675135,0.3500000000000085,0.5311077389984954,68.69,-2.789999999999992,-4.061726597758033
GNTX,Gentex Corp,US,USD,USD,NASDAQ NMS - GLOBAL MARKET,1981-12-08,5073.2548879626165,https://static2.finnhub.io/file/publicdatany/finnhubimage/stock_logo/GNTX.png,212.95,Auto Components,16167721800,https://www.gentex.com/,211.78,,20260816,AADP,5c15350f366b4284f94ae1730663ed8d,23.87,0.17,23.915,23.5,23.63,23.7,2026-08-14 20:00:00,2026-08-14,0.7173,cadp_finnhub,0.07000000000000028,0.29623360135421195,0.41499999999999915,1.765957446808507,0.04499999999999815,0.188521156263084,0.370000000000001,1.550062840385425,24.08,-0.2099999999999973,-0.8720930232558028
JOE,St Joe Co,US,USD,USD,"NEW YORK STOCK EXCHANGE, INC.",1990-03-23,3834.265680556545,https://static2.finnhub.io/file/publicdatany/finnhubimage/stock_logo/JOE.png,56.93,Real Estate,18502316400,https://www.joe.com/,56.72,,20260816,AADP,5c728b0619127b293dd680ee4b59f4a4,68.4,0.05,68.94,67.585,68.27,68.35,2026-08-14 20:00:00,2026-08-14,0.0732,cadp_finnhub,0.0799999999999983,0.1171817782334822,1.355000000000004,2.004882740253021,0.539999999999992,0.7894736842105146,0.8150000000000119,1.1915204678362747,,,
AXTA,Axalta Coating Systems Ltd,BM,USD,USD,"NEW YORK STOCK EXCHANGE, INC.",2014-11-12,8173.424162164091,https://static2.finnhub.io/file/publicdatany/finnhubimage/stock_logo/AXTA.png,214.02,Chemicals,18556292582,https://www.axalta.com/corporate/en_US.html,212.99,,20260816,AADP,5ce1a0a48f35fb8db23df45a01e5adeb,37.31,0.26,37.55,37.03,37.05,37.05,2026-08-14 20:00:00,2026-08-14,0.7018,cadp_finnhub,,,0.519999999999996,1.404266810694021,0.23999999999999488,0.643259179844532,0.28000000000000114,0.750469043151973,38.19,-0.8799999999999955,-2.3042681330191033
UNIT,Uniti Group Inc (Delaware),US,USD,USD,NASDAQ NMS - GLOBAL MARKET,2015-04-20,2315.597785567117,https://static2.finnhub.io/file/publicdatany/finnhubimage/stock_logo/950447314376.png,242.82,Telecommunication,15018500820,https://investor.uniti.com/,238.06,,20260816,AADP,5d1b648cd3acbc725d447beeaa617d30,10.01,0.22,10.03,9.83,9.91,9.79,2026-08-14 20:00:00,2026-08-14,2.2472,cadp_finnhub,-0.120000000000001,-1.2108980827447122,0.1999999999999993,2.0345879959308166,0.019999999999999574,0.19980019980019556,0.17999999999999972,1.7982017982017953,,,
MBIN,Merchants Bancorp,US,USD,USD,NASDAQ NMS - GLOBAL MARKET,2017-10-26,2492.1406876664814,https://static2.finnhub.io/file/publicdatany/finnhubimage/stock_logo/950341736926.png,45.94,Financial Services,13175697420,http://www.merchantsbankofindiana.com,24.7,,20260816,AADP,5d88133858a888dd1fd092e2cde207f2,54.88,-0.47,55.6135,54.79,55.27,55.35,2026-08-14 20:00:00,2026-08-14,-0.8491,cadp_finnhub,0.0799999999999983,0.14474398407815864,0.8235000000000028,1.5030114984486271,0.7334999999999994,1.3365524781341096,0.09000000000000341,0.1639941690962161,,,
MGM,MGM Resorts International,US,USD,USD,"NEW YORK STOCK EXCHANGE, INC.",1989-12-13,11188.329468143174,https://static2.finnhub.io/file/publicdatany/finnhubimage/stock_logo/MGM.png,251.59,"Hotels, Restaurants & Leisure",17026937120,https://www.mgmresorts.com/,181.43,,20260816,AADP,5da47313ebcef5bb145c85b9d178bd9d,44.1,0.03,44.41,43.93,44.07,44.07,2026-08-14 20:00:00,2026-08-14,0.0681,cadp_finnhub,,,0.4799999999999969,1.0926473935806895,0.30999999999999517,0.7029478458049776,0.1700000000000017,0.3854875283446751,44.47,-0.36999999999999744,-0.8320215875871317
AME,AMETEK Inc,US,USD,USD,"NEW YORK STOCK EXCHANGE, INC.",1930-07-01,58154.408720408144,https://static2.finnhub.io/file/publicdatany/finnhubimage/stock_logo/AME.png,229.2,Electrical Equipment,13026365401,https://www.ametek.com/,228.24,,20260816,AADP,5da6c1f2020a6e0d3f0822ba95a934f1,,,,,,,,,,cadp_finnhub,,,,,,,,,,,
NI,NiSource Inc,US,USD,USD,"NEW YORK STOCK EXCHANGE, INC.",1962-12-19,20434.055900289997,https://static2.finnhub.io/file/publicdatany/finnhubimage/stock_logo/NI.png,479.44,Utilities,12196475200,https://www.nisource.com/,477.59,,20260816,AADP,5db5748f19783d8f52105e7da7ad4f34,42.5,0.42,42.635,41.98,41.98,42.08,2026-08-14 20:00:00,2026-08-14,0.9981,cadp_finnhub,0.10000000000000142,0.23820867079562036,0.6550000000000011,1.560266793711294,0.134999999999998,0.31764705882352473,0.5200000000000031,1.2235294117647133,42.61,-0.10999999999999943,-0.25815536259093974
SKT,Tanger Inc,US,USD,USD,"NEW YORK STOCK EXCHANGE, INC.",1993-05-28,4515.769805463885,https://static2.finnhub.io/file/publicdatany/finnhubimage/stock_logo/942959050396.png,114.88,Real Estate,13362923010,https://www.tanger.com/,112.03,,20260816,AADP,5dc1cfe058eaf8627c9f944d1a0e068d,38.45,-0.04,38.8,38.38,38.39,38.49,2026-08-14 20:00:00,2026-08-14,-0.1039,cadp_finnhub,0.10000000000000142,0.2604845011721839,0.4199999999999946,1.0943199583116066,0.3499999999999943,0.9102730819245626,0.07000000000000028,0.1820546163849162,,,
ALGN,Align Technology Inc,US,USD,USD,NASDAQ NMS - GLOBAL MARKET,2001-01-26,12336.78019385557,https://static2.finnhub.io/file/publicdatany/finnhubimage/stock_logo/ALGN.png,71.62,Health Care,14084701000,https://www.aligntech.com/,66.74,,20260816,AADP,5e35eeef4b97a3a1fba11f0b709d5ded,,,,,,,,,,cadp_finnhub,,,,,,,,,,,
SMCI,Super Micro Computer Inc,US,USD,USD,NASDAQ NMS - GLOBAL MARKET,2007-03-29,20137.155473877807,https://static2.finnhub.io/file/publicdatany/finnhubimage/stock_logo/SMCI.png,646.83,Technology,13025310855,https://www.supermicro.com/en/,563.45,,20260816,AADP,5e61941e906731fb9ed75ea4026794dd,39.84,0.68,40.6,38.73,39.16,39.16,2026-08-14 20:00:00,2026-08-14,1.7365,cadp_finnhub,,,1.8700000000000045,4.828298476633113,0.759999999999998,1.9076305220883483,1.1100000000000065,2.7861445783132694,31.13,8.710000000000004,27.979441053646013
INDB,Independent Bank Corp (Massachusetts),US,USD,USD,NASDAQ NMS - GLOBAL MARKET,1974-09-16,4039.717457502739,https://static2.finnhub.io/file/publicdatany/finnhubimage/stock_logo/942959067916.png,47.62,Banking,17818786100,https://indb.rocklandtrust.com/corporate-profile/default.aspx,46.79,,20260816,AADP,5e679fc99572d163fd66a3936b4d0ebd,85.94,0.44,86.22,85.43,85.43,85.5,2026-08-14 20:00:00,2026-08-14,0.5146,cadp_finnhub,0.06999999999999318,0.08193842912325082,0.789999999999992,0.92473370010534,0.28000000000000114,0.32580870374680143,0.5099999999999909,0.5934372818245182,,,
GS,Goldman Sachs Group Inc,US,USD,USD,"NEW YORK STOCK EXCHANGE, INC.",1999-05-04,302704.70419005456,https://static2.finnhub.io/file/publicdatany/finnhubimage/stock_logo/GS.png,295.01,Financial Services,12129021000,https://www.goldmansachs.com/,293.36,,20260816,AADP,5e7634b5e6f84963a7d96ec7064a53bb,1039.42,-3.21,1043.74,1029.58,1040.91,1042.63,2026-08-14 20:00:00,2026-08-14,-0.3079,cadp_finnhub,1.7200000000000273,0.1652400303580547,14.160000000000082,1.3753180908720142,4.319999999999936,0.4156164014546513,9.840000000000146,0.9466818033134002,1039.96,-0.5399999999999636,-0.05192507404130577
VIAV,Viavi Solutions Inc,US,USD,USD,NASDAQ NMS - GLOBAL MARKET,1993-11-01,9946.364866,https://static2.finnhub.io/file/publicdatany/finnhubimage/stock_logo/VIAV.png,246.69,Communications,14084043600,https://www.viavisolutions.com/,244.13,,20260816,AADP,5e8b9aa3d34e01f36507e612a8bb969c,43.54,0.55,44.38,42.25,43.55,42.99,2026-08-14 20:00:00,2026-08-14,1.2794,cadp_finnhub,-0.5599999999999952,-1.285878300803663,2.1300000000000026,5.0414201183432015,0.8400000000000034,1.9292604501607795,1.2899999999999991,2.962792834175469,39.14,4.399999999999999,11.241696474195193
LOPE,Grand Canyon Education Inc,US,USD,USD,NASDAQ NMS - GLOBAL MARKET,2008-11-20,3975.700206023195,https://static2.finnhub.io/file/publicdatany/finnhubimage/stock_logo/LOPE.png,26.51,Diversified Consumer Services,16022474400,https://www.gce.com/,25.48,,20260816,AADP,5ea2c4052ac7ab6c7fe6ecfda74f3df1,144.2,-1.11,146.26,142.99,146.13,145.31,2026-08-14 20:00:00,2026-08-14,-0.7639,cadp_finnhub,-0.8199999999999932,-0.5611441866830857,3.269999999999982,2.2868732079166247,2.0600000000000023,1.4285714285714302,1.2099999999999795,0.8391123439666988,146.5,-2.3000000000000114,-1.5699658703071748
BANC,Banc of California Inc,US,USD,USD,"NEW YORK STOCK EXCHANGE, INC.",2002-08-23,2976.3811415305263,https://static2.finnhub.io/file/publicdatany/finnhubimage/stock_logo/942959027446.png,158.43,Banking,18553612262,https://bancofcal.com/,148.9,,20260816,AADP,5f130c6cb3c09e92955db92e25694b86,19.74,0.11,19.875,19.585,19.6,19.63,2026-08-14 20:00:00,2026-08-14,0.5604,cadp_finnhub,0.029999999999997584,0.15306122448978357,0.28999999999999915,1.4807250446770444,0.13500000000000156,0.6838905775076067,0.15499999999999758,0.7852077001013049,,,
BHF,Brighthouse Financial Inc,US,USD,USD,NASDAQ NMS - GLOBAL MARKET,2017-07-17,3492.7036571465337,https://static2.finnhub.io/file/publicdatany/finnhubimage/stock_logo/BHF.png,57.45,Insurance,13026587581,https://www.brighthousefinancial.com/,56.63,,20260816,AADP,5f20f00fcf1deeb3aa9c6d8eeceec24a,58.68,-0.86,59.797,58.61,59.57,59.54,2026-08-14 20:00:00,2026-08-14,-1.4444,cadp_finnhub,-0.030000000000001137,-0.050360919926139225,1.1869999999999976,2.0252516635386413,1.1169999999999973,1.9035446489434176,0.07000000000000028,0.11929107021131609,60.8,-2.1199999999999974,-3.486842105263154
PLTR,Palantir Technologies Inc,US,USD,USD,NASDAQ NMS - GLOBAL MARKET,2020-09-30,413356.0452562578,https://static2.finnhub.io/file/publicdatany/finnhubimage/stock_logo/PLTR.png,2397.31,Technology,13026587581,https://www.palantir.com/,2215.45,,20260816,AADP,5f560815e887d31e1149f9a21f531e53,174.04,-4.97,180.18,173.8,179.48,179.01,2026-08-14 20:00:00,2026-08-14,-2.7764,cadp_finnhub,-0.46999999999999886,-0.26186761756184473,6.3799999999999955,3.6708860759493644,6.140000000000015,3.5279246150310364,0.23999999999998067,0.13789933348654373,175.23,-1.1899999999999977,-0.6791074587684744
GPOR,Gulfport Energy Corp,US,USD,USD,"NEW YORK STOCK EXCHANGE, INC.",2021-05-18,2878.2257459334805,https://static2.finnhub.io/file/publicdatany/finnhubimage/stock_logo/950811404956.png,17.97,Energy,13026365400,https://www.gulfportenergy.com/,17.84,,20260816,AADP,5fb32a11e96fa5eb1ea08a6cf4fb2949,170.03,-0.01,172.0,168.9753,169.57,170.04,2026-08-14 20:00:00,2026-08-14,-0.0059,cadp_finnhub,0.46999999999999886,0.277171669517013,3.0246999999999957,1.790024932638081,1.9699999999999989,1.1586190672234304,1.0546999999999969,0.6203022995941874,,,
SLVM,Sylvamo Corp,US,USD,USD,"NEW YORK STOCK EXCHANGE, INC.",2021-09-14,1631.9631097813656,https://static2.finnhub.io/file/publicdatany/finnhubimage/stock_logo/950811563346.png,39.74,Paper & Forest,13023513367,https://www.sylvamo.com/,32.95,,20260816,AADP,5fc87ed3aa8654edbf563e731ee185b6,38.39,-0.52,38.94,38.14,38.6,38.91,2026-08-14 20:00:00,2026-08-14,-1.3364,cadp_finnhub,0.30999999999999517,0.803108808290143,0.7999999999999972,2.0975353959097984,0.5499999999999972,1.432664756446984,0.25,0.6512112529304506,,,
ALHC,Alignment Healthcare Inc,US,USD,USD,NASDAQ NMS - GLOBAL MARKET,2021-03-26,2980.843133423766,https://static2.finnhub.io/file/publicdatany/finnhubimage/stock_logo/950606149446.png,206.73,Health Care,18443102247,https://www.alignmenthealth.com/,199.81,,20260816,AADP,5fdf7759bef270d5696d90ac2f4d9447,13.96,0.5,14.25,13.4598,13.46,13.46,2026-08-14 20:00:00,2026-08-14,3.7147,cadp_finnhub,,,0.7902000000000005,5.870815316720906,0.28999999999999915,2.0773638968481314,0.5002000000000013,3.583094555873935,,,
EXPO,Exponent Inc,US,USD,USD,NASDAQ NMS - GLOBAL MARKET,1990-08-17,3240.0915353825712,https://static2.finnhub.io/file/publicdatany/finnhubimage/stock_logo/EXPO.png,48.51,Professional Services,13026587581,https://www.exponent.com/,47.93,,20260816,AADP,6036a0847719abe43fa167f03642883c,67.1,-1.11,68.5,66.9,68.41,68.21,2026-08-14 20:00:00,2026-08-14,-1.6273,cadp_finnhub,-0.20000000000000284,-0.29235491887151416,1.5999999999999943,2.391629297458885,1.4000000000000057,2.086438152011931,0.19999999999998863,0.2980625931445434,66.79,0.30999999999998806,0.4641413385237132
CRUS,Cirrus Logic Inc,US,USD,USD,NASDAQ NMS - GLOBAL MARKET,1989-06-09,6260.68587070974,https://static2.finnhub.io/file/publicdatany/finnhubimage/stock_logo/CRUS.png,50.45,Semiconductors,13026587581,https://www.cirrus.com/,50.15,,20260816,AADP,60423f39dd3fc8ef0ab0b5e09e7fb980,121.09,-0.13,123.0,119.97,123.0,121.22,2026-08-14 20:00:00,2026-08-14,-0.1072,cadp_finnhub,-1.7800000000000011,-1.4471544715447164,3.030000000000001,2.525631407851964,1.9099999999999966,1.5773391692129792,1.1200000000000045,0.924931868857878,121.84,-0.75,-0.6155613919894944
SLB,SLB NV,US,USD,USD,"NEW YORK STOCK EXCHANGE, INC.",1962-02-02,74993.76281372759,https://static2.finnhub.io/file/publicdatany/finnhubimage/stock_logo/SLB.png,1484.14,Energy,17135132000,https://www.slb.com/,1480.5,,20260816,AADP,604272f1f119b1967bf11f12fe0ae7ca,53.77,1.71,53.985,52.195,52.27,52.06,2026-08-14 20:00:00,2026-08-14,3.2847,cadp_finnhub,-0.21000000000000085,-0.40176009183087974,1.7899999999999991,3.429447265063702,0.2149999999999963,0.3998512181513787,1.5750000000000028,2.929142644597364,51.2,2.5700000000000003,5.019531250000001
FITB,Fifth Third Bancorp,US,USD,USD,NASDAQ NMS - GLOBAL MARKET,1980-03-17,51774.49645326195,https://static2.finnhub.io/file/publicdatany/finnhubimage/stock_logo/FITB.png,906.57,Banking,15135795300,https://www.53.com/,902.87,,20260816,AADP,6050cdca835e6669d894368ecb9781d5,58.06,0.12,58.48,57.78,57.9,57.94,2026-08-14 20:00:00,2026-08-14,0.2071,cadp_finnhub,0.03999999999999915,0.06908462867011943,0.6999999999999957,1.2114918656974658,0.4199999999999946,0.7233895969686438,0.28000000000000114,0.4822597313124373,57.13,0.9299999999999997,1.6278662699107291
CACC,Credit Acceptance Corp,US,USD,USD,NASDAQ NMS - GLOBAL MARKET,1992-06-05,6078.65987824404,https://static2.finnhub.io/file/publicdatany/finnhubimage/stock_logo/CACC.png,10.46,Financial Services,12483532700,https://www.creditacceptance.com/,4.85,,20260816,AADP,605e810faaea900e6065868c2c20eb22,587.27,4.38,593.9899,577.04,585.09,582.89,2026-08-14 20:00:00,2026-08-14,0.7514,cadp_finnhub,-2.2000000000000455,-0.37601052829480003,16.94990000000007,2.9373873561624966,6.719900000000052,1.144260731860993,10.230000000000018,1.7419585539870959,,,
GBX,Greenbrier Companies Inc,US,USD,USD,"NEW YORK STOCK EXCHANGE, INC.",1994-07-14,1460.9719734349833,https://static2.finnhub.io/file/publicdatany/finnhubimage/stock_logo/GBX.png,30.94,Machinery,15036847000,https://www.gbrx.com/,27.96,,20260816,AADP,607d2dd9eb6207865a6068a35778c9d0,45.44,-0.56,46.33,45.26,46.0,46.0,2026-08-14 20:00:00,2026-08-14,-1.2174,cadp_finnhub,,,1.0700000000000003,2.3641184268669915,0.8900000000000006,1.9586267605633816,0.17999999999999972,0.39612676056337964,,,
NATL,NCR Atleos Corp,US,USD,USD,"NEW YORK STOCK EXCHANGE, INC.",2023-10-11,3442.1192774387623,https://static2.finnhub.io/file/publicdatany/finnhubimage/stock_logo/950868066396.png,73.8,Financial Services,18323084999,https://www.ncratleos.com/,72.85,,20260816,AADP,608bc37c5f25d0ca56715b65bdbd8905,46.93,-0.05,47.1,46.85,46.9,46.98,2026-08-14 20:00:00,2026-08-14,-0.1064,cadp_finnhub,0.0799999999999983,0.17057569296374903,0.25,0.5336179295624333,0.1700000000000017,0.36224163647986724,0.0799999999999983,0.17046665246110868,,,
SLAB,Silicon Laboratories Inc,US,USD,USD,NASDAQ NMS - GLOBAL MARKET,2000-03-24,7229.945453132422,https://static2.finnhub.io/file/publicdatany/finnhubimage/stock_logo/SLAB.png,32.98,Semiconductors,13026587581,https://www.silabs.com/,32.44,,20260816,AADP,608d4c10a488971e22c728ed0f6cd333,218.41,0.11,218.87,218.2,218.21,218.3,2026-08-14 20:00:00,2026-08-14,0.0504,cadp_finnhub,0.09000000000000341,0.041244672563128824,0.6700000000000159,0.30705774518790835,0.46000000000000796,0.2106130671672579,0.21000000000000796,0.09614944370679362,218.43,-0.020000000000010232,-0.00915625143066897
MTH,Meritage Homes Corp,US,USD,USD,"NEW YORK STOCK EXCHANGE, INC.",1988-07-21,4861.335901196374,https://static2.finnhub.io/file/publicdatany/finnhubimage/stock_logo/MTH.png,65.17,Consumer products,14805158100,https://www.meritagehomes.com/,63.47,,20260816,AADP,60aae0f66f81ca7d75e1f3957d69781b,73.08,-0.54,74.0,72.75,72.95,73.62,2026-08-14 20:00:00,2026-08-14,-0.7335,cadp_finnhub,0.6700000000000017,0.9184372858122024,1.25,1.718213058419244,0.9200000000000017,1.2588943623426405,0.3299999999999983,0.45155993431855274,,,
CALY,Callaway Golf Co,US,USD,USD,"NEW YORK STOCK EXCHANGE, INC.",1992-02-28,3139.9997769787115,https://static2.finnhub.io/file/publicdatany/finnhubimage/stock_logo/ELY.png,179.76,Leisure Products,13026587581,https://in.callawaygolf.com/,150.22,,20260816,AADP,60c6a97b87b6b13dab369b72b255de5a,16.48,-0.02,16.84,16.36,16.41,16.5,2026-08-14 20:00:00,2026-08-14,-0.1212,cadp_finnhub,0.08999999999999986,0.5484460694698345,0.4800000000000004,2.9339853300733525,0.35999999999999943,2.1844660194174725,0.120000000000001,0.7281553398058312,,,
AMR,Alpha Metallurgical Resources Inc,US,USD,USD,"NEW YORK STOCK EXCHANGE, INC.",2018-11-09,1931.9871159209831,https://static2.finnhub.io/file/publicdatany/finnhubimage/stock_logo/950517610586.png,12.69,Metals & Mining,13026365400,https://alphametresources.com/,9.54,,20260816,AADP,60d6f3f6e9e0e624a43b5c5759d8e691,166.05,10.45,166.51,157.405,157.93,155.6,2026-08-14 20:00:00,2026-08-14,6.7159,cadp_finnhub,-2.3300000000000125,-1.4753371746976587,9.10499999999999,5.784441409103898,0.45999999999997954,0.27702499247213463,8.64500000000001,5.206263173742855,,,
EGBN,Eagle Bancorp Inc,US,USD,USD,NASDAQ NMS - GLOBAL MARKET,1988-07-18,845.0335106471645,https://static2.finnhub.io/file/publicdatany/finnhubimage/stock_logo/EGBN.png,30.49,Banking,12404972075,https://www.eaglebankcorp.com/,28.05,,20260816,AADP,60ecb6131688e6902d625de1d171dce7,28.8,0.02,29.12,28.52,28.71,28.78,2026-08-14 20:00:00,2026-08-14,0.0695,cadp_finnhub,0.07000000000000028,0.24381748519679652,0.6000000000000014,2.10378681626929,0.3200000000000003,1.111111111111112,0.28000000000000114,0.9722222222222262,,,
FTDR,Frontdoor Inc,US,USD,USD,NASDAQ NMS - GLOBAL MARKET,2018-09-13,6379.43804582718,https://static2.finnhub.io/file/publicdatany/finnhubimage/stock_logo/FTDR.png,70.23,Diversified Consumer Services,13026587581,https://www.frontdoorhome.com/,69.69,,20260816,AADP,60f92d5a98a1e66c3ad478c186898816,86.47,1.81,87.48,85.21,85.86,84.66,2026-08-14 20:00:00,2026-08-14,2.138,cadp_finnhub,-1.2000000000000028,-1.3976240391334764,2.2700000000000102,2.664006571998604,1.0100000000000051,1.1680351567017522,1.2600000000000051,1.4571527697467388,,,
IVZ,Invesco Ltd,US,USD,USD,"NEW YORK STOCK EXCHANGE, INC.",1995-08-25,13942.563488680338,https://static2.finnhub.io/file/publicdatany/finnhubimage/stock_logo/IVZ.png,441.5,Financial Services,14048920896,https://www.invesco.com/,357.23,,20260816,AADP,61637a6a2e611f80f77fe515804f7e29,32.55,0.19,32.655,31.9,32.0,32.36,2026-08-14 20:00:00,2026-08-14,0.5871,cadp_finnhub,0.35999999999999943,1.1249999999999982,0.7550000000000026,2.366771159874616,0.10500000000000398,0.3225806451613026,0.6499999999999986,1.996927803379412,31.58,0.9699999999999989,3.0715642811906236
STRA,Strategic Education Inc,US,USD,USD,NASDAQ NMS - GLOBAL MARKET,1996-07-25,1884.9774749900555,https://static2.finnhub.io/file/publicdatany/finnhubimage/stock_logo/STRA.png,22.21,Diversified Consumer Services,17035611600,https://www.strategiceducation.com/,21.21,,20260816,AADP,61644b26bb439a81e63fb5b3b8cbc999,82.33,0.26,82.4,80.66,82.33,82.07,2026-08-14 20:00:00,2026-08-14,0.3168,cadp_finnhub,-0.2600000000000051,-0.3158022592007836,1.740000000000009,2.1572030746342783,0.07000000000000739,0.08502368516944903,1.6700000000000017,2.028422203328072,,,
KVUE,Kenvue Inc,US,USD,USD,"NEW YORK STOCK EXCHANGE, INC.",2023-05-04,36921.76725387747,https://static2.finnhub.io/file/publicdatany/finnhubimage/stock_logo/950835574756.png,1920.01,Consumer products,13026587581,https://www.kenvue.com,1918.88,,20260816,AADP,619e21793d5539b76c709a4167fe3d4e,19.2,0.0,19.31,19.13,19.19,19.2,2026-08-14 20:00:00,2026-08-14,0.0,cadp_finnhub,0.00999999999999801,0.0521104742053049,0.17999999999999972,0.9409304756926279,0.10999999999999943,0.5729166666666637,0.07000000000000028,0.3645833333333348,19.03,0.16999999999999815,0.8933263268523287
ZBRA,Zebra Technologies Corp,US,USD,USD,NASDAQ NMS - GLOBAL MARKET,1991-08-15,13745.57,https://static2.finnhub.io/file/publicdatany/finnhubimage/stock_logo/ZBRA.png,47.63,Electrical Equipment,15615085033,https://www.zebra.com/,47.12,,20260816,AADP,619f073033fb36aa972aee022e699293,376.03,-3.6,384.2,371.105,384.2,379.63,2026-08-14 20:00:00,2026-08-14,-0.9483,cadp_finnhub,-4.569999999999993,-1.1894846434148862,13.09499999999997,3.52865092089839,8.170000000000016,2.1726989867829736,4.9249999999999545,1.309735925325095,378.08,-2.0500000000000114,-0.5422132881929781
HTZ,Hertz Global Holdings Inc,US,USD,USD,NASDAQ NMS - GLOBAL MARKET,2021-07-30,800.8595668217821,https://static2.finnhub.io/file/publicdatany/finnhubimage/stock_logo/HTZ.png,315.76,Road & Rail,12393017000,http://www.hertz.com,308.57,,20260816,AADP,61b17c6720a17f35706c6e2edbce0842,2.24,-0.105,2.465,2.21,2.44,2.345,2026-08-14 20:00:00,2026-08-14,-4.4776,cadp_finnhub,-0.09499999999999975,-3.8934426229508095,0.2549999999999999,11.538461538461533,0.22499999999999964,10.044642857142842,0.03000000000000025,1.3392857142857253,,,
IP,International Paper Co,US,USD,USD,"NEW YORK STOCK EXCHANGE, INC.",1941-10-06,22019.51516577202,https://static2.finnhub.io/file/publicdatany/finnhubimage/stock_logo/IP.png,529.52,Packaging,19014197000,https://www.internationalpaper.com/,520.58,,20260816,AADP,61b3306e7492d7099cae9441cb6e0790,40.74,-0.38,41.065,40.44,40.71,41.12,2026-08-14 20:00:00,2026-08-14,-0.9241,cadp_finnhub,0.4099999999999966,1.0071235568656265,0.625,1.5454995054401583,0.32499999999999574,0.7977417771232099,0.30000000000000426,0.7363770250368292,41.34,-0.6000000000000014,-1.4513788098693792
CRC,California Resources Corp,US,USD,USD,"NEW YORK STOCK EXCHANGE, INC.",2014-11-13,4624.438499963484,https://static2.finnhub.io/file/publicdatany/finnhubimage/stock_logo/CRC.png,88.79,Energy,18009279800,https://www.crc.com/,84.36,,20260816,AADP,61d1c701e1ee8fca17596b440470c42d,53.31,0.56,54.06,53.02,53.02,52.75,2026-08-14 20:00:00,2026-08-14,1.0616,cadp_finnhub,-0.2700000000000031,-0.5092417955488554,1.0399999999999991,1.9615239532251965,0.75,1.4068655036578501,0.28999999999999915,0.5439879947477004,,,
TXN,Texas Instruments Inc,US,USD,USD,NASDAQ NMS - GLOBAL MARKET,1953-10-01,261261.8907567379,https://static2.finnhub.io/file/publicdatany/finnhubimage/stock_logo/TXN.png,913.25,Semiconductors,13026587581,https://www.ti.com/,910.4,,20260816,AADP,61d88862b03e51196b3f31e052c38a6a,279.58,6.15,280.275,272.51,273.62,273.43,2026-08-14 20:00:00,2026-08-14,2.2492,cadp_finnhub,-0.18999999999999773,-0.06943936846721648,7.764999999999986,2.8494367179186035,0.6949999999999932,0.24858716646397927,7.069999999999993,2.528793189784675,280.44,-0.8600000000000136,-0.3066609613464604
VNOM,Viper Energy Inc,US,USD,USD,NASDAQ NMS - GLOBAL MARKET,2025-08-19,15895.14047,https://static2.finnhub.io/file/publicdatany/finnhubimage/stock_logo/950959265036.png,356.31,Energy,14322217400,https://www.viperenergy.com/,190.59,,20260816,AADP,61fd620051f49136e9c5af9506eaaa41,42.29,1.02,42.62,41.39,41.39,41.27,2026-08-14 20:00:00,2026-08-14,2.4715,cadp_finnhub,-0.11999999999999744,-0.28992510268180105,1.2299999999999969,2.9717323024885163,0.3299999999999983,0.7803263182785488,0.8999999999999986,2.1281626862142318,40.82,1.4699999999999989,3.601175894169522
AEP,American Electric Power Company Inc,US,USD,USD,NASDAQ NMS - GLOBAL MARKET,1949-09-01,68447.08625731878,https://static2.finnhub.io/file/publicdatany/finnhubimage/stock_logo/AEP.png,567.65,Utilities,16147161000,https://www.aep.com/,544.22,,20260816,AADP,6233f91f60658afb0b45969f55bf07e3,,,,,,,,,,cadp_finnhub,,,,,,,,,,,
UBSI,United Bankshares Inc,US,USD,USD,NASDAQ NMS - GLOBAL MARKET,1970-09-16,6658.42856684397,https://static2.finnhub.io/file/publicdatany/finnhubimage/stock_logo/UBSI.png,136.94,Banking,13044248800,https://www.ubsi-inc.com/,133.7,,20260816,AADP,6251fceaa043a978992285e92071c2a9,49.27,0.21,49.32,48.81,48.93,49.06,2026-08-14 20:00:00,2026-08-14,0.428,cadp_finnhub,0.13000000000000256,0.2656856734110005,0.509999999999998,1.0448678549477526,0.04999999999999716,0.10148163182463396,0.46000000000000085,0.9336310127866873,48.05,1.220000000000006,2.5390218522372656
PM,Philip Morris International Inc,US,USD,USD,"NEW YORK STOCK EXCHANGE, INC.",2008-03-17,295466.3708030386,https://static2.finnhub.io/file/publicdatany/finnhubimage/stock_logo/PM.png,1558.61,Tobacco,12039052410,https://www.pmi.com/,1555.82,,20260816,AADP,625a93ce2717c569c041e72f6f26440c,190.39,1.48,191.1,187.63,188.95,188.91,2026-08-14 20:00:00,2026-08-14,0.7834,cadp_finnhub,-0.03999999999999204,-0.021169621593009814,3.469999999999999,1.8493844267974198,0.710000000000008,0.37291874573244815,2.759999999999991,1.4496559693261155,189.57,0.8199999999999932,0.43255789418156526
MS,Morgan Stanley,US,USD,USD,"NEW YORK STOCK EXCHANGE, INC.",1986-03-21,339760.6042561787,https://static2.finnhub.io/file/publicdatany/finnhubimage/stock_logo/MS.png,1572.0,Financial Services,12127614000,https://www.morganstanley.com/,1187.72,,20260816,AADP,626994fb01503b47712843fd22c8b43b,217.36,-1.02,218.715,215.3001,217.795,218.38,2026-08-14 20:00:00,2026-08-14,-0.4671,cadp_finnhub,0.585000000000008,0.2686012075575693,3.414900000000017,1.5861116646021147,1.3549999999999898,0.6233897681266055,2.0599000000000274,0.947690467427322,215.33,2.030000000000001,0.9427390516881071
ICE,Intercontinental Exchange Inc,US,USD,USD,"NEW YORK STOCK EXCHANGE, INC.",2005-11-16,84377.58887361937,https://static2.finnhub.io/file/publicdatany/finnhubimage/stock_logo/ICE.png,565.51,Financial Services,17708574700,https://www.ice.com/,556.63,,20260816,AADP,626be3567faf9ea7e1d4bd363956ec73,154.73,-0.51,155.46,153.264,155.24,155.24,2026-08-14 20:00:00,2026-08-14,-0.3285,cadp_finnhub,,,2.195999999999998,1.432821797682429,0.7300000000000182,0.47178956892652896,1.4659999999999798,0.9474568603373489,150.3,4.429999999999978,2.9474384564204774
COST,Costco Wholesale Corp,US,USD,USD,NASDAQ NMS - GLOBAL MARKET,1985-12-05,420338.10674316366,https://static2.finnhub.io/file/publicdatany/finnhubimage/stock_logo/COST.png,443.48,Retail,14253138100,https://www.costco.com/,442.56,,20260816,AADP,6291d22212b914206fe6400662e1c345,961.1,-0.75,965.36,957.75,959.99,961.85,2026-08-14 20:00:00,2026-08-14,-0.078,cadp_finnhub,1.8600000000000136,0.19375201825019153,7.610000000000014,0.7945706081962949,4.259999999999991,0.44324211840599215,3.3500000000000227,0.3485589428779547,947.82,13.279999999999973,1.4011099153847748
RRX,Regal Rexnord Corp,US,USD,USD,"NEW YORK STOCK EXCHANGE, INC.",1905-05-22,11853.352348530887,https://static2.finnhub.io/file/publicdatany/finnhubimage/stock_logo/RRX.png,66.57,Electrical Equipment,16083648800,https://www.regalrexnord.com/,66.14,,20260816,AADP,62aa5a3caff85326f408a35bbf20f9ff,175.49,4.91,178.0,168.98,170.89,170.58,2026-08-14 20:00:00,2026-08-14,2.8784,cadp_finnhub,-0.30999999999997385,-0.1814032418514681,9.02000000000001,5.337909811812056,2.509999999999991,1.430280927688182,6.510000000000019,3.7096130833665844,178.92,-3.4299999999999784,-1.917057902973384
BL,BlackLine Inc,US,USD,USD,NASDAQ NMS - GLOBAL MARKET,2016-10-28,1717.601753125,https://static2.finnhub.io/file/publicdatany/finnhubimage/stock_logo/BL.png,58.66,Technology,18182239008,https://www.blackline.com/,47.46,,20260816,AADP,62ad0f60b43783f895759d667ab73d65,30.53,-0.83,31.58,30.0,31.36,31.36,2026-08-14 20:00:00,2026-08-14,-2.6467,cadp_finnhub,,,1.5799999999999983,5.266666666666661,1.0499999999999972,3.4392400917130597,0.5300000000000011,1.7359973796266006,,,
BURL,Burlington Stores Inc,US,USD,USD,"NEW YORK STOCK EXCHANGE, INC.",2013-10-02,23223.156437198544,https://static2.finnhub.io/file/publicdatany/finnhubimage/stock_logo/BURL.png,62.94,Retail,13026587581,https://www.burlington.com/,62.58,,20260816,AADP,62c681e47ae5728ec67b7b3a177fd977,347.67,-7.65,356.09,347.2535,351.51,355.32,2026-08-14 20:00:00,2026-08-14,-2.153,cadp_finnhub,3.8100000000000023,1.0838951950157896,8.836500000000001,2.5446827749756307,8.419999999999959,2.421836799263658,0.41650000000004184,0.11979750913223511,371.5,-23.829999999999984,-6.414535666218031
TDG,TransDigm Group Inc,US,USD,USD,"NEW YORK STOCK EXCHANGE, INC.",2006-03-15,67727.55764604143,https://static2.finnhub.io/file/publicdatany/finnhubimage/stock_logo/TDG.png,55.93,Aerospace & Defense,12167062960,https://www.transdigm.com/,55.25,,20260816,AADP,62d8ac62f13621308d1d4ae7dbd3505f,1256.9,10.59,1265.7611,1238.4,1258.87,1246.31,2026-08-14 20:00:00,2026-08-14,0.8497,cadp_finnhub,-12.559999999999945,-0.9977201776196071,27.36109999999985,2.2093911498707888,8.861099999999851,0.7049964197628968,18.5,1.4718752486275757,1223.48,33.42000000000007,2.7315526203942913
TTWO,Take-Two Interactive Software Inc,US,USD,USD,NASDAQ NMS - GLOBAL MARKET,1997-04-15,46090.67826616768,https://static2.finnhub.io/file/publicdatany/finnhubimage/stock_logo/TTWO.png,186.98,Media,13026365400,https://www.take2games.com/,183.65,,20260816,AADP,63a83b9979ffffdf14befdf2e6d3b1b2,246.95,5.04,248.975,242.34,242.34,241.91,2026-08-14 20:00:00,2026-08-14,2.0834,cadp_finnhub,-0.4300000000000068,-0.17743665923908838,6.634999999999991,2.7378889163984446,2.0250000000000057,0.8200040494027154,4.609999999999985,1.8667746507390102,246.5,0.44999999999998863,0.18255578093305827
MNST,Monster Beverage Corp,US,USD,USD,NASDAQ NMS - GLOBAL MARKET,1985-12-09,88372.81695028802,https://static2.finnhub.io/file/publicdatany/finnhubimage/stock_logo/MNST.png,978.01,Beverages,13026365400,https://monsterbevcorp.com/,701.21,,20260816,AADP,63d4646790e7b5e10a338517fb554344,46.82,0.14,46.935,46.17,46.51,46.68,2026-08-14 20:00:00,2026-08-14,0.2999,cadp_finnhub,0.1700000000000017,0.36551279294775685,0.7650000000000006,1.656920077972711,0.11500000000000199,0.2456215292610038,0.6499999999999986,1.388295600170864,90.36,-43.54,-48.1850376272687
APH,Amphenol Corp,US,USD,USD,"NEW YORK STOCK EXCHANGE, INC.",1991-11-08,208596.15274536944,https://static2.finnhub.io/file/publicdatany/finnhubimage/stock_logo/APH.png,1230.23,Electrical Equipment,12032658900,https://www.amphenol.com/,1224.25,,20260816,AADP,63da4ebb460ef2eceb93a705b2bccd0a,,,,,,,,,,cadp_finnhub,,,,,,,,,,,
SCL,Stepan Co,US,USD,USD,"NEW YORK STOCK EXCHANGE, INC.",1981-05-22,1481.0248440994376,https://static2.finnhub.io/file/publicdatany/finnhubimage/stock_logo/SCL.png,22.71,Chemicals,13026587581,https://www.stepan.com/,21.39,,20260816,AADP,63e42844fdb495bef5c4a64898781625,65.17,-0.11,65.38,64.65,65.26,65.28,2026-08-14 20:00:00,2026-08-14,-0.1685,cadp_finnhub,0.01999999999999602,0.030646644192454827,0.7299999999999898,1.1291569992265889,0.20999999999999375,0.32223415682061335,0.519999999999996,0.7979131502224889,,,
BRKR,Bruker Corp,US,USD,USD,NASDAQ NMS - GLOBAL MARKET,2000-08-04,8137.5110318074885,https://static2.finnhub.io/file/publicdatany/finnhubimage/stock_logo/BRKR.png,152.23,Life Sciences Tools & Services,13026365400,https://www.bruker.com/,111.15,,20260816,AADP,6406f23c9196dc9a11d9280f19b946db,57.7,-0.23,58.22,56.72,57.6,57.93,2026-08-14 20:00:00,2026-08-14,-0.397,cadp_finnhub,0.3299999999999983,0.5729166666666636,1.5,2.6445698166431595,0.519999999999996,0.9012131715771161,0.980000000000004,1.6984402079722773,53.41,4.290000000000006,8.032203707170954
UNH,UnitedHealth Group Inc,US,USD,USD,"NEW YORK STOCK EXCHANGE, INC.",1984-10-17,369687.4023602676,https://static2.finnhub.io/file/publicdatany/finnhubimage/stock_logo/UNH.png,908.14,Health Care,13026587581,https://www.unitedhealthgroup.com/,905.87,,20260816,AADP,641b32e7c698af9023a07f0239f1748f,401.73,2.67,403.18,396.56,398.0,399.06,2026-08-14 20:00:00,2026-08-14,0.6691,cadp_finnhub,1.0600000000000023,0.2663316582914579,6.6200000000000045,1.6693564656041973,1.4499999999999886,0.3609389390884396,5.170000000000016,1.2869340104050022,408.74,-7.009999999999991,-1.7150266673190757
SBUX,Starbucks Corp,US,USD,USD,NASDAQ NMS - GLOBAL MARKET,1992-06-26,120361.20419167462,https://static2.finnhub.io/file/publicdatany/finnhubimage/stock_logo/SBUX.png,1140.0,"Hotels, Restaurants & Leisure",12064471575,https://www.starbucks.com/,1138.51,,20260816,AADP,641d8140dd6bbd90646ee2febace836a,107.69,-0.86,108.8182,107.4683,107.62,108.55,2026-08-14 20:00:00,2026-08-14,-0.7923,cadp_finnhub,0.9299999999999926,0.8641516446757039,1.3499000000000052,1.2560913311181114,1.1282000000000068,1.0476367350729008,0.22169999999999845,0.20586869718636686,105.58,2.1099999999999994,1.9984845614699747
NVDA,NVIDIA Corp,US,USD,USD,NASDAQ NMS - GLOBAL MARKET,1999-01-22,5419832.135951973,https://static2.finnhub.io/file/publicdatany/finnhubimage/stock_logo/NVDA.png,24200.0,Semiconductors,13026365401,https://www.nvidia.com/,23228.1,,20260816,AADP,6430b7da4f4631d4d5a363e0d78f876a,225.16,-0.14,227.49,224.5,226.765,225.3,2026-08-14 20:00:00,2026-08-14,-0.0621,cadp_finnhub,-1.464999999999975,-0.6460432606442684,2.990000000000009,1.3318485523385342,2.3300000000000125,1.0348196837804282,0.6599999999999966,0.2931248889678436,217.55,7.609999999999985,3.4980464261089335
DNOW,DNOW Inc,US,USD,USD,"NEW YORK STOCK EXCHANGE, INC.",2014-05-20,3015.6598223183883,https://static2.finnhub.io/file/publicdatany/finnhubimage/stock_logo/DNOW.png,182.55,Trading Companies & Distributors,12818234700,https://www.dnow.com/,179.44,,20260816,AADP,6448ada9cb2d3df99d56dc411f3f2ab3,16.43,0.12,16.585,16.25,16.29,16.31,2026-08-14 20:00:00,2026-08-14,0.7357,cadp_finnhub,0.019999999999999574,0.12277470841006491,0.33500000000000085,2.0615384615384666,0.15500000000000114,0.9433962264151012,0.17999999999999972,1.0955569080949465,,,
CR,Crane Co,US,USD,USD,"NEW YORK STOCK EXCHANGE, INC.",2023-03-29,12709.14201589897,https://static2.finnhub.io/file/publicdatany/finnhubimage/stock_logo/950848623356.png,57.74,Machinery,12033637300,https://www.craneco.com/,49.38,,20260816,AADP,649a638f33488157d59972069c9df12b,218.34,-0.7,220.4,216.3,218.55,219.04,2026-08-14 20:00:00,2026-08-14,-0.3196,cadp_finnhub,0.4899999999999807,0.22420498741705816,4.099999999999994,1.8955154877484948,2.0600000000000023,0.9434826417513978,2.039999999999992,0.9343226161033215,219.35,-1.009999999999991,-0.4604513334852934
MAT,Mattel Inc,US,USD,USD,NASDAQ NMS - GLOBAL MARKET,1963-08-12,4297.974022455486,https://static2.finnhub.io/file/publicdatany/finnhubimage/stock_logo/MAT.png,290.6,Leisure Products,13102522000,https://corporate.mattel.com/,287.65,,20260816,AADP,64b3e8c37c52ec17b6c86efe5c2a0e2a,15.03,0.15,15.14,14.86,14.92,14.88,2026-08-14 20:00:00,2026-08-14,1.0081,cadp_finnhub,-0.03999999999999915,-0.2680965147453026,0.28000000000000114,1.884253028263803,0.11000000000000121,0.7318695941450513,0.16999999999999993,1.13107119095143,14.74,0.28999999999999915,1.967435549525096
MPC,Marathon Petroleum Corp,US,USD,USD,"NEW YORK STOCK EXCHANGE, INC.",2011-06-23,83741.93673657544,https://static2.finnhub.io/file/publicdatany/finnhubimage/stock_logo/MPC.png,291.94,Energy,13026587581,https://www.marathonpetroleum.com/,290.96,,20260816,AADP,651b2ff9d9bac61e8d4abffc5aa565e3,355.42,-0.95,360.1,352.48,356.99,356.37,2026-08-14 20:00:00,2026-08-14,-0.2666,cadp_finnhub,-0.6200000000000045,-0.17367433261436022,7.6200000000000045,2.1618247843849305,4.680000000000007,1.3167520117044642,2.9399999999999977,0.8271903663271616,320.32,35.10000000000002,10.957792207792215
MSM,MSC Industrial Direct Co Inc,US,USD,USD,"NEW YORK STOCK EXCHANGE, INC.",1995-12-15,6864.627180127835,https://static2.finnhub.io/file/publicdatany/finnhubimage/stock_logo/MSM.png,55.85,Trading Companies & Distributors,15168122000,https://www.mscdirect.com/,45.2,,20260816,AADP,6566e43d00c3ba84ae6d51afdffe5fd1,123.82,2.53,124.0,120.91,121.5,121.29,2026-08-14 20:00:00,2026-08-14,2.0859,cadp_finnhub,-0.20999999999999375,-0.17283950617283436,3.0900000000000034,2.5556198825572767,0.18000000000000682,0.14537231465030434,2.9099999999999966,2.350185753513162,122.93,0.8899999999999864,0.7239892621817183
PFBC,Preferred Bank,US,USD,USD,NASDAQ NMS - GLOBAL MARKET,2005-02-15,1416.4159182505211,https://static2.finnhub.io/file/publicdatany/finnhubimage/stock_logo/942959130406.png,11.84,Banking,18886731808,https://www.preferredbank.com/,10.9,,20260816,AADP,65adeeeef60281c5b72e3ef7b838de34,107.9,0.06,108.525,107.34,107.57,107.84,2026-08-14 20:00:00,2026-08-14,0.0556,cadp_finnhub,0.27000000000001023,0.2509993492609559,1.1850000000000023,1.1039686975964247,0.625,0.5792400370713624,0.5600000000000023,0.5189990732159427,,,
CHD,Church & Dwight Co Inc,US,USD,USD,"NEW YORK STOCK EXCHANGE, INC.",1980-03-17,24488.931110448528,https://static2.finnhub.io/file/publicdatany/finnhubimage/stock_logo/CHD.png,236.94,Consumer products,13026587581,https://churchdwight.com/,236.4,,20260816,AADP,65e88d00b8466e53af37dc68baa5bd8f,101.3,-0.02,101.405,100.25,100.96,101.32,2026-08-14 20:00:00,2026-08-14,-0.0197,cadp_finnhub,0.35999999999999943,0.3565768621236128,1.1550000000000011,1.1521197007481307,0.10500000000000398,0.10365251727542348,1.0499999999999972,1.0365251727541926,103.24,-1.9399999999999977,-1.8791166214645467
COLL,Collegium Pharmaceutical Inc,US,USD,USD,NASDAQ NMS - GLOBAL MARKET,2015-05-07,955.8235362847819,https://static2.finnhub.io/file/publicdatany/finnhubimage/stock_logo/950459174016.png,32.43,Pharmaceuticals,17817133699,https://www.collegiumpharma.com/,32.0,,20260816,AADP,65ef1e2add4591cce2732d5c7f6072ed,28.23,0.08,28.52,27.135,27.59,28.15,2026-08-14 20:00:00,2026-08-14,0.2842,cadp_finnhub,0.5599999999999987,2.0297209133744065,1.384999999999998,5.104109084208579,0.28999999999999915,1.0272759475735003,1.0949999999999989,3.878852284803397,,,
ALSN,Allison Transmission Holdings Inc,US,USD,USD,"NEW YORK STOCK EXCHANGE, INC.",2012-03-15,9816.877342428079,https://static2.finnhub.io/file/publicdatany/finnhubimage/stock_logo/ALSN.png,82.94,Machinery,13026587581,https://www.allisontransmission.com/,82.28,,20260816,AADP,6655fe504c4de14a85c148bf1499c5a4,125.87,2.95,125.965,122.655,123.4,122.92,2026-08-14 20:00:00,2026-08-14,2.3999,cadp_finnhub,-0.480000000000004,-0.38897893030794484,3.3100000000000023,2.6986262280379947,0.09499999999999886,0.07547469611503842,3.2150000000000034,2.554222610630018,118.29,7.579999999999998,6.407980387184037
FCN,FTI Consulting Inc,US,USD,USD,"NEW YORK STOCK EXCHANGE, INC.",1996-05-09,4181.220542037715,https://static2.finnhub.io/file/publicdatany/finnhubimage/stock_logo/FCN.png,30.14,Professional Services,12023129100,https://www.fticonsulting.com/,27.03,,20260816,AADP,66827f3a89adb96b60386370c66fff37,151.85,-1.56,153.88,150.38,153.5,153.41,2026-08-14 20:00:00,2026-08-14,-1.0169,cadp_finnhub,-0.09000000000000341,-0.05863192182410645,3.5,2.327437159196702,2.030000000000001,1.3368455712874556,1.4699999999999989,0.9680605861047079,151.43,0.4199999999999875,0.2773558740011804
KMI,Kinder Morgan Inc,US,USD,USD,"NEW YORK STOCK EXCHANGE, INC.",2011-02-11,68696.84326814259,https://static2.finnhub.io/file/publicdatany/finnhubimage/stock_logo/KMI.png,2226.8,Energy,17133699000,https://www.kindermorgan.com/,1942.15,,20260816,AADP,66923f9993d9e8988810c6edbca0203a,32.82,0.74,32.84,32.13,32.23,32.08,2026-08-14 20:00:00,2026-08-14,2.3067,cadp_finnhub,-0.14999999999999858,-0.4654049022649661,0.7100000000000009,2.2097727980080943,0.020000000000003126,0.06093845216332457,0.6899999999999977,2.102376599634362,31.19,1.629999999999999,5.2260339852516795
ROIV,Roivant Sciences Ltd,GB,USD,USD,NASDAQ NMS - GLOBAL MARKET,2020-12-03,26252.24232618224,https://static2.finnhub.io/file/publicdatany/finnhubimage/stock_logo/ROIV.png,722.41,Biotechnology,4412955950,http://roivant.com/,548.38,,20260816,AADP,66989d57bb4298a7e95e91a04bcf655f,36.2,-0.08,36.49,35.87,36.135,36.28,2026-08-14 20:00:00,2026-08-14,-0.2205,cadp_finnhub,0.14500000000000313,0.40127300401273874,0.6200000000000045,1.728463897407317,0.28999999999999915,0.8011049723756882,0.3300000000000054,0.9116022099447662,35.78,0.4200000000000017,1.1738401341531628
CSW,CSW Industrials Inc,US,USD,USD,"NEW YORK STOCK EXCHANGE, INC.",2015-09-16,5713.800233310709,https://static2.finnhub.io/file/publicdatany/finnhubimage/stock_logo/950441681096.png,16.3,Building,12148843777,https://cswindustrials.com/,15.64,,20260816,AADP,66a99a9d3cc940cddfee4c71f7fdac6a,345.15,2.22,347.89,342.75,342.75,342.93,2026-08-14 20:00:00,2026-08-14,0.6474,cadp_finnhub,0.18000000000000682,0.05251641137855779,5.139999999999986,1.4996353026987561,2.740000000000009,0.7938577430102881,2.3999999999999773,0.6953498478922142,,,
DY,Dycom Industries Inc,US,USD,USD,"NEW YORK STOCK EXCHANGE, INC.",1990-09-24,12252.533955094452,https://static2.finnhub.io/file/publicdatany/finnhubimage/stock_logo/DY.png,30.03,Construction,15616277171,https://dycomind.com/,29.65,,20260816,AADP,66cde083effc47968d12641f4d74b799,419.07,9.66,419.79,409.0,409.0,409.41,2026-08-14 20:00:00,2026-08-14,2.3595,cadp_finnhub,0.410000000000025,0.10024449877751222,10.79000000000002,2.6381418092909588,0.7200000000000273,0.1718090056553863,10.069999999999993,2.402939842985657,407.99,11.079999999999984,2.7157528370793362
TNL,Travel + Leisure Co,US,USD,USD,"NEW YORK STOCK EXCHANGE, INC.",2006-07-19,4694.364649388336,https://static2.finnhub.io/file/publicdatany/finnhubimage/stock_logo/942959161996.png,61.2,"Hotels, Restaurants & Leisure",14076265200,https://www.travelandleisureco.com/,57.95,,20260816,AADP,66f311d3ff12a5993c528fff885d8a53,75.49,0.7,75.65,74.21,74.62,74.79,2026-08-14 20:00:00,2026-08-14,0.936,cadp_finnhub,0.1700000000000017,0.22782095952827885,1.440000000000012,1.9404392938957176,0.1600000000000108,0.2119486024639168,1.2800000000000011,1.6955888197112219,76.7,-1.210000000000008,-1.5775749674054862
IBP,Installed Building Products Inc,US,USD,USD,"NEW YORK STOCK EXCHANGE, INC.",2014-02-13,6574.8803252237885,https://static2.finnhub.io/file/publicdatany/finnhubimage/stock_logo/IBP.png,26.7,Consumer products,13026587581,https://installedbuildingproducts.com/,22.99,,20260816,AADP,675e9c6c9637a41871bd516ec34dc775,240.23,-5.85,248.38,239.5485,247.665,246.08,2026-08-14 20:00:00,2026-08-14,-2.3773,cadp_finnhub,-1.5849999999999795,-0.6399773888114911,8.831500000000005,3.6867273224420134,8.150000000000006,3.3925821088123906,0.6814999999999998,0.2836864671356616,,,
KRYS,Krystal Biotech Inc,US,USD,USD,NASDAQ NMS - GLOBAL MARKET,2017-09-20,9662.539756413897,https://static2.finnhub.io/file/publicdatany/finnhubimage/stock_logo/KRYS.png,29.48,Biotechnology,13026587581,https://www.krystalbio.com/,25.7,,20260816,AADP,6767f68de58a1c72f7945c4572866bb3,332.27,3.93,333.85,320.62,333.85,328.34,2026-08-14 20:00:00,2026-08-14,1.1969,cadp_finnhub,-5.510000000000048,-1.6504418151864753,13.230000000000018,4.126380138481697,1.580000000000041,0.4755168989075273,11.649999999999977,3.5061847292864172,326.45,5.819999999999993,1.7828151324858303
ESI,Element Solutions Inc,US,USD,USD,"NEW YORK STOCK EXCHANGE, INC.",2013-05-21,9231.0114684382,https://static2.finnhub.io/file/publicdatany/finnhubimage/stock_logo/ESI.png,243.69,Chemicals,15612079600,https://elementsolutionsinc.com/,227.79,,20260816,AADP,67934bd9f7815dd4449cec7f20d652db,38.81,-0.2,39.47,38.69,38.86,39.01,2026-08-14 20:00:00,2026-08-14,-0.5127,cadp_finnhub,0.14999999999999858,0.3860010293360746,0.7800000000000011,2.016024812613081,0.6599999999999966,1.700592630765258,0.12000000000000455,0.3091986601391511,,,
VRT,Vertiv Holdings Co,US,USD,USD,"NEW YORK STOCK EXCHANGE, INC.",2018-06-12,93001.599805,https://static2.finnhub.io/file/publicdatany/finnhubimage/stock_logo/VRT.png,384.99,Electrical Equipment,13026587581,https://investors.vertiv.com/,383.68,,20260816,AADP,67cfa54b5d51926628f9c0989aa86750,293.84,6.77,295.47,285.25,287.07,287.07,2026-08-14 20:00:00,2026-08-14,2.3583,cadp_finnhub,,,10.220000000000027,3.58282208588958,1.6300000000000523,0.5547236591342405,8.589999999999975,2.923359651511018,275.4,18.439999999999998,6.6957153231663025
WST,West Pharmaceutical Services Inc,US,USD,USD,"NEW YORK STOCK EXCHANGE, INC.",1923-07-27,23898.91,https://static2.finnhub.io/file/publicdatany/finnhubimage/stock_logo/WST.png,70.38,Life Sciences Tools & Services,16105942900,https://www.westpharma.com/,69.91,,20260816,AADP,680f885fb45747a7269058c08b6a3585,349.42,3.26,349.53,343.48,344.44,346.16,2026-08-14 20:00:00,2026-08-14,0.9418,cadp_finnhub,1.7200000000000273,0.499361282081067,6.0499999999999545,1.761383486665877,0.1099999999999568,0.03148073951117761,5.939999999999998,1.6999599336042577,354.07,-4.649999999999977,-1.313299630016657
AVB,AvalonBay Communities Inc,US,USD,USD,"NEW YORK STOCK EXCHANGE, INC.",1994-03-11,26781.760392968907,https://static2.finnhub.io/file/publicdatany/finnhubimage/stock_logo/942959034786.png,142.06,Real Estate,17033296300,https://www.avaloncommunities.com/,141.74,,20260816,AADP,681d164991cc84ebae09db707bda0164,184.06,0.15,185.62,182.74,184.55,183.91,2026-08-14 20:00:00,2026-08-14,0.0816,cadp_finnhub,-0.6400000000000148,-0.3467894879436547,2.8799999999999955,1.5760096311699656,1.5600000000000023,0.8475497120504195,1.3199999999999932,0.7171574486580427,187.55,-3.490000000000009,-1.860837110103977
DAL,Delta Air Lines Inc,US,USD,USD,"NEW YORK STOCK EXCHANGE, INC.",2007-04-26,60067.28571870297,https://static2.finnhub.io/file/publicdatany/finnhubimage/stock_logo/DAL.png,657.62,Airlines,13026365400,https://www.delta.com/,614.33,,20260816,AADP,687660da7be5892277234e71b6b038b2,89.35,-1.96,91.355,89.06,91.04,91.31,2026-08-14 20:00:00,2026-08-14,-2.1465,cadp_finnhub,0.269999999999996,0.2965729349736336,2.2950000000000017,2.5769144397035726,2.0050000000000097,2.243984331281488,0.28999999999999204,0.3245663122551674,89.21,0.14000000000000057,0.15693307925120567
CALX,Calix Inc,US,USD,USD,"NEW YORK STOCK EXCHANGE, INC.",2010-03-24,2391.372283250267,https://static2.finnhub.io/file/publicdatany/finnhubimage/stock_logo/CALX.png,62.96,Communications,14085143000,https://www.calix.com/,56.85,,20260816,AADP,687fefe3ebf3405ec3cbbf0b1844723d,39.54,-0.3,39.97,39.34,39.85,39.84,2026-08-14 20:00:00,2026-08-14,-0.753,cadp_finnhub,-0.00999999999999801,-0.025094102885816837,0.6299999999999955,1.6014234875444722,0.4299999999999997,1.0875063227111779,0.19999999999999574,0.5058168942842584,,,
DXCM,Dexcom Inc,US,USD,USD,NASDAQ NMS - GLOBAL MARKET,2005-04-14,31981.32212413876,https://static2.finnhub.io/file/publicdatany/finnhubimage/stock_logo/DXCM.png,385.87,Health Care,13026365400,https://www.dexcom.com/,375.92,,20260816,AADP,690031fbb43e53c25c3e585c2bd5abfa,89.75,-1.73,91.96,89.42,91.96,91.48,2026-08-14 20:00:00,2026-08-14,-1.8911,cadp_finnhub,-0.47999999999998977,-0.5219660722052956,2.539999999999992,2.840527846119427,2.2099999999999937,2.4623955431754805,0.3299999999999983,0.3676880222841206,84.27,5.480000000000004,6.502907321704051
CALM,Cal-Maine Foods Inc,US,USD,USD,NASDAQ NMS - GLOBAL MARKET,1996-12-12,3991.7050881885675,https://static2.finnhub.io/file/publicdatany/finnhubimage/stock_logo/CALM.png,46.92,Food Products,16019486813,https://www.calmainefoods.com/,42.13,,20260816,AADP,692e64d7b3aa6666322216665e12da98,81.09,-1.5,82.455,80.42,82.28,82.59,2026-08-14 20:00:00,2026-08-14,-1.8162,cadp_finnhub,0.3100000000000023,0.3767622751579998,2.0349999999999966,2.5304650584431694,1.3649999999999949,1.6833148353681031,0.6700000000000017,0.8262424466642023,,,
IT,Gartner Inc,US,USD,USD,"NEW YORK STOCK EXCHANGE, INC.",1993-10-05,11720.4502937431,https://static2.finnhub.io/file/publicdatany/finnhubimage/stock_logo/IT.png,66.95,Technology,12039640096,https://www.gartner.com/en,64.51,,20260816,AADP,69a2c4b33bfc354d3b015d0d9e10a009,181.09,-2.21,185.085,176.23,184.21,183.3,2026-08-14 20:00:00,2026-08-14,-1.2057,cadp_finnhub,-0.9099999999999966,-0.49400141143260223,8.855000000000018,5.024683652045633,3.9950000000000045,2.20608537191452,4.860000000000014,2.683748412391636,193.17,-12.079999999999984,-6.2535590412589865
BR,Broadridge Financial Solutions Inc,US,USD,USD,"NEW YORK STOCK EXCHANGE, INC.",2007-03-22,18984.6292300607,https://static2.finnhub.io/file/publicdatany/finnhubimage/stock_logo/BR.png,115.66,Professional Services,15164725400,https://www.broadridge.com/,115.08,,20260816,AADP,69d2c020e109881734335a05f406886c,171.01,-1.23,173.37,169.3801,173.04,172.24,2026-08-14 20:00:00,2026-08-14,-0.7141,cadp_finnhub,-0.799999999999983,-0.46232085067035544,3.9899000000000058,2.35558958815115,2.3600000000000136,1.380036255189763,1.6298999999999921,0.953102157768547,166.5,4.509999999999991,2.708708708708703
KKR,KKR & Co Inc,US,USD,USD,"NEW YORK STOCK EXCHANGE, INC.",2010-07-15,92310.3140367614,https://static2.finnhub.io/file/publicdatany/finnhubimage/stock_logo/950831440326.png,897.87,Financial Services,12127508300,https://ir.kkr.com/,690.04,,20260816,AADP,69dd4edacdd5d47feada921e9a7ff9f2,114.01,-1.29,116.17,113.4,115.5,115.3,2026-08-14 20:00:00,2026-08-14,-1.1188,cadp_finnhub,-0.20000000000000284,-0.17316017316017562,2.769999999999996,2.4426807760141056,2.1599999999999966,1.8945706516972165,0.6099999999999994,0.5350407858959736,102.81,11.200000000000003,10.893881918101354
MIR,Mirion Technologies Inc,US,USD,USD,"NEW YORK STOCK EXCHANGE, INC.",2020-06-29,3912.3815442563255,https://static2.finnhub.io/file/publicdatany/finnhubimage/stock_logo/MIR.png,249.04,Electrical Equipment,17704322744,https://www.mirion.com/,234.97,,20260816,AADP,69e085ccc4a600eb6ccc10c0fd11a3bc,15.89,0.29,16.08,15.475,15.54,15.6,2026-08-14 20:00:00,2026-08-14,1.859,cadp_finnhub,0.0600000000000005,0.3861003861003893,0.6049999999999986,3.9095315024232544,0.18999999999999773,1.1957205789804766,0.4150000000000009,2.611705475141604,,,
SFBS,ServisFirst Bancshares Inc,US,USD,USD,"NEW YORK STOCK EXCHANGE, INC.",2014-05-14,4860.618396008076,https://static2.finnhub.io/file/publicdatany/finnhubimage/stock_logo/942978993106.png,54.67,Banking,18003166660,https://www.servisfirstbancshares.com/,51.08,,20260816,AADP,6a23d4aec30fa52122a43d6ea809f9f4,91.33,-0.2,92.08,89.865,91.04,91.53,2026-08-14 20:00:00,2026-08-14,-0.2185,cadp_finnhub,0.4899999999999949,0.5382249560632633,2.2150000000000034,2.46480832359651,0.75,0.8211978539362751,1.4650000000000034,1.6040731413555276,,,
RL,Ralph Lauren Corp,US,USD,USD,"NEW YORK STOCK EXCHANGE, INC.",1997-06-12,23547.905755365384,https://static2.finnhub.io/file/publicdatany/finnhubimage/stock_logo/RL.png,59.52,"Textiles, Apparel & Luxury Goods",12123187000,https://investor.ralphlauren.com/,36.67,,20260816,AADP,6a551ae466fa8539f6c869190d501df6,388.92,1.53,391.61,382.835,386.83,387.39,2026-08-14 20:00:00,2026-08-14,0.395,cadp_finnhub,0.5600000000000023,0.14476643486803048,8.775000000000034,2.292110178014036,2.6899999999999977,0.6916589529980453,6.085000000000036,1.5645891185848082,395.53,-6.609999999999957,-1.6711753849265436
JXN,Jackson Financial Inc,US,USD,USD,"NEW YORK STOCK EXCHANGE, INC.",2021-09-01,8802.027394841758,https://static2.finnhub.io/file/publicdatany/finnhubimage/stock_logo/JXN.png,69.74,Financial Services,13026587581,https://www.jackson.com/,63.77,,20260816,AADP,6a6070a6250ead0e89930c245dbda756,135.32,0.94,136.12,134.27,134.91,134.38,2026-08-14 20:00:00,2026-08-14,0.6995,cadp_finnhub,-0.5300000000000011,-0.3928544955896532,1.8499999999999943,1.3778208088180488,0.8000000000000114,0.5911912503695029,1.049999999999983,0.775938516109949,,,
IRDM,Iridium Communications Inc,US,USD,USD,NASDAQ NMS - GLOBAL MARKET,2008-02-15,5290.601951374457,https://static2.finnhub.io/file/publicdatany/finnhubimage/stock_logo/IRDM.png,105.96,Telecommunication,13015716200,https://www.iridium.com/,92.75,,20260816,AADP,6ad1bf3ff2c0a8adbbcafa164388217c,50.2,0.42,50.27,49.41,50.0,49.78,2026-08-14 20:00:00,2026-08-14,0.8437,cadp_finnhub,-0.21999999999999886,-0.43999999999999767,0.8600000000000065,1.7405383525602238,0.07000000000000028,0.13944223107569775,0.7900000000000063,1.573705179282881,,,
OI,"O-i Glass, Inc",US,USD,USD,"NEW YORK STOCK EXCHANGE, INC.",1991-12-11,1080.2279880422536,https://static2.finnhub.io/file/publicdatany/finnhubimage/stock_logo/OI.png,153.66,Packaging,15673365000,https://www.o-i.com/,151.65,,20260816,AADP,6b0a34363f4f08d676e43262527260a0,6.79,-0.05,6.87,6.685,6.77,6.84,2026-08-14 20:00:00,2026-08-14,-0.731,cadp_finnhub,0.07000000000000028,1.0339734121122643,0.1850000000000005,2.7673896783844505,0.08000000000000007,1.178203240058911,0.10500000000000043,1.5463917525773259,,,
ROK,Rockwell Automation Inc,US,USD,USD,"NEW YORK STOCK EXCHANGE, INC.",1956-08-29,48976.90987012603,https://static2.finnhub.io/file/publicdatany/finnhubimage/stock_logo/ROK.png,111.27,Electrical Equipment,13026587581,https://www.rockwellautomation.com/en-in.html,111.05,,20260816,AADP,6b2c4e78b710b66be6081b4db865edc9,449.37,3.86,450.42,440.55,444.74,445.51,2026-08-14 20:00:00,2026-08-14,0.8664,cadp_finnhub,0.7699999999999818,0.1731348653145617,9.870000000000005,2.240381341504938,1.0500000000000114,0.23366045797450016,8.819999999999993,1.9627478469857784,441.04,8.329999999999984,1.8887175766370359
PFE,Pfizer Inc,US,USD,USD,"NEW YORK STOCK EXCHANGE, INC.",1944-01-17,152523.26301524887,https://static2.finnhub.io/file/publicdatany/finnhubimage/stock_logo/PFE.png,5699.44,Pharmaceuticals,12127332323,https://www.pfizer.com/,5691.35,,20260816,AADP,6b36e0ba2332a3b9f043a921546bbc63,26.79,-0.01,26.915,26.42,26.66,26.8,2026-08-14 20:00:00,2026-08-14,-0.0373,cadp_finnhub,0.14000000000000057,0.5251312828207073,0.49499999999999744,1.8735806207418524,0.125,0.4665920119447556,0.36999999999999744,1.3811123553564668,26.76,0.029999999999997584,0.1121076233183766
PBH,Prestige Consumer Healthcare Inc,US,USD,USD,"NEW YORK STOCK EXCHANGE, INC.",2005-02-10,2598.3633016939193,https://static2.finnhub.io/file/publicdatany/finnhubimage/stock_logo/PBH.png,47.37,Pharmaceuticals,19145246800,https://www.prestigebrands.com/,46.7,,20260816,AADP,6b4bb14c261fb8694d2350c620ca6621,51.38,0.06,52.0,50.355,51.07,51.32,2026-08-14 20:00:00,2026-08-14,0.1169,cadp_finnhub,0.25,0.4895241824946152,1.6450000000000031,3.266805679674319,0.6199999999999974,1.2066952121447985,1.0250000000000057,1.9949396652394036,,,
KEX,Kirby Corp,US,USD,USD,"NEW YORK STOCK EXCHANGE, INC.",1981-05-22,6932.111518020612,https://static2.finnhub.io/file/publicdatany/finnhubimage/stock_logo/KEX.png,53.5,Marine,17134351000,https://kirbycorp.com/,53.08,,20260816,AADP,6b82410e2c1906ea32e2beeeba88e488,138.62,1.07,139.09,132.78,137.33,137.55,2026-08-14 20:00:00,2026-08-14,0.7779,cadp_finnhub,0.21999999999999886,0.16019806305978215,6.310000000000002,4.752221720138577,0.46999999999999886,0.33905641321598534,5.840000000000003,4.212956283364596,131.29,7.3300000000000125,5.583060400639815
ROKU,Roku Inc,US,USD,USD,NASDAQ NMS - GLOBAL MARKET,2017-09-28,22712.670413994936,https://static2.finnhub.io/file/publicdatany/finnhubimage/stock_logo/ROKU.png,148.34,Media,13026365400,https://www.roku.com/,131.05,,20260816,AADP,6ba85cb3027b8c0352aca56040fe64f0,157.68,3.6,157.86,155.23,155.48,154.08,2026-08-14 20:00:00,2026-08-14,2.3364,cadp_finnhub,-1.3999999999999773,-0.9004373552868391,2.630000000000024,1.6942601301295008,0.18000000000000682,0.11415525114155683,2.450000000000017,1.5537798072044755,153.11,4.569999999999993,2.984782182744427
UHS,Universal Health Services Inc,US,USD,USD,"NEW YORK STOCK EXCHANGE, INC.",1981-07-10,10503.316516006835,https://static2.finnhub.io/file/publicdatany/finnhubimage/stock_logo/UHS.png,60.54,Health Care,16107683300,https://uhs.com,50.71,,20260816,AADP,6be5dce381cbff53eb363cc1ab47e6ec,170.02,-1.19,172.3262,169.45,171.19,171.21,2026-08-14 20:00:00,2026-08-14,-0.6951,cadp_finnhub,0.020000000000010232,0.01168292540452727,2.8762000000000114,1.6973738565948728,2.30619999999999,1.3564286554522935,0.5700000000000216,0.33525467592049263,171.55,-1.5300000000000011,-0.891868259982513
LYB,LyondellBasell Industries NV,GB,USD,USD,"NEW YORK STOCK EXCHANGE, INC.",2010-04-28,19249.830017672364,https://static2.finnhub.io/file/publicdatany/finnhubimage/stock_logo/LYB.png,322.78,Chemicals,442072202600,https://www.lyondellbasell.com/,257.54,,20260816,AADP,6c3fbc889a961f403869c020c344853c,63.76,1.36,64.2,63.14,63.14,62.4,2026-08-14 20:00:00,2026-08-14,2.1795,cadp_finnhub,-0.740000000000002,-1.171998732974346,1.0600000000000023,1.6788089958821701,0.44000000000000483,0.690087829360108,0.6199999999999974,0.972396486825592,59.59,4.169999999999995,6.997818425910378
LGND,Ligand Pharmaceuticals Inc,US,USD,USD,NASDAQ NMS - GLOBAL MARKET,1992-11-18,5875.037436957587,https://static2.finnhub.io/file/publicdatany/finnhubimage/stock_logo/LGND.png,20.04,Pharmaceuticals,13026365401,https://www.ligand.com/,19.57,,20260816,AADP,6c52419e664028884dcc484ca460253c,294.595,5.775,295.19,287.2,287.61,288.82,2026-08-14 20:00:00,2026-08-14,1.9995,cadp_finnhub,1.2099999999999795,0.4207085984492818,7.990000000000009,2.7820334261838475,0.5949999999999704,0.20197219912081685,7.395000000000039,2.5102259033588616,,,
INCY,Incyte Corp,US,USD,USD,NASDAQ NMS - GLOBAL MARKET,1993-12-06,24437.240644268968,https://static2.finnhub.io/file/publicdatany/finnhubimage/stock_logo/INCY.png,202.7,Biotechnology,13024986700,https://www.incyte.com/,198.65,,20260816,AADP,6c52d474d73060eea6bd27de6a03095d,120.16,-0.36,120.435,117.56,119.15,120.52,2026-08-14 20:00:00,2026-08-14,-0.2987,cadp_finnhub,1.3699999999999903,1.1498111624003275,2.875,2.4455597141884997,0.2750000000000057,0.2288615179760367,2.5999999999999943,2.163781624500661,121.55,-1.3900000000000006,-1.1435623200329088
NMIH,NMI Holdings Inc,US,USD,USD,NASDAQ NMS - GLOBAL MARKET,2013-11-08,3356.9725750849043,https://static2.finnhub.io/file/publicdatany/finnhubimage/stock_logo/NMIH.png,75.97,Financial Services,13026587581,https://www.nationalmi.com/,74.65,,20260816,AADP,6c58911db9202b56b5f89a8024fa259e,45.71,0.27,45.84,45.15,45.49,45.44,2026-08-14 20:00:00,2026-08-14,0.5942,cadp_finnhub,-0.05000000000000426,-0.10991426687184934,0.6900000000000048,1.5282392026578182,0.13000000000000256,0.2844016626558796,0.5600000000000023,1.225114854517616,,,
TSN,Tyson Foods Inc,US,USD,USD,"NEW YORK STOCK EXCHANGE, INC.",1980-03-17,20012.228035562694,https://static2.finnhub.io/file/publicdatany/finnhubimage/stock_logo/TSN.png,352.13,Food Products,14792904000,https://www.tysonfoods.com/,274.6,,20260816,AADP,6cae92b49b1784d4a7812ef3fa5d5bdf,58.17,1.78,58.98,57.675,57.75,56.39,2026-08-14 20:00:00,2026-08-14,3.1566,cadp_finnhub,-1.3599999999999994,-2.354978354978354,1.3049999999999997,2.2626788036410916,0.8099999999999952,1.3924703455389293,0.49500000000000455,0.8509541000515807,58.51,-0.3399999999999963,-0.5810972483336119
BMI,Badger Meter Inc,US,USD,USD,"NEW YORK STOCK EXCHANGE, INC.",1980-03-17,4025.1135096416133,https://static2.finnhub.io/file/publicdatany/finnhubimage/stock_logo/BMI.png,28.99,Electrical Equipment,14143715702,https://www.badgermeter.com/,28.79,,20260816,AADP,6cd0aee5d91188a0d7c9763c8e543086,130.82,0.39,132.1,127.01,130.2,130.43,2026-08-14 20:00:00,2026-08-14,0.299,cadp_finnhub,0.2300000000000182,0.17665130568357773,5.089999999999989,4.007558459963774,1.2800000000000011,0.9784436630484644,3.809999999999988,2.9123987157926834,,,
UMBF,UMB Financial Corp,US,USD,USD,NASDAQ NMS - GLOBAL MARKET,1980-03-17,11058.324371110039,https://static2.finnhub.io/file/publicdatany/finnhubimage/stock_logo/UMBF.png,75.95,Banking,18168607000,https://www.umb.com/,71.87,,20260816,AADP,6cd8aed2118ec3d607d3305ccad34288,152.04,1.16,152.475,148.851,150.75,150.88,2026-08-14 20:00:00,2026-08-14,0.7688,cadp_finnhub,0.12999999999999545,0.08623548922056083,3.6239999999999952,2.4346494145151834,0.4350000000000023,0.28610891870560534,3.188999999999993,2.09747434885556,145.6,6.439999999999998,4.423076923076922
ADT,ADT Inc,US,USD,USD,"NEW YORK STOCK EXCHANGE, INC.",2018-01-19,5163.224817333333,https://static2.finnhub.io/file/publicdatany/finnhubimage/stock_logo/ADT.png,733.25,Diversified Consumer Services,13026587581,https://www.adt.com,661.71,,20260816,AADP,6d5cb13f16b5b8b04764eddf7fd1a05a,7.49,0.02,7.53,7.42,7.5,7.47,2026-08-14 20:00:00,2026-08-14,0.2677,cadp_finnhub,-0.03000000000000025,-0.4000000000000033,0.11000000000000032,1.4824797843665811,0.040000000000000036,0.5340453938584784,0.07000000000000028,0.9345794392523402,,,
NEO,Neogenomics Inc,US,USD,USD,NASDAQ NMS - GLOBAL MARKET,2012-12-10,2128.8379881934447,https://static2.finnhub.io/file/publicdatany/finnhubimage/stock_logo/NEO.png,128.48,Health Care,12397680600,https://neogenomics.com/,125.8,,20260816,AADP,6d8026758bcd34399766288a35b6d3a1,15.94,-0.45,16.395,15.89,16.38,16.39,2026-08-14 20:00:00,2026-08-14,-2.7456,cadp_finnhub,0.010000000000001563,0.0610500610500706,0.504999999999999,3.178099433606035,0.45500000000000007,2.8544542032622338,0.049999999999998934,0.3136762860727662,,,
PZZA,Papa John's International Inc,US,USD,USD,NASDAQ NMS - GLOBAL MARKET,1993-06-08,805.1123034748376,https://static2.finnhub.io/file/publicdatany/finnhubimage/stock_logo/PZZA.png,32.9,"Hotels, Restaurants & Leisure",13026587581,https://www.papajohns.com/,32.26,,20260816,AADP,6d98fd9dbe44051c7aeee44f51153471,24.26,-0.17,24.73,24.03,24.31,24.43,2026-08-14 20:00:00,2026-08-14,-0.6959,cadp_finnhub,0.120000000000001,0.49362402303579184,0.6999999999999993,2.9130253849354943,0.46999999999999886,1.937345424567184,0.23000000000000043,0.9480626545754345,,,
BOH,Bank of Hawaii Corp,US,USD,USD,"NEW YORK STOCK EXCHANGE, INC.",1980-03-17,3127.627077920527,https://static2.finnhub.io/file/publicdatany/finnhubimage/stock_logo/BOH.png,39.45,Banking,18886433888,https://www.boh.com/,38.67,,20260816,AADP,6dc19ff3bc93863813b44433c9a08ef5,80.29,0.43,80.55,79.715,79.72,79.86,2026-08-14 20:00:00,2026-08-14,0.5384,cadp_finnhub,0.14000000000000057,0.1756146512794789,0.8349999999999937,1.0474816533901947,0.2599999999999909,0.3238261302777318,0.5750000000000028,0.7161539419603971,,,
PCTY,Paylocity Holding Corp,US,USD,USD,NASDAQ NMS - GLOBAL MARKET,2014-03-19,7980.828945527755,https://static2.finnhub.io/file/publicdatany/finnhubimage/stock_logo/PCTY.png,53.54,Professional Services,18005202687,https://www.paylocity.com/,43.05,,20260816,AADP,6dc526c634a4b744f5fd10d8cb9fc72c,148.28,-4.43,154.085,146.775,153.4,152.71,2026-08-14 20:00:00,2026-08-14,-2.9009,cadp_finnhub,-0.6899999999999977,-0.44980443285527877,7.310000000000002,4.980412195537388,5.805000000000007,3.9148907472349657,1.5049999999999955,1.0149716752090607,153.44,-5.159999999999997,-3.362877997914492
CRWD,CrowdStrike Holdings Inc,US,USD,USD,NASDAQ NMS - GLOBAL MARKET,2019-06-12,218335.15360566537,https://static2.finnhub.io/file/publicdatany/finnhubimage/stock_logo/CRWD.png,1018.32,Technology,13026365400,https://ir.crowdstrike.com/,1002.9,,20260816,AADP,6ddd55f018c85e203855a9c76fa8dd09,216.95,-8.58,227.5,216.465,226.64,225.53,2026-08-14 20:00:00,2026-08-14,-3.8044,cadp_finnhub,-1.1099999999999852,-0.4897635015884157,11.034999999999997,5.097821818769777,10.550000000000011,4.862871629407703,0.4849999999999852,0.2235538142429063,214.42,2.530000000000001,1.1799272455927625
XPO,XPO Inc,US,USD,USD,"NEW YORK STOCK EXCHANGE, INC.",2004-05-12,23395.11,https://static2.finnhub.io/file/publicdatany/finnhubimage/stock_logo/XPO.png,117.41,Road & Rail,18559766951,https://www.xpo.com/,113.38,,20260816,AADP,6df82e026cfc5c74388ae23d6f0bc604,211.06,-0.01,213.785,209.64,209.64,211.07,2026-08-14 20:00:00,2026-08-14,-0.0047,cadp_finnhub,1.4300000000000068,0.6821217324938021,4.14500000000001,1.9771990078229396,2.7249999999999943,1.2911020562873088,1.420000000000016,0.672794466028625,202.58,8.47999999999999,4.186000592358569
PRGS,Progress Software Corp,US,USD,USD,NASDAQ NMS - GLOBAL MARKET,1991-07-30,1756.9945469447498,https://static2.finnhub.io/file/publicdatany/finnhubimage/stock_logo/PRGS.png,41.01,Technology,17812804473,https://www.progress.com/,40.07,,20260816,AADP,6e382889018476ea72d4c2b202e0c100,43.73,-1.0,44.86,43.62,44.8,44.73,2026-08-14 20:00:00,2026-08-14,-2.2356,cadp_finnhub,-0.07000000000000028,-0.15625000000000064,1.240000000000002,2.842732691425956,1.1300000000000026,2.58403841756232,0.10999999999999943,0.25154356277155143,,,
NEU,NewMarket Corp,US,USD,USD,"NEW YORK STOCK EXCHANGE, INC.",1980-03-17,8182.134975200799,https://static2.finnhub.io/file/publicdatany/finnhubimage/stock_logo/NEU.png,9.2,Chemicals,18047885570,https://www.newmarket.com/,7.43,,20260816,AADP,6e3ddb5e99a1e99aad52707f398f83e1,961.92,14.21,961.9799,938.865,948.54,947.71,2026-08-14 20:00:00,2026-08-14,1.4994,cadp_finnhub,-0.8299999999999272,-0.08750289919243545,23.114900000000034,2.462004654556303,0.05990000000008422,0.006227129075191722,23.05499999999995,2.3967689620758432,889.71,72.20999999999992,8.116127727012163
GRMN,Garmin Ltd,CH,USD,USD,"NEW YORK STOCK EXCHANGE, INC.",2000-12-08,59955.920155573294,https://static2.finnhub.io/file/publicdatany/finnhubimage/stock_logo/GRMN.png,192.85,Consumer products,41526301600,https://www.garmin.com/,164.25,,20260816,AADP,6e40fb7fb7246c3c55ca39aca722bf5f,310.2,-1.73,313.48,309.0928,313.47,311.93,2026-08-14 20:00:00,2026-08-14,-0.5546,cadp_finnhub,-1.5400000000000205,-0.49127508214502835,4.387200000000007,1.419379552030978,3.2800000000000296,1.0573823339780881,1.1071999999999775,0.356931012250154,313.16,-2.9600000000000364,-0.9452037297228368
CMC,Commercial Metals Co,US,USD,USD,"NEW YORK STOCK EXCHANGE, INC.",1981-05-22,8311.206657471028,https://static2.finnhub.io/file/publicdatany/finnhubimage/stock_logo/CMC.png,110.62,Metals & Mining,12146894300,https://www.cmc.com,109.61,,20260816,AADP,6e6c2d0db58772761086306a48929d6e,71.63,-0.5,72.68,71.34,72.5,72.13,2026-08-14 20:00:00,2026-08-14,-0.6932,cadp_finnhub,-0.37000000000000455,-0.5103448275862131,1.3400000000000034,1.8783291281188723,1.0500000000000114,1.4658662571548393,0.28999999999999204,0.4048582995951306,75.13,-3.5,-4.658591774257953
UAA,Under Armour Inc,US,USD,USD,"NEW YORK STOCK EXCHANGE, INC.",2005-11-18,2579.64642593125,https://static2.finnhub.io/file/publicdatany/finnhubimage/stock_logo/UAA.png,426.32,"Textiles, Apparel & Luxury Goods",14104546758,https://www.underarmour.com/,188.28,,20260816,AADP,6e978821a6ea795a378ee1dc2be0d442,5.25,0.01,5.28,5.175,5.24,5.24,2026-08-14 20:00:00,2026-08-14,0.1908,cadp_finnhub,,,0.10500000000000043,2.028985507246385,0.03000000000000025,0.5714285714285762,0.07500000000000018,1.428571428571432,,,
FND,Floor & Decor Holdings Inc,US,USD,USD,"NEW YORK STOCK EXCHANGE, INC.",2017-04-27,6675.856239886646,https://static2.finnhub.io/file/publicdatany/finnhubimage/stock_logo/FND.png,108.09,Retail,13026365400,https://www.flooranddecor.com/,105.77,,20260816,AADP,6eac212e63be8cdbe6de190a5198792a,58.57,-0.33,59.155,57.94,58.82,58.9,2026-08-14 20:00:00,2026-08-14,-0.5603,cadp_finnhub,0.0799999999999983,0.13600816048962647,1.2150000000000034,2.0969968933379417,0.5850000000000009,0.9988048488987551,0.6300000000000026,1.075635991121739,59.17,-0.6000000000000014,-1.0140273787392284
LBRT,Liberty Energy Inc,US,USD,USD,"NEW YORK STOCK EXCHANGE, INC.",2018-01-12,3254.0370931057887,https://static2.finnhub.io/file/publicdatany/finnhubimage/stock_logo/950544118986.png,163.19,Energy,13026587581,https://www.libertyenergy.com/,157.11,,20260816,AADP,6ed5c31b4c44dc000f00c51434e3f185,22.01,0.89,22.09,21.03,21.16,21.12,2026-08-14 20:00:00,2026-08-14,4.214,cadp_finnhub,-0.03999999999999915,-0.18903591682419257,1.0599999999999987,5.040418449833565,0.0799999999999983,0.3634711494775024,0.9800000000000004,4.452521581099502,,,
QLYS,Qualys Inc,US,USD,USD,NASDAQ NMS - GLOBAL MARKET,2012-09-28,6347.490781683353,https://static2.finnhub.io/file/publicdatany/finnhubimage/stock_logo/QLYS.png,35.22,Technology,13026365400,https://www.qualys.com/,35.04,,20260816,AADP,6f8db51e4f113d31b6061e2c9cb2c08b,186.05,-9.83,196.715,185.79,196.3,195.88,2026-08-14 20:00:00,2026-08-14,-5.0184,cadp_finnhub,-0.4200000000000159,-0.21395822720326843,10.925000000000011,5.880294956671517,10.664999999999992,5.732330018812143,0.2600000000000193,0.1397473797366403,185.8,0.25,0.13455328310010764
LEU,Centrus Energy Corp,US,USD,USD,NYSE MKT LLC,1998-07-23,3764.7826019475933,https://static2.finnhub.io/file/publicdatany/finnhubimage/stock_logo/LEU.png,19.67,Energy,13015643200,https://www.centrusenergy.com/,18.14,,20260816,AADP,6ff7e30a896cfb0a6bfab43057167ee5,190.15,-1.67,197.91,189.4076,192.0,191.82,2026-08-14 20:00:00,2026-08-14,-0.8706,cadp_finnhub,-0.18000000000000682,-0.09375000000000355,8.502399999999994,4.488943421488892,7.759999999999991,4.080988693136992,0.7424000000000035,0.39042860899290216,,,
SO,Southern Co,US,USD,USD,"NEW YORK STOCK EXCHANGE, INC.",1949-09-30,106627.15166123863,https://static2.finnhub.io/file/publicdatany/finnhubimage/stock_logo/SO.png,1127.3,Utilities,14045065000,https://www.southerncompany.com/,1148.83,,20260816,AADP,70321a6e15a436ea4e094df99ec343d8,92.8,0.01,93.3851,92.54,92.59,92.79,2026-08-14 20:00:00,2026-08-14,0.0108,cadp_finnhub,0.20000000000000284,0.21600604816935182,0.845099999999988,0.913226712772842,0.5850999999999971,0.6304956896551692,0.2599999999999909,0.28017241379309366,93.27,-0.46999999999999886,-0.5039133697866397
ITRI,Itron Inc,US,USD,USD,NASDAQ NMS - GLOBAL MARKET,1993-11-04,4542.8757766606695,https://static2.finnhub.io/file/publicdatany/finnhubimage/stock_logo/ITRI.png,43.79,Electrical Equipment,15099249900,https://na.itron.com/,42.94,,20260816,AADP,70f2e5fced3c46bdab88e2922a23da8a,101.56,-1.16,102.915,101.25,102.82,102.72,2026-08-14 20:00:00,2026-08-14,-1.1293,cadp_finnhub,-0.09999999999999432,-0.09725734292938565,1.6650000000000063,1.6444444444444504,1.355000000000004,1.3341866876723159,0.3100000000000023,0.3052382827885016,,,
DLX,Deluxe Corp,US,USD,USD,"NEW YORK STOCK EXCHANGE, INC.",1981-05-22,1145.0593833537755,https://static2.finnhub.io/file/publicdatany/finnhubimage/stock_logo/DLX.png,45.78,Commercial Services & Supplies,16514837111,https://www.deluxe.com/,44.35,,20260816,AADP,70fef9b35e75cdabc4f1376a67b5fcc3,24.05,-0.19,24.43,23.94,24.32,24.24,2026-08-14 20:00:00,2026-08-14,-0.7838,cadp_finnhub,-0.08000000000000185,-0.3289473684210602,0.48999999999999844,2.0467836257309875,0.379999999999999,1.580041580041576,0.10999999999999943,0.45738045738045496,,,
WYNN,Wynn Resorts Ltd,US,USD,USD,NASDAQ NMS - GLOBAL MARKET,2002-10-25,10451.32,https://static2.finnhub.io/file/publicdatany/finnhubimage/stock_logo/WYNN.png,103.79,"Hotels, Restaurants & Leisure",17027707555,https://www.wynnresorts.com/,75.42,,20260816,AADP,711aaa21a4a27f5650e86e4cc28c7630,102.53,0.16,103.0375,101.46,102.1,102.37,2026-08-14 20:00:00,2026-08-14,0.1563,cadp_finnhub,0.27000000000001023,0.26444662095985333,1.5775000000000006,1.5547999211511934,0.5074999999999932,0.4949770798790531,1.0700000000000074,1.0435969960011777,102.5,0.030000000000001137,0.029268292682927938
WLK,Westlake Corp,US,USD,USD,"NEW YORK STOCK EXCHANGE, INC.",2004-08-11,9188.98,https://static2.finnhub.io/file/publicdatany/finnhubimage/stock_logo/WLK.png,128.12,Chemicals,13026587581,https://www.westlake.com/,32.9,,20260816,AADP,71327d5a0ee72c0c3091ead89b3dd9e6,79.55,-0.64,80.86,79.37,80.66,80.19,2026-08-14 20:00:00,2026-08-14,-0.7981,cadp_finnhub,-0.46999999999999886,-0.5826927845276455,1.4899999999999949,1.8772836084162716,1.3100000000000023,1.6467630421118822,0.1799999999999926,0.22627278441231,79.09,0.45999999999999375,0.5816158806422983
PAG,Penske Automotive Group Inc,US,USD,USD,"NEW YORK STOCK EXCHANGE, INC.",1996-10-23,14210.101796704621,https://static2.finnhub.io/file/publicdatany/finnhubimage/stock_logo/PAG.png,65.75,Retail,12486482500,https://www.penskeautomotive.com/,51.76,,20260816,AADP,71469fd12a51f41a5171c9c8136273c5,219.85,1.18,220.485,217.53,218.28,218.67,2026-08-14 20:00:00,2026-08-14,0.5396,cadp_finnhub,0.38999999999998636,0.1786695986805875,2.9550000000000125,1.3584333195421379,0.6350000000000193,0.2888332954287102,2.319999999999993,1.0552649533772998,216.41,3.4399999999999977,1.5895753430987467
TFC,Truist Financial Corp,US,USD,USD,"NEW YORK STOCK EXCHANGE, INC.",1980-03-18,63952.132839181395,https://static2.finnhub.io/file/publicdatany/finnhubimage/stock_logo/TFC.png,1221.63,Banking,18444878478,https://www.truist.com/,1219.34,,20260816,AADP,7172bd3ee7c396b4fd2ffa41e4f09d96,53.1,0.11,53.27,52.42,52.47,52.99,2026-08-14 20:00:00,2026-08-14,0.2076,cadp_finnhub,0.5200000000000031,0.9910425004764687,0.8500000000000014,1.621518504387641,0.1700000000000017,0.3201506591337132,0.6799999999999997,1.2806026365348393,52.35,0.75,1.4326647564469912
SLGN,Silgan Holdings Inc,US,USD,USD,"NEW YORK STOCK EXCHANGE, INC.",1997-02-14,4407.9027269446315,https://static2.finnhub.io/file/publicdatany/finnhubimage/stock_logo/SLGN.png,105.68,Packaging,12039757110,https://www.silganholdings.com/,87.53,,20260816,AADP,723a95c61dd394a66f021001a186cc40,42.48,0.31,42.52,41.44,41.97,42.17,2026-08-14 20:00:00,2026-08-14,0.7351,cadp_finnhub,0.20000000000000284,0.47653085537289214,1.0800000000000054,2.6061776061776194,0.04000000000000625,0.09416195856875297,1.0399999999999991,2.448210922787192,41.71,0.769999999999996,1.8460800767202012
FBIN,Fortune Brands Innovations Inc,US,USD,USD,"NEW YORK STOCK EXCHANGE, INC.",2011-09-16,6061.683327787487,https://static2.finnhub.io/file/publicdatany/finnhubimage/stock_logo/FBHS.png,119.29,Building,18474844400,https://www.fbin.com/,116.55,,20260816,AADP,723eb86f70a48c7ac2a10f8f97a92a97,47.84,-0.59,48.67,47.65,47.96,48.43,2026-08-14 20:00:00,2026-08-14,-1.2183,cadp_finnhub,0.46999999999999886,0.9799833194328583,1.0200000000000031,2.140608604407142,0.8299999999999983,1.734949832775916,0.19000000000000483,0.39715719063546157,50.78,-2.9399999999999977,-5.789680976762501
AMKR,Amkor Technology Inc,US,USD,USD,NASDAQ NMS - GLOBAL MARKET,1998-05-01,13731.967915666914,https://static2.finnhub.io/file/publicdatany/finnhubimage/stock_logo/AMKR.png,248.45,Semiconductors,14808215000,https://www.amkor.com/,121.13,,20260816,AADP,72770c881f10567fd54f69e1072a2798,58.99,1.24,60.37,57.37,57.54,57.75,2026-08-14 20:00:00,2026-08-14,2.1472,cadp_finnhub,0.21000000000000085,0.36496350364963653,3.0,5.229213874847481,1.3799999999999955,2.339379555856917,1.6200000000000045,2.7462281742668324,55.27,3.719999999999999,6.730595259634518
AIT,Applied Industrial Technologies Inc,US,USD,USD,"NEW YORK STOCK EXCHANGE, INC.",1905-05-06,13301.737684505308,https://static2.finnhub.io/file/publicdatany/finnhubimage/stock_logo/AIT.png,36.96,Trading Companies & Distributors,12164264753,https://www.applied.com/,36.69,,20260816,AADP,7291ccd1315a4a9e97db841216b85fcc,361.95,4.33,365.2668,356.95,359.85,357.62,2026-08-14 20:00:00,2026-08-14,1.2108,cadp_finnhub,-2.230000000000018,-0.6197026538835676,8.3168,2.3299621795769716,3.3168000000000006,0.9163696643182763,5.0,1.381406271584473,357.8,4.149999999999977,1.1598658468418046
DGII,Digi International Inc,US,USD,USD,NASDAQ NMS - GLOBAL MARKET,1989-10-06,3100.3614933670633,https://static2.finnhub.io/file/publicdatany/finnhubimage/stock_logo/942959061796.png,37.7,Communications,13026587581,https://www.digi.com/,36.66,,20260816,AADP,72969260c75fa70e0dee063e28bfd6ca,85.12,-0.02,85.625,83.495,85.2,85.14,2026-08-14 20:00:00,2026-08-14,-0.0235,cadp_finnhub,-0.060000000000002274,-0.07042253521127027,2.1299999999999955,2.5510509611353918,0.5049999999999955,0.5932800751879646,1.625,1.9090695488721803,,,
MKTX,Marketaxess Holdings Inc,US,USD,USD,NASDAQ NMS - GLOBAL MARKET,2004-11-05,5719.900266980138,https://static2.finnhub.io/file/publicdatany/finnhubimage/stock_logo/MKTX.png,35.54,Financial Services,12128316000,https://www.marketaxess.com/,35.21,,20260816,AADP,72b407111bf68e1fec5ba26dbd46254f,162.57,-0.03,162.7,162.56,162.68,162.6,2026-08-14 20:00:00,2026-08-14,-0.0185,cadp_finnhub,-0.0800000000000125,-0.04917629702484172,0.13999999999998636,0.08612204724408609,0.12999999999999545,0.07996555330011408,0.009999999999990905,0.006151196407695703,,,
BFH,Bread Financial Holdings Inc,US,USD,USD,"NEW YORK STOCK EXCHANGE, INC.",2001-06-08,4161.575163353524,https://static2.finnhub.io/file/publicdatany/finnhubimage/stock_logo/ADS.png,38.42,Financial Services,13026587581,https://www.breadfinancial.com/,37.8,,20260816,AADP,72c1631fb23bfd585987a96170dfd366,113.4,1.77,113.8799,111.5,111.59,111.63,2026-08-14 20:00:00,2026-08-14,1.5856,cadp_finnhub,0.03999999999999204,0.035845505869694455,2.3799000000000063,2.1344394618834137,0.47990000000000066,0.4231922398589071,1.9000000000000057,1.6754850088183468,,,
SEI,Solaris Energy Infrastructure Inc,US,USD,USD,"NEW YORK STOCK EXCHANGE, INC.",2017-05-12,4262.493669335205,https://static2.finnhub.io/file/publicdatany/finnhubimage/stock_logo/950550365316.png,76.42,Energy,12815013070,https://www.solaris-energy.com/,54.07,,20260816,AADP,72e2400605f39868d144449bda2e0ee4,63.3,3.4,63.65,59.06,60.5,59.9,2026-08-14 20:00:00,2026-08-14,5.6761,cadp_finnhub,-0.6000000000000014,-0.991735537190085,4.589999999999996,7.771757534710458,0.3500000000000014,0.552922590837285,4.239999999999995,6.6982622432859324,,,
ENSG,Ensign Group Inc,US,USD,USD,NASDAQ NMS - GLOBAL MARKET,2007-11-12,10663.936900190685,https://static2.finnhub.io/file/publicdatany/finnhubimage/stock_logo/ENSG.png,58.28,Health Care,18004831140,https://ensigngroup.net/,56.2,,20260816,AADP,7323cd9b53fbe82d4007263c5f9891b8,181.65,-0.23,182.55,180.9401,182.14,181.88,2026-08-14 20:00:00,2026-08-14,-0.1265,cadp_finnhub,-0.2599999999999909,-0.14274733721312777,1.6099000000000103,0.8897419643296375,0.9000000000000057,0.4954582989265101,0.7099000000000046,0.39080649600881073,182.48,-0.8299999999999841,-0.45484436650590976
WPC,W.p. Carey Inc,US,USD,USD,"NEW YORK STOCK EXCHANGE, INC.",1998-01-21,16876.67,https://static2.finnhub.io/file/publicdatany/finnhubimage/stock_logo/950376222136.png,227.82,Real Estate,12124921100,https://www.wpcarey.com/,225.56,,20260816,AADP,7370c0da72b38b1ef4f028691beddf34,71.62,0.13,71.98,71.32,71.5,71.49,2026-08-14 20:00:00,2026-08-14,0.1818,cadp_finnhub,-0.010000000000005116,-0.013986013986021142,0.6600000000000108,0.9254066180594656,0.35999999999999943,0.5026528902541181,0.30000000000001137,0.41887740854511496,71.81,-0.18999999999999773,-0.26458710486004416
SXI,Standex International Corp,US,USD,USD,"NEW YORK STOCK EXCHANGE, INC.",1980-03-17,4120.527184146788,https://static2.finnhub.io/file/publicdatany/finnhubimage/stock_logo/942959049726.png,12.11,Machinery,16038939701,https://standex.com/,11.85,,20260816,AADP,73facd04062fa5275c5c3a4604e41b33,331.18,3.4,333.225,325.31,326.5,327.78,2026-08-14 20:00:00,2026-08-14,1.0373,cadp_finnhub,1.2799999999999727,0.39203675344562716,7.9150000000000205,2.4330638467922965,2.045000000000016,0.6174889788030726,5.8700000000000045,1.7724500271755552,,,
LRN,Stride Inc,US,USD,USD,"NEW YORK STOCK EXCHANGE, INC.",2007-12-14,3429.10280888725,https://static2.finnhub.io/file/publicdatany/finnhubimage/stock_logo/LRN.png,42.52,Diversified Consumer Services,13026587581,https://www.stridelearning.com/,41.17,,20260816,AADP,7471473f9f14ccb803f4b54aa12100ff,83.36,-0.31,84.14,82.32,82.73,83.67,2026-08-14 20:00:00,2026-08-14,-0.3705,cadp_finnhub,0.9399999999999977,1.1362262782545602,1.8200000000000074,2.2108843537415055,0.7800000000000011,0.9357005758157403,1.0400000000000063,1.2476007677543262,,,
SAM,Boston Beer Company Inc,US,USD,USD,"NEW YORK STOCK EXCHANGE, INC.",1995-11-21,1920.5305291726852,https://static2.finnhub.io/file/publicdatany/finnhubimage/stock_logo/SAM.png,10.29,Beverages,16173685061,https://www.bostonbeer.com/,7.44,,20260816,AADP,75737a81ea36b033b8f3fc024629e48f,185.77,0.93,187.0,181.5036,184.18,184.84,2026-08-14 20:00:00,2026-08-14,0.5031,cadp_finnhub,0.6599999999999966,0.3583450971875321,5.496399999999994,3.0282594945775148,1.2299999999999898,0.6621090595898098,4.266400000000004,2.2966033266943016,186.61,-0.8400000000000034,-0.4501366486254774
FDS,Factset Research Systems Inc,US,USD,USD,"NEW YORK STOCK EXCHANGE, INC.",1996-06-28,10156.45193984824,https://static2.finnhub.io/file/publicdatany/finnhubimage/stock_logo/FDS.png,35.57,Financial Services,12038101000,https://www.factset.com/,35.4,,20260816,AADP,757f993fbbf9f4925e6ada7bbd50da12,283.49,-3.69,288.57,278.815,288.57,287.18,2026-08-14 20:00:00,2026-08-14,-1.2849,cadp_finnhub,-1.3899999999999864,-0.481685552898772,9.754999999999995,3.4987357208184626,5.079999999999984,1.7919503333450857,4.675000000000011,1.649088151257544,285.57,-2.079999999999984,-0.7283678257519992
MDU,MDU Resources Group Inc,US,USD,USD,"NEW YORK STOCK EXCHANGE, INC.",1981-05-22,4295.073906799133,https://static2.finnhub.io/file/publicdatany/finnhubimage/stock_logo/MDU.png,209.01,Utilities,13026587581,https://www.mdu.com/,208.03,,20260816,AADP,758c27ae3f219e57692b75bb4389a7c0,20.65,0.36,20.715,20.31,20.58,20.29,2026-08-14 20:00:00,2026-08-14,1.7743,cadp_finnhub,-0.28999999999999915,-1.4091350826044664,0.40500000000000114,1.9940915805022212,0.06500000000000128,0.31476997578693117,0.33999999999999986,1.6464891041162222,,,
KR,Kroger Co,US,USD,USD,"NEW YORK STOCK EXCHANGE, INC.",1928-01-26,34755.48334899181,https://static2.finnhub.io/file/publicdatany/finnhubimage/stock_logo/KR.png,612.65,Retail,15137624437,https://www.thekrogerco.com/,560.19,,20260816,AADP,75cacadef945a3c29ac611ce88d3dec2,56.69,-0.54,57.3,56.625,56.94,57.23,2026-08-14 20:00:00,2026-08-14,-0.9436,cadp_finnhub,0.28999999999999915,0.5093080435546175,0.6749999999999972,1.1920529801324453,0.6099999999999994,1.0760275180807892,0.06499999999999773,0.11465866995942448,56.66,0.030000000000001137,0.05294740557712873
MMM,3M Co,US,USD,USD,"NEW YORK STOCK EXCHANGE, INC.",1946-01-14,94325.63267948371,https://static2.finnhub.io/file/publicdatany/finnhubimage/stock_logo/MMM.png,515.72,Industrial Conglomerates,16517331110,https://www.3m.com/,515.08,,20260816,AADP,7608ebb1016707f52f5c3b7f45b30814,182.65,0.0,184.245,181.355,181.94,182.65,2026-08-14 20:00:00,2026-08-14,0.0,cadp_finnhub,0.710000000000008,0.39023854017808507,2.890000000000015,1.5935595930633368,1.5949999999999989,0.873254859019983,1.295000000000016,0.709006296194917,182.9,-0.25,-0.1366867140513942
BCO,Brinks Co,US,USD,USD,"NEW YORK STOCK EXCHANGE, INC.",1996-01-03,4621.0647979747455,https://static2.finnhub.io/file/publicdatany/finnhubimage/stock_logo/BCO.png,41.18,Commercial Services & Supplies,18042899600,https://investors.brinks.com/,40.72,,20260816,AADP,7609f225efdff3953b2ae7f08473d9df,114.27,-0.28,115.52,113.62,115.12,114.55,2026-08-14 20:00:00,2026-08-14,-0.2444,cadp_finnhub,-0.5700000000000074,-0.4951355107713754,1.8999999999999915,1.6722408026755775,1.25,1.0939004113065547,0.6499999999999915,0.568828213879401,112.19,2.0799999999999983,1.8539976825028954
KNTK,Kinetik Holdings Inc,US,USD,USD,"NEW YORK STOCK EXCHANGE, INC.",2017-04-04,7721.37445892645,https://static2.finnhub.io/file/publicdatany/finnhubimage/stock_logo/950548154066.png,162.36,Energy,17136217330,https://www.kinetik.com/,55.77,,20260816,AADP,7637a5e43480d21a717f3b95ac0f0238,53.44,1.78,54.12,52.11,52.25,51.66,2026-08-14 20:00:00,2026-08-14,3.4456,cadp_finnhub,-0.5900000000000034,-1.12918660287082,2.009999999999998,3.8572251007484133,0.6799999999999997,1.2724550898203588,1.3299999999999983,2.4887724550898174,,,
SPXC,SPX Technologies Inc,US,USD,USD,"NEW YORK STOCK EXCHANGE, INC.",1972-08-02,10802.518729332836,https://static2.finnhub.io/file/publicdatany/finnhubimage/stock_logo/950834196196.png,50.06,Machinery,13026587581,https://www.spx.com/,48.45,,20260816,AADP,766f5631aa1b1de56e671e72b9f9b6ec,217.32,5.16,217.745,211.5,211.65,212.16,2026-08-14 20:00:00,2026-08-14,2.4321,cadp_finnhub,0.5099999999999909,0.24096385542168244,6.2450000000000045,2.9527186761229336,0.42500000000001137,0.1955641450395782,5.819999999999993,2.6780784097183847,212.35,4.969999999999999,2.3404756298563685
T,AT&T Inc,US,USD,USD,"NEW YORK STOCK EXCHANGE, INC.",1983-11-21,163018.25051220832,https://static2.finnhub.io/file/publicdatany/finnhubimage/stock_logo/T.png,6852.39,Telecommunication,12108214105,https://www.att.com/,6845.42,,20260816,AADP,76c051d09dd700f690e48771f80813b3,,,,,,,,,,cadp_finnhub,,,,,,,,,,,
LRCX,Lam Research Corp,US,USD,USD,NASDAQ NMS - GLOBAL MARKET,1984-05-11,389365.2808469453,https://static2.finnhub.io/file/publicdatany/finnhubimage/stock_logo/LRCX.png,1251.28,Semiconductors,13026587581,https://www.lamresearch.com/,1247.78,,20260816,AADP,76cd5aa8b23830c930fc5fdf048613f6,332.36,-4.65,342.0,326.555,332.36,337.01,2026-08-14 20:00:00,2026-08-14,-1.3798,cadp_finnhub,4.649999999999977,1.3990853291611438,15.444999999999993,4.729678002174211,9.639999999999986,2.900469370562037,5.805000000000007,1.7466000722108577,311.35,21.00999999999999,6.7480327605588535
CF,CF Industries Holdings Inc,US,USD,USD,"NEW YORK STOCK EXCHANGE, INC.",2005-08-11,17567.509555717043,https://static2.finnhub.io/file/publicdatany/finnhubimage/stock_logo/CF.png,153.63,Chemicals,18009279800,https://www.cfindustries.com/,152.89,,20260816,AADP,76d8bbdfacb89535bc073d79dff3e167,118.3,1.25,119.1099,117.0701,117.46,117.05,2026-08-14 20:00:00,2026-08-14,1.0679,cadp_finnhub,-0.4099999999999966,-0.34905499744593615,2.0397999999999996,1.7423748677074673,0.809899999999999,0.6846153846153837,1.2299000000000007,1.0396449704142017,121.48,-3.180000000000007,-2.6177148501811054
PNR,Pentair PLC,GB,USD,USD,"NEW YORK STOCK EXCHANGE, INC.",1980-03-17,10997.4589402206,https://static2.finnhub.io/file/publicdatany/finnhubimage/stock_logo/PNR.png,159.64,Machinery,447635451730,https://www.pentair.com/,157.9,,20260816,AADP,76f4eb288c4bfa59ff69b7ab8e855342,66.16,-0.71,67.07,65.47,67.05,66.87,2026-08-14 20:00:00,2026-08-14,-1.0618,cadp_finnhub,-0.1799999999999926,-0.26845637583891513,1.5999999999999943,2.443867420192446,0.9099999999999966,1.3754534461910468,0.6899999999999977,1.0429262394195855,68.89,-2.730000000000004,-3.962839309043408
GRBK,Green Brick Partners Inc,US,USD,USD,"NEW YORK STOCK EXCHANGE, INC.",2007-06-19,3135.479875914054,https://static2.finnhub.io/file/publicdatany/finnhubimage/stock_logo/GRBK.png,43.01,Consumer products,13026365400,https://greenbrickpartners.com/,39.4,,20260816,AADP,770a76cdd1dda53b4fb0d3c6cd7c4d92,70.46,-0.21,70.69,70.0,70.25,70.67,2026-08-14 20:00:00,2026-08-14,-0.2972,cadp_finnhub,0.4200000000000017,0.5978647686832764,0.6899999999999977,0.9857142857142824,0.23000000000000398,0.3264263411864945,0.45999999999999375,0.6528526823729688,,,
NTRS,Northern Trust Corp,US,USD,USD,NASDAQ NMS - GLOBAL MARKET,1980-03-17,33938.27443900022,https://static2.finnhub.io/file/publicdatany/finnhubimage/stock_logo/NTRS.png,182.96,Financial Services,13026587581,https://www.northerntrust.com/,181.15,,20260816,AADP,772132eded0f22353b0fcf645a301c72,191.41,0.93,191.88,189.2832,190.48,190.48,2026-08-14 20:00:00,2026-08-14,0.4882,cadp_finnhub,,,2.5968000000000018,1.3719125627630988,0.46999999999999886,0.24554620970691127,2.126800000000003,1.1111227208609806,187.86,3.549999999999983,1.8897050995422031
UAL,United Airlines Holdings Inc,US,USD,USD,NASDAQ NMS - GLOBAL MARKET,2006-01-25,42053.07174873141,https://static2.finnhub.io/file/publicdatany/finnhubimage/stock_logo/UAL.png,324.58,Airlines,18009279800,https://ir.united.com/,322.46,,20260816,AADP,77684f458da4a582c2fc618b2fe86a3d,125.34,-1.01,127.05,124.57,125.9,126.35,2026-08-14 20:00:00,2026-08-14,-0.7994,cadp_finnhub,0.44999999999998863,0.3574265289912538,2.480000000000004,1.9908485189050367,1.7099999999999937,1.3642891335567207,0.7700000000000102,0.6143290250518672,129.56,-4.219999999999999,-3.257178141401666
FN,Fabrinet,KY,USD,USD,"NEW YORK STOCK EXCHANGE, INC.",2010-06-25,20149.928855527232,https://static2.finnhub.io/file/publicdatany/finnhubimage/stock_logo/FN.png,35.83,Electrical Equipment,13456625249600,https://fabrinet.com/,35.74,,20260816,AADP,77afb9d761273c6aa6429a98d6ac8fdc,570.22,3.73,583.64,556.795,570.0,566.49,2026-08-14 20:00:00,2026-08-14,0.6584,cadp_finnhub,-3.509999999999991,-0.615789473684209,26.845000000000027,4.82134358246752,13.419999999999959,2.353477605134853,13.425000000000068,2.3543544596822397,565.41,4.810000000000059,0.8507101041722042
CEG,Constellation Energy Corp,US,USD,USD,NASDAQ NMS - GLOBAL MARKET,2022-01-19,96918.04651491714,https://static2.finnhub.io/file/publicdatany/finnhubimage/stock_logo/950815008846.png,359.1,Utilities,18006729110,https://www.constellationenergy.com/,335.6,,20260816,AADP,77cc0e625c1dfdbd33d28bafed7350fc,282.5,3.86,287.0,280.67,281.2,278.64,2026-08-14 20:00:00,2026-08-14,1.3853,cadp_finnhub,-2.5600000000000023,-0.9103840682788059,6.329999999999984,2.2553176328072055,4.5,1.592920353982301,1.829999999999984,0.6477876106194634,270.43,12.069999999999993,4.463262212032686
SBH,Sally Beauty Holdings Inc,US,USD,USD,"NEW YORK STOCK EXCHANGE, INC.",2006-11-13,1575.6630846695598,https://static2.finnhub.io/file/publicdatany/finnhubimage/stock_logo/SBH.png,95.41,Retail,13023513367,https://www.sallybeautyholdings.com/,92.91,,20260816,AADP,781a6af6c0519365663eb9c5022aea33,16.42,-0.12,16.71,16.145,16.4,16.54,2026-08-14 20:00:00,2026-08-14,-0.7255,cadp_finnhub,0.14000000000000057,0.8536585365853694,0.5650000000000013,3.499535459894712,0.28999999999999915,1.7661388550548058,0.27500000000000213,1.6747868453106096,,,
BOX,Box Inc,US,USD,USD,"NEW YORK STOCK EXCHANGE, INC.",2015-01-23,4604.824960905495,https://static2.finnhub.io/file/publicdatany/finnhubimage/stock_logo/BOX.png,138.53,Technology,18009279800,https://www.box.com/,133.91,,20260816,AADP,78266ee21a32cb0cb14ad6f98f447936,32.65,-0.99,33.84,32.6,33.56,33.64,2026-08-14 20:00:00,2026-08-14,-2.9429,cadp_finnhub,0.0799999999999983,0.23837902264600205,1.240000000000002,3.8036809815950976,1.1900000000000048,3.644716692189908,0.04999999999999716,0.15313935681469268,,,
WWW,Wolverine World Wide Inc,US,USD,USD,"NEW YORK STOCK EXCHANGE, INC.",1981-05-22,1638.15,https://static2.finnhub.io/file/publicdatany/finnhubimage/stock_logo/WWW.png,81.99,"Textiles, Apparel & Luxury Goods",16168665500,https://www.wolverineworldwide.com/,80.82,,20260816,AADP,783128944edbf0fff0dce3b2e29be56e,21.03,1.15,21.26,19.93,20.6,19.88,2026-08-14 20:00:00,2026-08-14,5.7847,cadp_finnhub,-0.7200000000000024,-3.4951456310679725,1.3300000000000018,6.673356748620179,0.23000000000000043,1.0936757013789844,1.1000000000000014,5.230622919638618,,,
CASH,Pathward Financial Inc,US,USD,USD,NASDAQ NMS - GLOBAL MARKET,1993-09-20,1833.4063123603744,https://static2.finnhub.io/file/publicdatany/finnhubimage/stock_logo/CASH.png,21.02,Banking,13026587581,https://www.pathward.com/,20.71,,20260816,AADP,78533b0b13530c647d3d71e5bc432daf,86.67,0.54,86.99,86.13,86.13,86.13,2026-08-14 20:00:00,2026-08-14,0.627,cadp_finnhub,,,0.8599999999999994,0.9984906536630669,0.3199999999999932,0.36921656859350777,0.5400000000000063,0.6230529595015648,,,
QTWO,Q2 Holdings Inc,US,USD,USD,"NEW YORK STOCK EXCHANGE, INC.",2014-03-20,3916.4982867468834,https://static2.finnhub.io/file/publicdatany/finnhubimage/stock_logo/QTWO.png,62.35,Technology,18334443469,https://www.q2.com/,61.58,,20260816,AADP,78969a9fc3561ac37cafb57603f55dd1,64.73,-1.49,66.995,64.255,66.56,66.22,2026-08-14 20:00:00,2026-08-14,-2.2501,cadp_finnhub,-0.3400000000000034,-0.5108173076923128,2.740000000000009,4.264259590693346,2.2650000000000006,3.49915031670014,0.4750000000000085,0.7338173953344793,,,
CVLT,Commvault Systems Inc,US,USD,USD,NASDAQ NMS - GLOBAL MARKET,2006-09-22,5606.205792882948,https://static2.finnhub.io/file/publicdatany/finnhubimage/stock_logo/CVLT.png,41.44,Technology,13026365400,https://www.commvault.com/,41.06,,20260816,AADP,790409b1ccdd33dc25b6f2d5b14a3e01,147.085,-4.015,152.24,145.0,151.44,151.1,2026-08-14 20:00:00,2026-08-14,-2.6572,cadp_finnhub,-0.3400000000000034,-0.22451135763338842,7.240000000000009,4.9931034482758685,5.155000000000001,3.5047761498453283,2.085000000000008,1.417547676513586,135.27,11.814999999999998,8.73438308568049
JBTM,JBT Marel Corp,US,USD,USD,"NEW YORK STOCK EXCHANGE, INC.",2008-07-18,6387.073481454546,https://static2.finnhub.io/file/publicdatany/finnhubimage/stock_logo/JBT.png,52.07,Machinery,13026587581,https://www.jbtc.com/,51.69,,20260816,AADP,7909248e171add4de59b7bbdd7d1e895,120.18,2.65,120.97,116.98,117.42,117.53,2026-08-14 20:00:00,2026-08-14,2.2547,cadp_finnhub,0.10999999999999943,0.09368080395162615,3.989999999999995,3.410839459736702,0.789999999999992,0.6573473123647795,3.200000000000003,2.6626726576801483,,,
SCHL,Scholastic Corp,US,USD,USD,NASDAQ NMS - GLOBAL MARKET,1992-02-25,791.8509421634084,https://static2.finnhub.io/file/publicdatany/finnhubimage/stock_logo/SCHL.png,18.86,Media,12123436100,https://www.scholastic.com/,12.35,,20260816,AADP,7924d1cdb0a82332470e4805ce3e07e5,41.43,-0.16,42.16,41.385,41.82,41.59,2026-08-14 20:00:00,2026-08-14,-0.3847,cadp_finnhub,-0.22999999999999687,-0.5499760879961666,0.7749999999999986,1.8726591760299591,0.7299999999999969,1.7620082066135574,0.045000000000001705,0.10861694424330608,,,
GOOGL,Alphabet Inc,US,USD,USD,NASDAQ NMS - GLOBAL MARKET,2004-08-19,4333089.0,https://static2.finnhub.io/file/publicdatany/finnhubimage/stock_logo/GOOG.png,12230.0,Media,13026365400,https://abc.xyz/,5798.46,,20260816,AADP,793103907fe4c3a27746dfdadf4c7785,,,,,,,,,,cadp_finnhub,,,,,,,,,,,
BKE,Buckle Inc,US,USD,USD,"NEW YORK STOCK EXCHANGE, INC.",1992-05-08,2366.740910108049,https://static2.finnhub.io/file/publicdatany/finnhubimage/stock_logo/BKE.png,51.52,Retail,13082368491,https://www.buckle.com/,31.71,,20260816,AADP,79350cb122a3b033f5ed710b7e2cedaa,44.11,-0.71,44.8,43.75,44.67,44.82,2026-08-14 20:00:00,2026-08-14,-1.5841,cadp_finnhub,0.14999999999999858,0.3357958361316288,1.0499999999999972,2.3999999999999932,0.6899999999999977,1.5642711403309855,0.35999999999999943,0.8161414645205155,,,
AAON,Aaon Inc,US,USD,USD,NASDAQ NMS - GLOBAL MARKET,1991-01-03,7767.687605515507,https://static2.finnhub.io/file/publicdatany/finnhubimage/stock_logo/942959053736.png,81.91,Building,19185832266,https://www.aaon.com/,68.09,,20260816,AADP,793d4a0616fa2e1cb54711a492759f18,87.8,0.13,89.24,86.0,86.63,87.67,2026-08-14 20:00:00,2026-08-14,0.1483,cadp_finnhub,1.0400000000000063,1.2005079071915115,3.239999999999995,3.76744186046511,1.4399999999999977,1.6400911161731182,1.7999999999999972,2.050113895216398,89.24,-1.4399999999999977,-1.613626176602418
VSNT,Versant Media Group Inc,US,USD,USD,NASDAQ NMS - GLOBAL MARKET,2025-12-15,5071.861312843131,https://static2.finnhub.io/file/publicdatany/finnhubimage/stock_logo/950967787616.png,141.5,Media,12017352622,,140.84,,20260816,AADP,794dc7b7320b25d4fa4d52c18fee86c1,39.65,0.74,39.91,39.1,39.19,38.91,2026-08-14 20:00:00,2026-08-14,1.9018,cadp_finnhub,-0.28000000000000114,-0.7144679765246266,0.8099999999999952,2.0716112531969184,0.259999999999998,0.6557377049180277,0.5499999999999972,1.387137452711216,,,
ADM,Archer-Daniels-Midland Co,US,USD,USD,"NEW YORK STOCK EXCHANGE, INC.",1924-12-24,36913.28637762908,https://static2.finnhub.io/file/publicdatany/finnhubimage/stock_logo/ADM.png,481.96,Food Products,13026587581,https://www.adm.com/,478.53,,20260816,AADP,7961bab42a75efa478cea99f7be4125e,,,,,,,,,,cadp_finnhub,,,,,,,,,,,
JBSS,John B Sanfilippo & Son Inc,US,USD,USD,NASDAQ NMS - GLOBAL MARKET,1991-12-04,972.1051324686712,https://static2.finnhub.io/file/publicdatany/finnhubimage/stock_logo/942961960596.png,11.69,Food Products,18472891800,https://www.jbssinc.com/,7.66,,20260816,AADP,7973688df1af6f35a85a463dd77c77ee,86.75,0.06,87.24,85.51,86.63,86.69,2026-08-14 20:00:00,2026-08-14,0.0692,cadp_finnhub,0.060000000000002274,0.06926007156874325,1.7299999999999898,2.0231551865278794,0.4899999999999949,0.564841498559072,1.2399999999999949,1.4293948126801093,,,
CATY,Cathay General Bancorp,US,USD,USD,NASDAQ NMS - GLOBAL MARKET,1990-12-14,4250.719515284571,https://static2.finnhub.io/file/publicdatany/finnhubimage/stock_logo/CATY.png,66.83,Banking,12136254700,https://www.cathaybank.com/,63.76,,20260816,AADP,797ee20ab26577250fc1890871ebc772,64.93,0.32,65.17,64.54,64.54,64.61,2026-08-14 20:00:00,2026-08-14,0.4953,cadp_finnhub,0.06999999999999318,0.10845986984814561,0.6299999999999955,0.9761388286333985,0.23999999999999488,0.3696288310488139,0.39000000000000057,0.6006468504543363,,,
PRGO,Perrigo Company PLC,IE,USD,USD,"NEW YORK STOCK EXCHANGE, INC.",1991-12-17,1781.7972488421055,https://static2.finnhub.io/file/publicdatany/finnhubimage/stock_logo/PRGO.png,138.37,Pharmaceuticals,35317094000,https://www.perrigo.com/,137.77,,20260816,AADP,79eaff8c270d6ce0c951be92d85a9a02,13.04,0.21,13.06,12.61,12.72,12.83,2026-08-14 20:00:00,2026-08-14,1.6368,cadp_finnhub,0.10999999999999943,0.864779874213832,0.45000000000000107,3.5685963521015154,0.02000000000000135,0.1533742331288447,0.4299999999999997,3.297546012269937,,,
CPRI,Capri Holdings Ltd,GB,USD,USD,"NEW YORK STOCK EXCHANGE, INC.",2011-12-15,1740.0062858693334,https://static2.finnhub.io/file/publicdatany/finnhubimage/stock_logo/CPRI.png,114.8,"Textiles, Apparel & Luxury Goods",442076328600,https://www.capriholdings.com/corporate-overview/default.aspx,111.53,,20260816,AADP,79f0616c36d49a8eb5e125adbf61863a,15.34,-0.26,15.9,15.295,15.77,15.6,2026-08-14 20:00:00,2026-08-14,-1.6667,cadp_finnhub,-0.16999999999999993,-1.0779961953075454,0.6050000000000004,3.9555410264792443,0.5600000000000005,3.6505867014341624,0.04499999999999993,0.29335071707953014,15.43,-0.08999999999999986,-0.5832793259883334
CRM,Salesforce Inc,US,USD,USD,"NEW YORK STOCK EXCHANGE, INC.",2004-06-23,157854.0636108436,https://static2.finnhub.io/file/publicdatany/finnhubimage/stock_logo/CRM.png,819.0,Technology,13026587581,https://www.salesforce.com/,794.37,,20260816,AADP,79f91fd50a022add37a76b294a13738d,196.21,-5.16,204.4,195.32,202.75,201.37,2026-08-14 20:00:00,2026-08-14,-2.5624,cadp_finnhub,-1.3799999999999955,-0.6806411837237956,9.080000000000013,4.648781486790914,8.189999999999998,4.174099179450588,0.8900000000000148,0.4535956373273609,197.51,-1.299999999999983,-0.6581945217963562
JKHY,Jack Henry & Associates Inc,US,USD,USD,NASDAQ NMS - GLOBAL MARKET,1985-11-21,11080.369508467247,https://static2.finnhub.io/file/publicdatany/finnhubimage/stock_logo/JKHY.png,71.05,Financial Services,13026587581,https://www.jackhenry.com/,70.63,,20260816,AADP,7a0b79bf4391ce5c1afc8a86c226c877,153.31,-2.55,156.24,152.3,156.24,155.86,2026-08-14 20:00:00,2026-08-14,-1.6361,cadp_finnhub,-0.37999999999999545,-0.24321556579620804,3.9399999999999977,2.5869993434011804,2.930000000000007,1.9111603939730004,1.009999999999991,0.6587959037244738,155.95,-2.6399999999999864,-1.692850272523236
ORI,Old Republic International Corp,US,USD,USD,"NEW YORK STOCK EXCHANGE, INC.",1990-09-19,10388.858831825777,https://static2.finnhub.io/file/publicdatany/finnhubimage/stock_logo/ORI.png,243.55,Insurance,13026365400,https://www.oldrepublic.com/,224.82,,20260816,AADP,7a1303861b9219ef4f9d82e7c86ae8bc,42.85,0.09,42.925,42.585,42.77,42.76,2026-08-14 20:00:00,2026-08-14,0.2105,cadp_finnhub,-0.010000000000005116,-0.02338087444471619,0.3399999999999963,0.7984031936127657,0.07499999999999574,0.17502917152857816,0.26500000000000057,0.6184364060676792,43.18,-0.3299999999999983,-0.7642427049559942
PH,Parker-Hannifin Corp,US,USD,USD,"NEW YORK STOCK EXCHANGE, INC.",1964-12-09,135400.39526909494,https://static2.finnhub.io/file/publicdatany/finnhubimage/stock_logo/PH.png,126.09,Machinery,12168963000,https://www.parker.com/us/en/home.html,125.8,,20260816,AADP,7a17682f1e4a40d96fa68cf6293d5c0c,1055.85,-3.02,1065.0,1050.72,1058.08,1058.87,2026-08-14 20:00:00,2026-08-14,-0.2852,cadp_finnhub,0.7899999999999636,0.07466354150914521,14.279999999999973,1.3590680676107785,9.150000000000091,0.8666003693706579,5.129999999999882,0.4858644693848446,1073.87,-18.019999999999982,-1.6780429660945908
LZ,LegalZoom.com Inc,US,USD,USD,NASDAQ NMS - GLOBAL MARKET,2021-06-30,988.1979835939983,https://static2.finnhub.io/file/publicdatany/finnhubimage/stock_logo/LZ.png,171.65,Professional Services,13027770538,https://www.legalzoom.com/,132.46,,20260816,AADP,7a52f472d62b29b1beb1b8b07604a5dd,5.62,-0.18,5.845,5.62,5.8,5.8,2026-08-14 20:00:00,2026-08-14,-3.1034,cadp_finnhub,,,0.22499999999999964,4.003558718861203,0.22499999999999964,4.003558718861203,,,,,
LSTR,Landstar System Inc,US,USD,USD,NASDAQ NMS - GLOBAL MARKET,1993-03-05,6210.1176334249985,https://static2.finnhub.io/file/publicdatany/finnhubimage/stock_logo/LSTR.png,33.94,Road & Rail,13026587581,https://www.landstar.com/,33.69,,20260816,AADP,7a9fcd4c42a24a0070b4601fea4a3406,190.19,1.55,190.6635,186.62,187.09,188.64,2026-08-14 20:00:00,2026-08-14,0.8217,cadp_finnhub,1.549999999999983,0.8284782724891672,4.0434999999999945,2.166702389883182,0.47350000000000136,0.24896156475103914,3.569999999999993,1.8770702981229261,182.61,7.579999999999984,4.15092273150429
UCB,United Community Banks Inc,US,USD,USD,"NEW YORK STOCK EXCHANGE, INC.",2001-05-16,4281.636113419888,https://static2.finnhub.io/file/publicdatany/finnhubimage/stock_logo/UCBI.png,119.76,Banking,18008222651,https://www.ucbi.com/,119.2,,20260816,AADP,7aacc2aed7715aa9869984a17f2c2461,36.74,-0.02,37.05,36.63,36.68,36.76,2026-08-14 20:00:00,2026-08-14,-0.0544,cadp_finnhub,0.0799999999999983,0.21810250817883942,0.4199999999999946,1.1466011466011319,0.30999999999999517,0.8437670114316689,0.10999999999999943,0.2994011976047889,,,
CTRE,CareTrust REIT Inc,US,USD,USD,"NEW YORK STOCK EXCHANGE, INC.",2014-05-20,9737.822713645513,https://static2.finnhub.io/file/publicdatany/finnhubimage/stock_logo/950406309776.png,236.24,Real Estate,19495423140,https://www.caretrustreit.com/,234.25,,20260816,AADP,7ac74df22a3760f9789d1a85e4478e48,38.77,-0.06,39.139,37.97,38.25,38.83,2026-08-14 20:00:00,2026-08-14,-0.1545,cadp_finnhub,0.5799999999999983,1.5163398692810413,1.169000000000004,3.078746378720053,0.3689999999999998,0.951766830023213,0.8000000000000043,2.0634511220015583,41.22,-2.4499999999999957,-5.943716642406589
ALGT,Allegiant Travel Co,US,USD,USD,NASDAQ NMS - GLOBAL MARKET,2006-12-08,2569.583512700149,https://static2.finnhub.io/file/publicdatany/finnhubimage/stock_logo/ALGT.png,26.88,Airlines,17028517300,https://www.allegiantair.com/,24.25,,20260816,AADP,7b5182f9637ec2cc09142a1a8edf33bd,85.75,-0.7,87.42,84.14,85.21,86.45,2026-08-14 20:00:00,2026-08-14,-0.8097,cadp_finnhub,1.240000000000009,1.4552282595939552,3.280000000000001,3.8982647967672936,1.6700000000000017,1.9475218658892148,1.6099999999999994,1.8775510204081625,,,
FOXA,Fox Corp,US,USD,USD,NASDAQ NMS - GLOBAL MARKET,2019-02-27,25419.80201841528,https://static2.finnhub.io/file/publicdatany/finnhubimage/stock_logo/FOXA.png,419.9,Media,12128527000,https://www.foxcorporation.com/,196.82,,20260816,AADP,7bbb9ee038e9c9c7ea6bf6e8093ccf6a,61.41,3.31,61.5,59.74,59.85,58.1,2026-08-14 20:00:00,2026-08-14,5.6971,cadp_finnhub,-1.75,-2.923976608187134,1.759999999999998,2.9460997656511516,0.09000000000000341,0.14655593551539395,1.6699999999999946,2.719426803452198,57.03,4.3799999999999955,7.680168332456594
FBRT,Franklin BSP Realty Trust Inc,US,USD,USD,"NEW YORK STOCK EXCHANGE, INC.",2021-10-19,656.8892628941177,https://static2.finnhub.io/file/publicdatany/finnhubimage/stock_logo/950380549106.png,83.05,Real Estate,12125886770,https://www.fbrtreit.com/,81.73,,20260816,AADP,7bbd348e488269cf0c1a68035cd49f8c,8.07,-0.06,8.225,8.04,8.13,8.13,2026-08-14 20:00:00,2026-08-14,-0.738,cadp_finnhub,,,0.1850000000000005,2.3009950248756286,0.15499999999999936,1.9206939281288644,0.030000000000001137,0.37174721189592486,,,
ARES,Ares Management Corp,US,USD,USD,"NEW YORK STOCK EXCHANGE, INC.",2014-05-02,30384.589849081927,https://static2.finnhub.io/file/publicdatany/finnhubimage/stock_logo/ARES.png,329.85,Financial Services,13102014100,https://www.aresmgmt.com/,196.06,,20260816,AADP,7bfa95fdda902b4994432ae8a29fefd6,,,,,,,,,,cadp_finnhub,,,,,,,,,,,
CMI,Cummins Inc,US,USD,USD,"NEW YORK STOCK EXCHANGE, INC.",1964-09-10,88691.72147395987,https://static2.finnhub.io/file/publicdatany/finnhubimage/stock_logo/CMI.png,137.99,Machinery,18123773842,https://www.cummins.com/,137.6,,20260816,AADP,7c24e4a19275c6934b19cead1a2bd1bd,631.26,-0.35,639.96,628.245,634.745,631.61,2026-08-14 20:00:00,2026-08-14,-0.0554,cadp_finnhub,-3.134999999999991,-0.49389912484540893,11.715000000000032,1.8647183821598312,8.700000000000045,1.3781959889744393,3.0149999999999864,0.47761619617906825,634.82,-3.560000000000059,-0.5607888850382878
QRVO,Qorvo Inc,US,USD,USD,NASDAQ NMS - GLOBAL MARKET,1997-06-03,8740.999655509913,https://static2.finnhub.io/file/publicdatany/finnhubimage/stock_logo/QRVO.png,88.22,Semiconductors,13366641233,https://www.qorvo.com/,86.86,,20260816,AADP,7c38e71c0fcb587e297060abf6391d7e,98.11,-0.33,99.07,96.2505,99.065,98.44,2026-08-14 20:00:00,2026-08-14,-0.3352,cadp_finnhub,-0.625,-0.6308989047595013,2.819499999999991,2.9293354320237204,0.9599999999999937,0.9784935276730137,1.859499999999997,1.8953215778208103,,,
STAG,STAG Industrial Inc,US,USD,USD,"NEW YORK STOCK EXCHANGE, INC.",2011-04-15,7191.75072217663,https://static2.finnhub.io/file/publicdatany/finnhubimage/stock_logo/950008081346.png,192.81,Real Estate,16175744777,https://www.stagindustrial.com/,192.55,,20260816,AADP,7c7321198f8104dc1242960e7580762d,36.75,-0.2,37.11,36.71,36.86,36.95,2026-08-14 20:00:00,2026-08-14,-0.5413,cadp_finnhub,0.09000000000000341,0.24416711882800707,0.3999999999999986,1.089621356578585,0.35999999999999943,0.9795918367346923,0.03999999999999915,0.10884353741496366,37.3,-0.5499999999999972,-1.4745308310991883
ITT,ITT Inc,US,USD,USD,"NEW YORK STOCK EXCHANGE, INC.",1995-12-15,19053.822651089737,https://static2.finnhub.io/file/publicdatany/finnhubimage/stock_logo/ITT.png,89.4,Machinery,19146412000,https://www.itt.com/,88.93,,20260816,AADP,7c7bf23b85982ab3ccb845acdb89d7d2,219.4,2.7,219.92,214.75,216.05,216.7,2026-08-14 20:00:00,2026-08-14,1.246,cadp_finnhub,0.6499999999999773,0.30085628326775155,5.1699999999999875,2.4074505238649535,0.5199999999999818,0.23701002734730253,4.650000000000006,2.119416590701917,213.13,6.27000000000001,2.9418664664758647
SKY,Champion Homes Inc,US,USD,USD,"NEW YORK STOCK EXCHANGE, INC.",1980-03-17,5138.157134140079,https://static2.finnhub.io/file/publicdatany/finnhubimage/stock_logo/942959049316.png,54.89,Consumer products,12486148211,https://ir.championhomes.com/overview/default.aspx,54.49,,20260816,AADP,7c8de11a16dcf6bb1112b6d0074470ac,94.53,-1.78,96.59,94.31,95.67,96.31,2026-08-14 20:00:00,2026-08-14,-1.8482,cadp_finnhub,0.6400000000000006,0.668966238110171,2.280000000000001,2.4175591135616594,2.0600000000000023,2.179202369618113,0.21999999999999886,0.23273035015338928,,,
CARR,Carrier Global Corp,US,USD,USD,"NEW YORK STOCK EXCHANGE, INC.",2020-03-17,52765.04718307224,https://static2.finnhub.io/file/publicdatany/finnhubimage/stock_logo/CARR.png,824.33,Building,13023513367,https://www.carrier.com/,784.91,,20260816,AADP,7c9a70efbf982b71a8b1fafdb29e223e,62.78,-0.57,63.9566,62.61,63.07,63.35,2026-08-14 20:00:00,2026-08-14,-0.8998,cadp_finnhub,0.28000000000000114,0.44395116537181095,1.3466000000000022,2.1507746366395177,1.1766000000000005,1.874163746416057,0.1700000000000017,0.27078687480089475,63.44,-0.6599999999999966,-1.040353089533412
SAIA,Saia Inc,US,USD,USD,NASDAQ NMS - GLOBAL MARKET,2002-09-11,9715.174543250456,https://static2.finnhub.io/file/publicdatany/finnhubimage/stock_logo/SAIA.png,26.67,Road & Rail,13026587581,https://www.saia.com/,26.62,,20260816,AADP,7ca2c32453ca5d5d918cefdcdbc86581,384.32,4.1,385.895,375.01,375.01,380.22,2026-08-14 20:00:00,2026-08-14,1.0783,cadp_finnhub,5.210000000000036,1.389296285432398,10.884999999999991,2.9025892642862834,1.5749999999999886,0.4098147377185649,9.310000000000002,2.422460449625313,367.56,16.75999999999999,4.559799760583304
CI,Cigna Group,US,USD,USD,"NEW YORK STOCK EXCHANGE, INC.",1982-04-01,74645.30139639015,https://static2.finnhub.io/file/publicdatany/finnhubimage/stock_logo/CI.png,264.53,Health Care,13026587581,https://www.thecignagroup.com/,260.39,,20260816,AADP,7cd99df9eab017728099d7404d975b68,282.56,4.57,283.0,277.685,278.54,277.99,2026-08-14 20:00:00,2026-08-14,1.6439,cadp_finnhub,-0.5500000000000114,-0.1974581747684395,5.314999999999998,1.9140392891225662,0.4399999999999977,0.15571913929784742,4.875,1.725297281993205,278.4,4.160000000000025,1.4942528735632277
BMY,Bristol-Myers Squibb Co,US,USD,USD,"NEW YORK STOCK EXCHANGE, INC.",1980-03-17,132204.4920314737,https://static2.finnhub.io/file/publicdatany/finnhubimage/stock_logo/BMY.png,2042.07,Pharmaceuticals,13026587581,https://www.bms.com,2039.69,,20260816,AADP,7d1adcc9b46b0311315dd18b3bd0d79f,63.83,-0.82,64.325,63.35,64.13,64.65,2026-08-14 20:00:00,2026-08-14,-1.2684,cadp_finnhub,0.5200000000000102,0.8108529549353036,0.9750000000000014,1.5390686661404915,0.49500000000000455,0.7754974150086238,0.4799999999999969,0.751997493341684,64.24,-0.4099999999999966,-0.6382316313823111
TFX,Teleflex Inc,US,USD,USD,"NEW YORK STOCK EXCHANGE, INC.",1980-03-17,5975.592955615667,https://static2.finnhub.io/file/publicdatany/finnhubimage/stock_logo/TFX.png,44.27,Health Care,13026365400,https://www.teleflex.com/usa/en/#,44.06,,20260816,AADP,7d760a4ad22b127240948cfba48122e6,137.17,-0.2,138.005,135.695,137.2,137.37,2026-08-14 20:00:00,2026-08-14,-0.1456,cadp_finnhub,0.17000000000001592,0.12390670553937022,2.3100000000000023,1.7023471756512785,0.835000000000008,0.6087336881242313,1.4749999999999943,1.075308011955963,,,
AKAM,Akamai Technologies Inc,US,USD,USD,NASDAQ NMS - GLOBAL MARKET,1999-10-29,16070.908307358919,https://static2.finnhub.io/file/publicdatany/finnhubimage/stock_logo/AKAM.png,145.39,Technology,16174443000,https://www.akamai.com/,142.02,,20260816,AADP,7db85409ec618b48feef6cdfa0d59aef,,,,,,,,,,cadp_finnhub,,,,,,,,,,,
WY,Weyerhaeuser Co,US,USD,USD,"NEW YORK STOCK EXCHANGE, INC.",1963-12-06,16944.51,https://static2.finnhub.io/file/publicdatany/finnhubimage/stock_logo/942959032556.png,721.04,Real Estate,12065393000,https://www.weyerhaeuser.com/,718.12,,20260816,AADP,7db9b051da9a0866ea61b10c96a39b50,24.56,-0.26,24.97,24.51,24.81,24.82,2026-08-14 20:00:00,2026-08-14,-1.0475,cadp_finnhub,0.010000000000001563,0.04030632809351698,0.4599999999999973,1.876784985720103,0.41000000000000014,1.6693811074918574,0.04999999999999716,0.20358306188923925,25.58,-1.0199999999999996,-3.987490226739639
AEO,American Eagle Outfitters Inc,US,USD,USD,"NEW YORK STOCK EXCHANGE, INC.",1994-04-13,3011.292690814334,https://static2.finnhub.io/file/publicdatany/finnhubimage/stock_logo/AEO.png,167.57,Retail,13026587581,https://www.ae.com/,152.56,,20260816,AADP,7dccdeea0b77ef6428f6f4b2a819ddaa,16.17,-0.13,16.38,16.09,16.3,16.3,2026-08-14 20:00:00,2026-08-14,-0.7975,cadp_finnhub,,,0.28999999999999915,1.8023617153511444,0.2099999999999973,1.2987012987012818,0.08000000000000185,0.49474335188622043,,,
OTIS,Otis Worldwide Corp,US,USD,USD,"NEW YORK STOCK EXCHANGE, INC.",2020-03-18,28165.7253162373,https://static2.finnhub.io/file/publicdatany/finnhubimage/stock_logo/OTIS.png,380.67,Machinery,13026587581,https://www.otis.com/,380.15,,20260816,AADP,7deb4c8ead74c5da391d7a3e1518ece5,72.63,-0.4,73.005,71.96,72.82,73.03,2026-08-14 20:00:00,2026-08-14,-0.5477,cadp_finnhub,0.21000000000000796,0.2883823125515078,1.0450000000000017,1.4521956642579235,0.375,0.5163155720776539,0.6700000000000017,0.9224838221120774,74.35,-1.7199999999999989,-2.3133826496301264
DHR,Danaher Corp,US,USD,USD,"NEW YORK STOCK EXCHANGE, INC.",1969-12-10,143943.42748166175,https://static2.finnhub.io/file/publicdatany/finnhubimage/stock_logo/DHR.png,702.99,Life Sciences Tools & Services,18667611444,https://www.danaher.com/,626.61,,20260816,AADP,7ded994442a7fa943f09255a75d02ad2,202.45,-1.44,203.96,201.12,203.0,203.89,2026-08-14 20:00:00,2026-08-14,-0.7063,cadp_finnhub,0.8899999999999864,0.43842364532019035,2.8400000000000034,1.4120922832140033,1.5100000000000193,0.745863176092872,1.329999999999984,0.6569523339095995,209.37,-6.920000000000016,-3.3051535559058203
NSC,Norfolk Southern Corp,US,USD,USD,"NEW YORK STOCK EXCHANGE, INC.",1982-06-02,75100.0520242342,https://static2.finnhub.io/file/publicdatany/finnhubimage/stock_logo/NSC.png,224.61,Road & Rail,17576292680,https://www.norfolksouthern.com/,224.49,,20260816,AADP,7e10e2e62bd92d5bd1c93049de201691,334.41,-3.44,340.99,334.41,338.89,337.85,2026-08-14 20:00:00,2026-08-14,-1.0182,cadp_finnhub,-1.0399999999999636,-0.3068842397237935,6.579999999999984,1.967644508238385,6.579999999999984,1.967644508238385,,,334.36,0.05000000000001137,0.01495394185907745
GVA,Granite Construction Inc,US,USD,USD,"NEW YORK STOCK EXCHANGE, INC.",1990-04-20,5615.861994957895,https://static2.finnhub.io/file/publicdatany/finnhubimage/stock_logo/GVA.png,43.75,Construction,13026587581,https://www.graniteconstruction.com/,43.37,,20260816,AADP,7e1289a383b9171840d680ae6339ea4f,127.1,3.46,127.595,123.415,123.48,123.64,2026-08-14 20:00:00,2026-08-14,2.7984,cadp_finnhub,0.1599999999999966,0.12957563977971864,4.179999999999993,3.386946481383942,0.49500000000000455,0.38945712037765895,3.684999999999988,2.8992918961447587,,,
KAI,Kadant Inc,US,USD,USD,"NEW YORK STOCK EXCHANGE, INC.",1992-11-03,3986.891247348554,https://static2.finnhub.io/file/publicdatany/finnhubimage/stock_logo/942959050716.png,11.81,Machinery,13026365400,https://www.kadant.com/,11.71,,20260816,AADP,7e69258d84e1c347427c5831925c6be2,334.22,3.19,337.44,319.46,330.22,331.03,2026-08-14 20:00:00,2026-08-14,0.9637,cadp_finnhub,0.8099999999999454,0.24529101810912285,17.980000000000018,5.628247667939655,3.2199999999999704,0.9634372568966459,14.760000000000048,4.416252767638096,,,
CB,Chubb Limited,CH,USD,USD,"NEW YORK STOCK EXCHANGE, INC.",1993-03-25,135149.53980498255,https://static2.finnhub.io/file/publicdatany/finnhubimage/stock_logo/CB.png,385.8,Insurance,41434567600,https://www.chubb.com/,349.21,,20260816,AADP,7e6e9e3e6643a7b07bcd56645f71db62,343.64,-0.86,345.695,342.7,344.5,344.5,2026-08-14 20:00:00,2026-08-14,-0.2496,cadp_finnhub,,,2.9950000000000045,0.8739422235191143,2.055000000000007,0.5980095448725431,0.9399999999999977,0.27354207891979915,350.31,-6.670000000000016,-1.9040278610373713
EOG,EOG Resources Inc,US,USD,USD,"NEW YORK STOCK EXCHANGE, INC.",1989-10-04,70675.05942994071,https://static2.finnhub.io/file/publicdatany/finnhubimage/stock_logo/EOG.png,532.63,Energy,13026587581,https://www.eogresources.com/,531.1,,20260816,AADP,7eae56c7c508a841bc36652ee4d10812,142.61,1.2,143.74,141.31,142.32,141.41,2026-08-14 20:00:00,2026-08-14,0.8486,cadp_finnhub,-0.9099999999999966,-0.639404159640245,2.430000000000007,1.7196235227514025,1.1299999999999955,0.7923708014865685,1.3000000000000114,0.9115770282588957,134.74,7.8700000000000045,5.840878729404783
LFST,LifeStance Health Group Inc,US,USD,USD,NASDAQ NMS - GLOBAL MARKET,2021-06-10,4204.125292585366,https://static2.finnhub.io/file/publicdatany/finnhubimage/stock_logo/950800566626.png,387.83,Health Care,13026365401,https://investor.lifestance.com/,233.42,,20260816,AADP,7ee43da5018021573d466388102e519a,12.42,0.2,12.755,12.22,12.28,12.22,2026-08-14 20:00:00,2026-08-14,1.6367,cadp_finnhub,-0.05999999999999872,-0.48859934853419157,0.5350000000000001,4.378068739770868,0.33500000000000085,2.697262479871182,0.1999999999999993,1.6103059581320394,,,
LIVN,LivaNova PLC,GB,USD,USD,NASDAQ NMS - GLOBAL MARKET,2015-10-19,4199.227239866983,https://static2.finnhub.io/file/publicdatany/finnhubimage/stock_logo/LIVN.png,54.93,Health Care,442033250662,https://www.livanova.com/,54.7,,20260816,AADP,7ef71ad8757f4ff2acc939396325cf20,82.22,0.02,82.34,79.98,81.59,82.2,2026-08-14 20:00:00,2026-08-14,0.0243,cadp_finnhub,0.6099999999999994,0.7476406422355674,2.3599999999999994,2.9507376844211044,0.12000000000000455,0.14594989053758764,2.239999999999995,2.724397956701526,76.22,6.0,7.871949619522435
MEDP,Medpace Holdings Inc,US,USD,USD,NASDAQ NMS - GLOBAL MARKET,2016-08-11,16486.576659557373,https://static2.finnhub.io/file/publicdatany/finnhubimage/stock_logo/MEDP.png,27.91,Life Sciences Tools & Services,13026587581,https://investor.medpace.com/,22.38,,20260816,AADP,7f3feef8c307e51778ea19fce9030b85,578.5,-3.45,586.28,571.735,581.95,581.95,2026-08-14 20:00:00,2026-08-14,-0.5928,cadp_finnhub,,,14.544999999999959,2.544010774222316,7.779999999999973,1.3448573898012053,6.764999999999986,1.169403630077785,590.67,-12.169999999999959,-2.060372119796157
SFNC,Simmons First National Corp,US,USD,USD,NASDAQ NMS - GLOBAL MARKET,1985-03-14,3390.2931383388536,https://static2.finnhub.io/file/publicdatany/finnhubimage/stock_logo/SFNC.png,144.44,Banking,18705411000,https://ir.simmonsbank.com/,142.47,,20260816,AADP,7fa6a7251d1290dccb581ba34dfed83b,24.075,0.135,24.105,23.855,23.94,23.94,2026-08-14 20:00:00,2026-08-14,0.5639,cadp_finnhub,,,0.25,1.0479983232026828,0.030000000000001137,0.12461059190031626,0.21999999999999886,0.9138110072689465,,,
VSEC,VSE Corp,US,USD,USD,NASDAQ NMS - GLOBAL MARKET,1982-10-22,5401.9838069586,https://static2.finnhub.io/file/publicdatany/finnhubimage/stock_logo/942959082856.png,28.06,Aerospace & Defense,13026587581,https://www.vsecorp.com/,27.56,,20260816,AADP,7fe4f4ddf69a452ac191487675dfdbd9,241.82,10.92,242.75,231.81,233.59,230.9,2026-08-14 20:00:00,2026-08-14,4.7293,cadp_finnhub,-2.6899999999999977,-1.1515903934243752,10.939999999999998,4.719382252706957,0.9300000000000068,0.38458357455959263,10.009999999999991,4.139442560582247,,,
MLKN,MillerKnoll Inc,US,USD,USD,NASDAQ NMS - GLOBAL MARKET,1970-09-25,1668.3381101617397,https://static2.finnhub.io/file/publicdatany/finnhubimage/stock_logo/MLKN.png,68.12,Commercial Services & Supplies,16166543000,https://hermanmiller.com/,66.77,,20260816,AADP,808a34871b673eb089b80b62e2f54f72,23.83,0.1,24.025,23.45,23.68,23.73,2026-08-14 20:00:00,2026-08-14,0.4214,cadp_finnhub,0.05000000000000071,0.21114864864865165,0.5749999999999993,2.4520255863539413,0.19500000000000028,0.818296265211919,0.379999999999999,1.5946286193873227,,,
HFWA,Heritage Financial Corp,US,USD,USD,NASDAQ NMS - GLOBAL MARKET,1998-01-09,1215.9550228499154,https://static2.finnhub.io/file/publicdatany/finnhubimage/stock_logo/942959066986.png,40.91,Banking,13609431500,https://www.hf-wa.com/,40.21,,20260816,AADP,80abbf019b0e0c6b9e845cfa725e33a0,29.74,-0.24,30.13,29.68,29.88,29.98,2026-08-14 20:00:00,2026-08-14,-0.8005,cadp_finnhub,0.10000000000000142,0.33467202141901414,0.4499999999999993,1.516172506738542,0.39000000000000057,1.3113651647612663,0.05999999999999872,0.20174848688634409,,,
KHC,Kraft Heinz Co,US,USD,USD,NASDAQ NMS - GLOBAL MARKET,2015-07-06,30025.055754312503,https://static2.finnhub.io/file/publicdatany/finnhubimage/stock_logo/KHC.png,1185.78,Food Products,14124565700,https://www.kraftheinzcompany.com/,855.91,,20260816,AADP,80fd32c13f0c579b531ba6e7fd29c6aa,25.51,0.13,25.52,25.175,25.36,25.38,2026-08-14 20:00:00,2026-08-14,0.5122,cadp_finnhub,0.019999999999999574,0.07886435331230116,0.34499999999999886,1.370407149950343,0.00999999999999801,0.03920031360250102,0.33500000000000085,1.3132105056840486,25.32,0.19000000000000128,0.7503949447077459
NX,Quanex Building Products Corp,US,USD,USD,"NEW YORK STOCK EXCHANGE, INC.",1980-03-17,1009.4966732803066,https://static2.finnhub.io/file/publicdatany/finnhubimage/stock_logo/NX.png,45.93,Building,13026587581,https://www.quanex.com/,45.35,,20260816,AADP,80ff3b525db532ba05e436fd4b063a82,20.95,-0.42,21.28,20.71,21.17,21.37,2026-08-14 20:00:00,2026-08-14,-1.9654,cadp_finnhub,0.1999999999999993,0.9447331128956035,0.5700000000000003,2.7522935779816526,0.33000000000000185,1.575178997613374,0.23999999999999844,1.1455847255369853,,,
ESE,ESCO Technologies Inc,US,USD,USD,"NEW YORK STOCK EXCHANGE, INC.",1990-10-01,7920.340364598238,https://static2.finnhub.io/file/publicdatany/finnhubimage/stock_logo/ESE.png,25.91,Machinery,13142137200,https://www.escotechnologies.com/,25.8,,20260816,AADP,8104d09f7b4283260f20f3a766ab9d77,305.86,5.05,307.52,296.38,299.56,300.81,2026-08-14 20:00:00,2026-08-14,1.6788,cadp_finnhub,1.25,0.41727867539057284,11.139999999999986,3.7586881705918036,1.6599999999999682,0.5427319688746381,9.480000000000018,3.099457268031131,,,
DINO,HF Sinclair Corp,US,USD,USD,"NEW YORK STOCK EXCHANGE, INC.",1980-03-17,14473.382419505306,https://static2.finnhub.io/file/publicdatany/finnhubimage/stock_logo/950824478356.png,180.28,Energy,12149546696,https://www.hfsinclair.com/,165.65,,20260816,AADP,814295bfab256d5f9978137c79d833ae,93.67,1.8,93.73,91.2201,92.88,91.87,2026-08-14 20:00:00,2026-08-14,1.9593,cadp_finnhub,-1.009999999999991,-1.087424633936252,2.509900000000002,2.7514769223011175,0.060000000000002274,0.06405465997651572,2.4498999999999995,2.6154585246076647,85.22,8.450000000000003,9.915512790424787
AN,AutoNation Inc,US,USD,USD,"NEW YORK STOCK EXCHANGE, INC.",1997-06-20,6917.31255721729,https://static2.finnhub.io/file/publicdatany/finnhubimage/stock_logo/AN.png,33.46,Retail,13026365400,https://www.autonation.com/,32.94,,20260816,AADP,817864768fc54a44ee20f51ac652f4fb,209.41,1.0,209.8403,206.27,206.3,208.41,2026-08-14 20:00:00,2026-08-14,0.4798,cadp_finnhub,2.109999999999985,1.022782355792528,3.570300000000003,1.7308867018955751,0.4303000000000168,0.205482068669126,3.1399999999999864,1.4994508380688536,209.23,0.18000000000000682,0.08602972805047404
CLX,Clorox Co,US,USD,USD,"NEW YORK STOCK EXCHANGE, INC.",1928-08-01,12714.879618927556,https://static2.finnhub.io/file/publicdatany/finnhubimage/stock_logo/CLX.png,120.92,Consumer products,13026587581,https://www.thecloroxcompany.com/,120.01,,20260816,AADP,817f5187649be1f5dbb04c08a3c406ac,105.7,-0.84,106.53,104.67,106.23,106.54,2026-08-14 20:00:00,2026-08-14,-0.7884,cadp_finnhub,0.3100000000000023,0.29181963663748683,1.8599999999999994,1.7770134709085692,0.8299999999999983,0.7852412488174062,1.0300000000000011,0.9744560075685913,105.61,0.09000000000000341,0.08521920272701772
ILMN,Illumina Inc,US,USD,USD,NASDAQ NMS - GLOBAL MARKET,2000-06-28,28381.960178529014,https://static2.finnhub.io/file/publicdatany/finnhubimage/stock_logo/ILMN.png,151.3,Life Sciences Tools & Services,13026587581,https://www.illumina.com,150.94,,20260816,AADP,81c8a8a43cda89d6ffa49857544d94d9,190.89,-1.75,192.775,188.0002,190.05,192.64,2026-08-14 20:00:00,2026-08-14,-0.9084,cadp_finnhub,2.589999999999975,1.3627992633517363,4.774799999999999,2.539784532144114,1.8850000000000193,0.9874797003509976,2.8897999999999797,1.5138561475195034,187.96,2.9299999999999784,1.5588423068737913
CRVL,CorVel Corp,US,USD,USD,NASDAQ NMS - GLOBAL MARKET,1991-06-28,3191.1268266581264,https://static2.finnhub.io/file/publicdatany/finnhubimage/stock_logo/942959060646.png,51.01,Health Care,18173901416,https://www.corvel.com/,31.13,,20260816,AADP,81d177a73220371df1124e9d23b65872,65.73,1.31,65.85,63.91,64.53,64.42,2026-08-14 20:00:00,2026-08-14,2.0335,cadp_finnhub,-0.10999999999999943,-0.17046335037966748,1.9399999999999977,3.035518698169297,0.11999999999999034,0.18256503879505603,1.8200000000000074,2.7689030883919172,,,
AWR,American States Water Co,US,USD,USD,"NEW YORK STOCK EXCHANGE, INC.",1980-03-17,3463.757101712384,https://static2.finnhub.io/file/publicdatany/finnhubimage/stock_logo/AWR.png,39.19,Utilities,19093943600,https://www.aswater.com/,38.85,,20260816,AADP,81ef6ecf60fd618cc26cc4ae0413c629,88.97,0.24,89.26,88.01,88.57,88.73,2026-08-14 20:00:00,2026-08-14,0.2705,cadp_finnhub,0.1600000000000108,0.18064807496896332,1.25,1.4202931485058514,0.29000000000000625,0.3259525682814502,0.9599999999999937,1.0790153984489084,,,
CFR,Cullen/Frost Bankers Inc,US,USD,USD,"NEW YORK STOCK EXCHANGE, INC.",1997-08-14,10223.474731533746,https://static2.finnhub.io/file/publicdatany/finnhubimage/stock_logo/CFR.png,62.8,Banking,12102204011,https://www.frostbank.com/,58.28,,20260816,AADP,81fc2d771a57accf2d9f4011a8d0d8ee,170.08,1.49,170.345,166.83,168.41,168.59,2026-08-14 20:00:00,2026-08-14,0.8838,cadp_finnhub,0.18000000000000682,0.10688201413218147,3.5149999999999864,2.1069352035005613,0.26499999999998636,0.15580903104420646,3.25,1.910865475070555,165.65,4.430000000000007,2.6743133111983135
KOP,Koppers Holdings Inc,US,USD,USD,"NEW YORK STOCK EXCHANGE, INC.",2006-02-01,985.438839068221,https://static2.finnhub.io/file/publicdatany/finnhubimage/stock_logo/942958995156.png,19.23,Chemicals,18006222300,https://www.koppers.com/,17.7,,20260816,AADP,8259f56754c964afaf9348cfaf2eb7d9,47.14,0.92,47.405,45.8948,46.14,46.22,2026-08-14 20:00:00,2026-08-14,1.9905,cadp_finnhub,0.0799999999999983,0.17338534893801105,1.5102000000000046,3.2905688661896444,0.26500000000000057,0.5621552821383126,1.245200000000004,2.641493423843878,,,
YUM,Yum! Brands Inc,US,USD,USD,"NEW YORK STOCK EXCHANGE, INC.",1997-09-17,43272.53,https://static2.finnhub.io/file/publicdatany/finnhubimage/stock_logo/YUM.png,275.62,"Hotels, Restaurants & Leisure",15028748300,https://www.yum.com/,272.55,,20260816,AADP,82980dab820a46991f7e0dc7b1d42fcc,148.11,-2.74,150.99,148.08,150.8,150.85,2026-08-14 20:00:00,2026-08-14,-1.8164,cadp_finnhub,0.04999999999998295,0.033156498673728746,2.9099999999999966,1.965153970826578,2.8799999999999955,1.9445007089325468,0.030000000000001137,0.020255215718048163,145.33,2.780000000000001,1.912887910273172
WAB,Westinghouse Air Brake Technologies Corp,US,USD,USD,"NEW YORK STOCK EXCHANGE, INC.",1995-06-16,49399.67,https://static2.finnhub.io/file/publicdatany/finnhubimage/stock_logo/WAB.png,168.91,Machinery,13026365400,https://www.wabteccorp.com/,167.6,,20260816,AADP,82b8517b7f5c3cbd9589bb7134a09997,299.02,1.04,301.885,296.72,298.01,297.98,2026-08-14 20:00:00,2026-08-14,0.349,cadp_finnhub,-0.029999999999972715,-0.010066776282665923,5.164999999999964,1.740698301428944,2.865000000000009,0.9581298909771953,2.2999999999999545,0.7691793191090746,294.16,4.859999999999957,1.6521620886592183
NOVT,Novanta Inc,US,USD,USD,NASDAQ NMS - GLOBAL MARKET,1999-03-24,6291.742360876256,https://static2.finnhub.io/file/publicdatany/finnhubimage/stock_logo/NOVT.png,35.61,Electrical Equipment,17812665618,https://www.novanta.com/,35.35,,20260816,AADP,837c42b28015b40c6ff028ad1b62b495,166.58,-0.67,169.31,165.58,166.5,167.25,2026-08-14 20:00:00,2026-08-14,-0.4006,cadp_finnhub,0.75,0.45045045045045046,3.7299999999999898,2.2526875226476566,2.7299999999999898,1.6388522031456294,1.0,0.6003121623244086,163.86,2.719999999999999,1.6599536189429993
BLK,BlackRock Inc,US,USD,USD,"NEW YORK STOCK EXCHANGE, INC.",1999-10-01,184779.6571024623,https://static2.finnhub.io/file/publicdatany/finnhubimage/stock_logo/950002356066.png,162.84,Financial Services,12128105800,https://www.blackrock.com/,152.22,,20260816,AADP,839d8fd704b00c326a7b39200a8fd76e,1173.73,-9.11,1180.0,1168.495,1179.0,1182.84,2026-08-14 20:00:00,2026-08-14,-0.7702,cadp_finnhub,3.839999999999918,0.3256997455470668,11.50500000000011,0.9845998485231097,6.269999999999982,0.534194405868469,5.235000000000127,0.4460139895887579,1136.39,37.33999999999992,3.285843768424565
ACM,AECOM,US,USD,USD,"NEW YORK STOCK EXCHANGE, INC.",2007-05-10,9747.178194500468,https://static2.finnhub.io/file/publicdatany/finnhubimage/stock_logo/ACM.png,128.52,Construction,13026587581,https://aecom.com/,127.89,,20260816,AADP,83b5ac3488dff3827c3e3b2f424db4a0,63.11,-0.5,63.85,62.2418,63.24,63.61,2026-08-14 20:00:00,2026-08-14,-0.786,cadp_finnhub,0.36999999999999744,0.5850727387729244,1.6082000000000036,2.5837941704770806,0.740000000000002,1.1725558548566029,0.8682000000000016,1.3756932340358132,76.01,-12.900000000000006,-16.971451124852
FOXA,Fox Corp,US,USD,USD,NASDAQ NMS - GLOBAL MARKET,2019-02-27,25419.80201841528,https://static2.finnhub.io/file/publicdatany/finnhubimage/stock_logo/FOXA.png,419.9,Media,12128527000,https://www.foxcorporation.com/,196.82,,20260816,AADP,83fb856aa767b80873b7df6b130d30c2,69.04,3.59,69.25,67.15,67.58,65.45,2026-08-14 20:00:00,2026-08-14,5.4851,cadp_finnhub,-2.1299999999999955,-3.151820065108014,2.0999999999999943,3.1273268801191274,0.20999999999999375,0.30417149478562244,1.8900000000000006,2.7375434530706846,64.03,5.010000000000005,7.8244572856473615
AWK,American Water Works Co Inc,US,USD,USD,"NEW YORK STOCK EXCHANGE, INC.",2008-04-23,26890.020914727418,https://static2.finnhub.io/file/publicdatany/finnhubimage/stock_logo/AWK.png,198.73,Utilities,13026587581,https://www.amwater.com/,198.17,,20260816,AADP,841113731ea7937426501b1c91756ff6,,,,,,,,,,cadp_finnhub,,,,,,,,,,,
WTW,Willis Towers Watson PLC,GB,USD,USD,NASDAQ NMS - GLOBAL MARKET,2001-06-12,31739.24,https://static2.finnhub.io/file/publicdatany/finnhubimage/stock_logo/WTW.png,94.45,Insurance,442031246000,https://www.wtwco.com/,92.56,,20260816,AADP,84256a95c74e1dca6abfb1f18e6af83e,331.59,-2.4,335.19,329.57,334.83,333.99,2026-08-14 20:00:00,2026-08-14,-0.7186,cadp_finnhub,-0.839999999999975,-0.25087357763640505,5.6200000000000045,1.7052522984494962,3.6000000000000227,1.085678096444411,2.019999999999982,0.6091860430049102,344.82,-13.230000000000018,-3.836784409257009
BSX,Boston Scientific Corp,US,USD,USD,"NEW YORK STOCK EXCHANGE, INC.",1992-05-19,71461.50515369757,https://static2.finnhub.io/file/publicdatany/finnhubimage/stock_logo/BSX.png,1486.36,Health Care,13026365400,https://www.bostonscientific.com/en-US/Home.html,1480.49,,20260816,AADP,844c5ed0a9d7c73baab43137765dca1b,51.83,0.14,52.9894,51.698,52.83,51.69,2026-08-14 20:00:00,2026-08-14,0.2708,cadp_finnhub,-1.1400000000000006,-2.1578648495173205,1.291400000000003,2.4979689736546926,1.159400000000005,2.236928419834083,0.1319999999999979,0.254678757476361,50.46,1.3699999999999974,2.7150217994450996
DVN,Devon Energy Corp,US,USD,USD,"NEW YORK STOCK EXCHANGE, INC.",1985-07-22,47278.00066897658,https://static2.finnhub.io/file/publicdatany/finnhubimage/stock_logo/DVN.png,1153.4,Energy,13026587581,https://www.devonenergy.com/,1134.99,,20260816,AADP,848e6c77195923b370e8285666e2ef9e,45.85,1.46,45.935,44.7,44.8,44.39,2026-08-14 20:00:00,2026-08-14,3.289,cadp_finnhub,-0.4099999999999966,-0.9151785714285638,1.2349999999999994,2.7628635346756134,0.08500000000000085,0.1853871319520193,1.1499999999999986,2.5081788440567037,42.98,2.8700000000000045,6.677524429967438
ATR,Aptargroup Inc,US,USD,USD,"NEW YORK STOCK EXCHANGE, INC.",1993-04-23,8610.156163425982,https://static2.finnhub.io/file/publicdatany/finnhubimage/stock_logo/ATR.png,63.82,Packaging,18004831140,https://www.aptar.com/,62.87,,20260816,AADP,8494ceb4ea878ec69d01db60704e0033,132.1,-0.47,132.745,129.56,132.09,132.57,2026-08-14 20:00:00,2026-08-14,-0.3545,cadp_finnhub,0.47999999999998977,0.36338859868270856,3.1850000000000023,2.4583204692806437,0.6450000000000102,0.48826646479940217,2.539999999999992,1.922785768357299,133.68,-1.5800000000000125,-1.1819269898264606
BBY,Best Buy Co Inc,US,USD,USD,"NEW YORK STOCK EXCHANGE, INC.",1987-07-20,17282.903144813798,https://static2.finnhub.io/file/publicdatany/finnhubimage/stock_logo/BBY.png,210.77,Retail,16122911000,https://investors.bestbuy.com/investor-relations/overview/default.aspx,197.1,,20260816,AADP,84bc88926428214793c0a65645197cf7,86.42,1.07,88.33,85.76,87.57,85.35,2026-08-14 20:00:00,2026-08-14,1.2537,cadp_finnhub,-2.219999999999999,-2.535114765330592,2.569999999999993,2.9967350746268573,1.9099999999999966,2.2101365424670174,0.6599999999999966,0.7637121036796998,82.0,4.420000000000002,5.3902439024390265
MZTI,Marzetti Co,US,USD,USD,NASDAQ NMS - GLOBAL MARKET,1980-03-17,3111.848686557621,https://static2.finnhub.io/file/publicdatany/finnhubimage/stock_logo/LANC.png,27.42,Food Products,16142247141,https://www.marzetticompany.com/,19.42,,20260816,AADP,84c661a9b931099513281cfaa94b00c5,116.05,-1.37,117.55,114.861,117.4,117.42,2026-08-14 20:00:00,2026-08-14,-1.1668,cadp_finnhub,0.01999999999999602,0.017035775127764923,2.688999999999993,2.341090535516836,1.5,1.2925463162429989,1.188999999999993,1.0245583800086109,113.48,2.569999999999993,2.2647162495593878
WAT,Waters Corp,US,USD,USD,"NEW YORK STOCK EXCHANGE, INC.",1995-11-17,37340.08,https://static2.finnhub.io/file/publicdatany/finnhubimage/stock_logo/WAT.png,98.19,Life Sciences Tools & Services,13026587581,https://www.waters.com,98.08,,20260816,AADP,84f3923b673134c49258235baad0d1b0,412.17,-1.34,415.77,408.69,414.955,413.51,2026-08-14 20:00:00,2026-08-14,-0.3241,cadp_finnhub,-1.4449999999999932,-0.3482305310214344,7.079999999999984,1.7323643837627503,3.599999999999966,0.8734260135380948,3.480000000000018,0.8443118130868374,411.77,0.4000000000000341,0.09714160817933169
CWEN.A,Clearway Energy Inc,US,USD,USD,"NEW YORK STOCK EXCHANGE, INC.",2013-07-17,6513.15,https://static2.finnhub.io/file/publicdatany/finnhubimage/stock_logo/CWEN.A.png,205.27,Utilities,13026587581,https://investor.clearwayenergy.com/,0.0,,20260816,AADP,84f5a33ecd42f289e51a44ddaf26c577,0.0,,0.0,0.0,0.0,0.0,1970-01-01 00:00:00,1970-01-01,,cadp_finnhub,,,,,,,,,,,
PENG,Penguin Solutions Inc,US,USD,USD,NASDAQ NMS - GLOBAL MARKET,2017-05-24,2994.110793790082,https://static2.finnhub.io/file/publicdatany/finnhubimage/stock_logo/SGH.png,51.24,Semiconductors,13026587581,https://www.penguinsolutions.com/en-us,49.58,,20260816,AADP,8543882c8204a4c3fcd2cf96e2c970be,63.8,2.9,63.9,60.78,60.84,60.9,2026-08-14 20:00:00,2026-08-14,4.7619,cadp_finnhub,0.05999999999999517,0.09861932938855221,3.1199999999999974,5.133267522211249,0.10000000000000142,0.15673981191222794,3.019999999999996,4.73354231974921,,,
SMTC,Semtech Corp,US,USD,USD,NASDAQ NMS - GLOBAL MARKET,1980-03-17,12987.135839415341,https://static2.finnhub.io/file/publicdatany/finnhubimage/stock_logo/SMTC.png,93.15,Semiconductors,13026365400,https://www.semtech.com/,92.38,,20260816,AADP,85584dfd117948062269e0b70710cc0b,140.35,6.77,140.61,132.7802,133.83,133.58,2026-08-14 20:00:00,2026-08-14,5.0681,cadp_finnhub,-0.25,-0.1868041545243966,7.829800000000006,5.8968129284336115,0.2600000000000193,0.18525115781975016,7.5697999999999865,5.393516209476299,140.06,0.28999999999999204,0.2070541196629959
IFF,International Flavors & Fragrances Inc,US,USD,USD,"NEW YORK STOCK EXCHANGE, INC.",1964-03-02,21914.831145262924,https://static2.finnhub.io/file/publicdatany/finnhubimage/stock_logo/IFF.png,255.3,Chemicals,12127655500,https://www.iff.com/,254.93,,20260816,AADP,85b2a6d13fe090893f191d50eb7a420c,84.18,0.12,84.24,83.135,83.89,84.06,2026-08-14 20:00:00,2026-08-14,0.1428,cadp_finnhub,0.1700000000000017,0.20264632256526607,1.1049999999999898,1.3291634089132012,0.05999999999998806,0.07127583749107633,1.0450000000000017,1.2413875029698285,85.89,-1.7099999999999937,-1.9909186168354802
SMP,Standard Motor Products Inc,US,USD,USD,"NEW YORK STOCK EXCHANGE, INC.",1981-05-22,910.5904207281973,https://static2.finnhub.io/file/publicdatany/finnhubimage/stock_logo/942959049706.png,22.26,Auto Components,17183920200,https://www.smpcorp.com/,21.08,,20260816,AADP,85bb9f98108eddb8c4e43710bf1c5d89,38.94,-0.02,39.13,38.3,38.77,38.96,2026-08-14 20:00:00,2026-08-14,-0.0513,cadp_finnhub,0.18999999999999773,0.49006964147536164,0.8300000000000054,2.1671018276762544,0.19000000000000483,0.4879301489471105,0.6400000000000006,1.6435541859270688,,,
VRTX,Vertex Pharmaceuticals Inc,US,USD,USD,NASDAQ NMS - GLOBAL MARKET,1991-07-24,121090.56739399998,https://static2.finnhub.io/file/publicdatany/finnhubimage/stock_logo/VRTX.png,253.81,Biotechnology,16173416393,https://www.vrtx.com/,253.23,,20260816,AADP,85bce4dd72fa05a17f7251b56bf94250,505.75,-10.69,513.6397,502.29,511.41,516.44,2026-08-14 20:00:00,2026-08-14,-2.0699,cadp_finnhub,5.03000000000003,0.9835552687667486,11.349699999999928,2.259591072886167,7.889699999999948,1.5599999999999896,3.4599999999999795,0.6841324765200157,491.35,14.399999999999977,2.9307011295410557
SNA,Snap-On Inc,US,USD,USD,"NEW YORK STOCK EXCHANGE, INC.",1978-02-27,21536.58738932008,https://static2.finnhub.io/file/publicdatany/finnhubimage/stock_logo/SNA.png,51.73,Machinery,13026587581,https://www.snapon.com/,50.48,,20260816,AADP,85e605a45c3c49871b2b6cd444b3ad24,403.56,-1.07,405.1,398.4601,403.55,404.63,2026-08-14 20:00:00,2026-08-14,-0.2644,cadp_finnhub,1.079999999999984,0.26762482963696793,6.6399000000000115,1.6663901856170824,1.5400000000000205,0.38160372683120736,5.099899999999991,1.2637278223808086,416.35,-12.79000000000002,-3.0719346703494703
EXEL,Exelixis Inc,US,USD,USD,NASDAQ NMS - GLOBAL MARKET,2000-04-11,13397.5563097636,https://static2.finnhub.io/file/publicdatany/finnhubimage/stock_logo/EXEL.png,251.36,Biotechnology,13026587581,https://www.exelixis.com/,246.56,,20260816,AADP,85ec5781ca396fe4c025ab877469ee4c,51.24,0.63,51.29,50.02,50.32,50.61,2026-08-14 20:00:00,2026-08-14,1.2448,cadp_finnhub,0.28999999999999915,0.5763116057233687,1.269999999999996,2.5389844062374967,0.04999999999999716,0.09758001561279694,1.2199999999999989,2.3809523809523787,52.96,-1.7199999999999989,-3.247734138972808
CDP,COPT Defense Properties,US,USD,USD,"NEW YORK STOCK EXCHANGE, INC.",1991-12-31,8397.870834890082,https://static2.finnhub.io/file/publicdatany/finnhubimage/stock_logo/942959037976.png,113.38,Real Estate,14432855400,https://www.copt.com/,113.08,,20260816,AADP,8609b6e05e04e55fd08ff8e92e2c0426,36.95,-0.33,37.42,36.9,37.21,37.28,2026-08-14 20:00:00,2026-08-14,-0.8852,cadp_finnhub,0.07000000000000028,0.18812147272238722,0.5200000000000031,1.40921409214093,0.46999999999999886,1.2719891745602132,0.05000000000000426,0.13531799729365157,37.36,-0.4099999999999966,-1.0974304068522394
CSX,CSX Corp,US,USD,USD,NASDAQ NMS - GLOBAL MARKET,1980-11-03,93123.91228799784,https://static2.finnhub.io/file/publicdatany/finnhubimage/stock_logo/CSX.png,1852.47,Road & Rail,19043593200,https://www.csx.com/,1847.11,,20260816,AADP,8622a0ea9b821f47606587cfdd9a6b89,50.16,0.02,50.77,50.025,50.05,50.14,2026-08-14 20:00:00,2026-08-14,0.0399,cadp_finnhub,0.09000000000000341,0.17982017982018664,0.7450000000000045,1.4892553723138522,0.6100000000000065,1.2161084529505712,0.134999999999998,0.2691387559808573,50.12,0.03999999999999915,0.07980845969672616
PGR,Progressive Corp,US,USD,USD,"NEW YORK STOCK EXCHANGE, INC.",1987-01-06,125186.78005744753,https://static2.finnhub.io/file/publicdatany/finnhubimage/stock_logo/PGR.png,581.4,Insurance,14404615000,https://www.progressive.com/,579.74,,20260816,AADP,863de407de91d3d234ab2736d1c58904,209.6,0.73,210.92,207.305,208.01,208.87,2026-08-14 20:00:00,2026-08-14,0.3495,cadp_finnhub,0.8600000000000136,0.4134416614585903,3.6149999999999807,1.7438074334917057,1.3199999999999932,0.629770992366409,2.2949999999999875,1.0949427480915972,213.95,-4.349999999999994,-2.033185323673753
VNO,Vornado Realty Trust,US,USD,USD,"NEW YORK STOCK EXCHANGE, INC.",1962-01-31,7409.170170999999,https://static2.finnhub.io/file/publicdatany/finnhubimage/stock_logo/942959052896.png,188.1,Real Estate,12128947000,https://www.vno.com/,174.34,,20260816,AADP,865857c48c0dfcaf8d58141d8a0fb47b,39.0,-0.67,39.89,38.78,39.3,39.67,2026-08-14 20:00:00,2026-08-14,-1.6889,cadp_finnhub,0.37000000000000455,0.9414758269720219,1.1099999999999994,2.862300154718926,0.8900000000000006,2.2820512820512837,0.21999999999999886,0.5641025641025612,38.89,0.10999999999999943,0.2828490614553855
DDOG,Datadog Inc (Pre-Reincorporation),US,USD,USD,NASDAQ NMS - GLOBAL MARKET,2019-09-19,83269.76636715424,https://static2.finnhub.io/file/publicdatany/finnhubimage/stock_logo/DDOG.png,355.96,Technology,18009279800,https://www.datadoghq.com/,328.27,,20260816,AADP,86b64e49cdd235c090838d8acce9310a,255.46,3.22,257.96,248.39,252.39,252.24,2026-08-14 20:00:00,2026-08-14,1.2766,cadp_finnhub,-0.14999999999997726,-0.05943183168904366,9.569999999999993,3.8528121099883226,2.4999999999999716,0.9786267908870161,7.070000000000022,2.7675565646285216,233.93,21.53,9.203607916898218
DOW,Dow Inc,US,USD,USD,"NEW YORK STOCK EXCHANGE, INC.",2019-03-20,21193.47555313663,https://static2.finnhub.io/file/publicdatany/finnhubimage/stock_logo/DOW.png,722.34,Chemicals,13026587581,https://investors.dow.com/,720.74,,20260816,AADP,86cbadb3febd5b8aea7e94182bffb1d1,31.07,0.71,31.2,30.63,30.69,30.36,2026-08-14 20:00:00,2026-08-14,2.3386,cadp_finnhub,-0.33000000000000185,-1.075268817204307,0.5700000000000003,1.8609206660137128,0.129999999999999,0.41841004184100095,0.4400000000000013,1.4161570646926338,29.82,1.25,4.1918175720992625
PRU,Prudential Financial Inc,US,USD,USD,"NEW YORK STOCK EXCHANGE, INC.",2001-12-13,41841.6,https://static2.finnhub.io/file/publicdatany/finnhubimage/stock_logo/PRU.png,347.0,Insurance,19738026000,https://www.prudential.com/,346.27,,20260816,AADP,875c5a99bd62eaad80c05ee1157ed613,125.13,0.38,125.52,124.4056,124.89,124.75,2026-08-14 20:00:00,2026-08-14,0.3046,cadp_finnhub,-0.14000000000000057,-0.11209864680919254,1.1143999999999892,0.8957796112072038,0.39000000000000057,0.3116758571086075,0.7243999999999886,0.578917925357619,121.28,3.8499999999999943,3.174472295514507
EBC,Eastern Bankshares Inc,US,USD,USD,NASDAQ NMS - GLOBAL MARKET,2020-10-15,5279.308386132985,https://static2.finnhub.io/file/publicdatany/finnhubimage/stock_logo/950748072946.png,228.9,Banking,16178971100,https://www.easternbank.com/,225.92,,20260816,AADP,875e60271612d030243f887f1dc1d934,23.625,0.105,23.73,23.42,23.51,23.52,2026-08-14 20:00:00,2026-08-14,0.4464,cadp_finnhub,0.00999999999999801,0.04253509145043815,0.3099999999999987,1.3236549957301396,0.10500000000000043,0.44444444444444625,0.2049999999999983,0.8677248677248605,,,
FBP,First BanCorp,PR,USD,USD,"NEW YORK STOCK EXCHANGE, INC.",1987-01-13,4377.175195986925,https://static2.finnhub.io/file/publicdatany/finnhubimage/stock_logo/FBP.png,152.67,Banking,17877298200.0,https://www.1firstbank.com/,149.23,,20260816,AADP,878d82740ad9e10a7739d931cf750132,29.7,0.31,29.778,29.45,29.46,29.39,2026-08-14 20:00:00,2026-08-14,1.0548,cadp_finnhub,-0.07000000000000028,-0.23761031907671512,0.3279999999999994,1.1137521222410847,0.0779999999999994,0.26262626262626065,0.25,0.8417508417508417,,,
VGNT,Versigent PLC,CH,USD,USD,"NEW YORK STOCK EXCHANGE, INC.",2026-04-01,3211.836934920633,https://static2.finnhub.io/file/publicdatany/finnhubimage/stock_logo/950970623476.png,70.89,Auto Components,,https://www.versigent.com,70.89,,20260816,AADP,879abdd2366f35901f19b7b7390340a7,46.2,0.66,46.945,44.87,45.43,45.54,2026-08-14 20:00:00,2026-08-14,1.4493,cadp_finnhub,0.10999999999999943,0.24213075060532563,2.075000000000003,4.624470693113445,0.7449999999999974,1.6125541125541072,1.3300000000000054,2.8787878787878904,,,
KALU,Kaiser Aluminum Corp,US,USD,USD,NASDAQ NMS - GLOBAL MARKET,1991-07-11,3020.494760874079,https://static2.finnhub.io/file/publicdatany/finnhubimage/stock_logo/KALU.png,16.35,Metals & Mining,16292527040,https://www.kaiseraluminum.com/,16.1,,20260816,AADP,87c1b968ca2bedda1d96255db63beb84,181.73,-1.02,185.33,180.29,182.1,182.75,2026-08-14 20:00:00,2026-08-14,-0.5581,cadp_finnhub,0.6500000000000057,0.35694673256452814,5.0400000000000205,2.7954961450995732,3.6000000000000227,1.9809607659715087,1.4399999999999977,0.7923843063885972,,,
AGYS,Agilysys Inc,US,USD,USD,NASDAQ NMS - GLOBAL MARKET,1971-01-08,3062.5844761390595,https://static2.finnhub.io/file/publicdatany/finnhubimage/stock_logo/942959075986.png,28.21,Technology,13026587581,https://www.agilysys.com/,26.95,,20260816,AADP,881d57b16395d1076d960db739ce59be,114.0,-1.2,117.5,112.68,115.64,115.2,2026-08-14 20:00:00,2026-08-14,-1.0417,cadp_finnhub,-0.4399999999999977,-0.38049117952265454,4.819999999999993,4.277600283990054,3.5,3.070175438596491,1.3199999999999932,1.1578947368420993,,,
BEN,Franklin Resources Inc,US,USD,USD,"NEW YORK STOCK EXCHANGE, INC.",1986-12-05,17157.757058012354,https://static2.finnhub.io/file/publicdatany/finnhubimage/stock_logo/BEN.png,519.64,Financial Services,16503122000,https://www.franklinresources.com/,266.54,,20260816,AADP,88761ce40416aabf727787ccdd58e774,33.86,0.0,33.975,33.44,33.74,33.86,2026-08-14 20:00:00,2026-08-14,0.0,cadp_finnhub,0.11999999999999744,0.35566093657379205,0.5350000000000037,1.5998803827751307,0.11500000000000199,0.33963378617838746,0.4200000000000017,1.240401653868877,33.75,0.10999999999999943,0.32592592592592423
FBNC,First Bancorp (North Carolina),US,USD,USD,NASDAQ NMS - GLOBAL MARKET,1987-04-30,2675.7480125009342,https://static2.finnhub.io/file/publicdatany/finnhubimage/stock_logo/950000735896.png,41.37,Banking,19102462500,https://localfirstbank.com,40.54,,20260816,AADP,88b04bce430eb450cef6161eb3123fa6,66.34,0.21,66.78,66.1,66.18,66.13,2026-08-14 20:00:00,2026-08-14,0.3176,cadp_finnhub,-0.05000000000001137,-0.07555152614084522,0.6800000000000068,1.0287443267776202,0.4399999999999977,0.6632499246306869,0.2400000000000091,0.3617726861622084,,,
PGNY,Progyny Inc,US,USD,USD,NASDAQ NMS - GLOBAL MARKET,2019-10-25,2201.1394447335315,https://static2.finnhub.io/file/publicdatany/finnhubimage/stock_logo/950506550406.png,78.33,Health Care,18009279800,https://www.progyny.com/,76.82,,20260816,AADP,88c2707d77bf0cf4c536adcab50b90ed,26.28,0.39,26.46,25.72,25.76,25.89,2026-08-14 20:00:00,2026-08-14,1.5064,cadp_finnhub,0.129999999999999,0.5046583850931639,0.740000000000002,2.8771384136858553,0.17999999999999972,0.684931506849314,0.5600000000000023,2.130898021308989,,,
ARW,Arrow Electronics Inc,US,USD,USD,"NEW YORK STOCK EXCHANGE, INC.",1979-02-26,10406.26892718044,https://static2.finnhub.io/file/publicdatany/finnhubimage/stock_logo/ARW.png,51.13,Electrical Equipment,13038244000,https://www.arrow.com/,50.85,,20260816,AADP,88d3792123e7ee3804cbd28e85d61300,213.99,4.8,214.05,206.48,208.56,209.19,2026-08-14 20:00:00,2026-08-14,2.2946,cadp_finnhub,0.6299999999999955,0.30207134637514166,7.570000000000022,3.6662146454862565,0.060000000000002274,0.02803869339688877,7.510000000000019,3.5095097901771197,202.57,11.420000000000016,5.6375573875697365
EFOR,Everforth Inc,US,USD,USD,"NEW YORK STOCK EXCHANGE, INC.",1982-09-16,1321.0199867323408,https://static2.finnhub.io/file/publicdatany/finnhubimage/stock_logo/ASGN.png,41.0,Technology,13026587581,https://www.asgn.com,39.62,,20260816,AADP,88ec80476ae56e6e2714e993b42c52ac,31.67,-1.78,33.4962,31.49,32.95,33.45,2026-08-14 20:00:00,2026-08-14,-5.3214,cadp_finnhub,0.5,1.5174506828528072,2.0062000000000033,6.370911400444597,1.8262,5.766340385222608,0.18000000000000327,0.5683612251342067,,,
NKE,Nike Inc,US,USD,USD,"NEW YORK STOCK EXCHANGE, INC.",1980-12-02,61861.896369828566,https://static2.finnhub.io/file/publicdatany/finnhubimage/stock_logo/NKE.png,1483.5,"Textiles, Apparel & Luxury Goods",15036713173,https://about.nike.com/,1180.92,,20260816,AADP,8923cbd5a8ed2f69e111c2a420c81e61,40.73,-0.5,41.33,40.71,41.23,41.23,2026-08-14 20:00:00,2026-08-14,-1.2127,cadp_finnhub,,,0.6199999999999974,1.5229673298943684,0.6000000000000014,1.4731156395777105,0.01999999999999602,0.04910385465258046,42.11,-1.3800000000000026,-3.2771313227262
AEIS,Advanced Energy Industries Inc,US,USD,USD,NASDAQ NMS - GLOBAL MARKET,1995-11-17,13017.194721835136,https://static2.finnhub.io/file/publicdatany/finnhubimage/stock_logo/AEIS.png,38.03,Electrical Equipment,13026587581,https://www.advancedenergy.com/en-us/,37.63,,20260816,AADP,892be28cca20b37e6695856e43a5cc9b,330.26,0.72,337.62,325.47,328.63,329.54,2026-08-14 20:00:00,2026-08-14,0.2185,cadp_finnhub,0.910000000000025,0.27690716002800264,12.149999999999977,3.7330629551110626,7.360000000000014,2.2285472052322457,4.789999999999964,1.450372433839994,314.49,15.769999999999982,5.014467868612669
HCI,Hci Group Inc,US,USD,USD,"NEW YORK STOCK EXCHANGE, INC.",2008-09-15,2408.591556721378,https://static2.finnhub.io/file/publicdatany/finnhubimage/stock_logo/HCI.png,12.76,Insurance,18138499500,https://hcigroup.com/,10.94,,20260816,AADP,898636d206053a37bb19c2b8ef7e6246,184.35,-1.99,187.985,183.92,186.59,186.34,2026-08-14 20:00:00,2026-08-14,-1.0679,cadp_finnhub,-0.25,-0.13398360040731014,4.065000000000026,2.2102000869943597,3.6350000000000193,1.9717927854624462,0.4300000000000068,0.23325196636832485,,,
KD,Kyndryl Holdings Inc,US,USD,USD,"NEW YORK STOCK EXCHANGE, INC.",2021-10-22,3053.8120649278057,https://static2.finnhub.io/file/publicdatany/finnhubimage/stock_logo/KD.png,220.52,Technology,13023513367,https://www.kyndryl.com/,216.17,,20260816,AADP,89d96a5b78369a6d8cefb4279772d0a5,13.17,-0.77,14.07,13.15,14.0,13.94,2026-08-14 20:00:00,2026-08-14,-5.5237,cadp_finnhub,-0.0600000000000005,-0.42857142857143216,0.9199999999999999,6.996197718631178,0.9000000000000004,6.833712984054673,0.019999999999999574,0.15186028853454497,13.63,-0.46000000000000085,-3.3749082905355894
PEG,Public Service Enterprise Group Inc,US,USD,USD,"NEW YORK STOCK EXCHANGE, INC.",1948-03-31,37710.460985016514,https://static2.finnhub.io/file/publicdatany/finnhubimage/stock_logo/PEG.png,498.32,Utilities,19734307000,https://corporate.pseg.com/,497.55,,20260816,AADP,89fa62722ca23debc2508d3fc4364174,76.04,0.11,76.36,75.6,75.65,75.93,2026-08-14 20:00:00,2026-08-14,0.1449,cadp_finnhub,0.28000000000000114,0.3701255783212176,0.7600000000000051,1.005291005291012,0.3199999999999932,0.4208311415044623,0.44000000000001194,0.5786428195686638,74.56,1.480000000000004,1.9849785407725375
HRB,H & R Block Inc,US,USD,USD,"NEW YORK STOCK EXCHANGE, INC.",1969-10-13,5855.053758626767,https://static2.finnhub.io/file/publicdatany/finnhubimage/stock_logo/HRB.png,126.76,Diversified Consumer Services,18168543000,https://www.hrblock.com/,125.16,,20260816,AADP,8a6bd01b8db1fdbe3a831bcaa31dc0a9,53.92,0.58,54.455,52.6,53.73,53.34,2026-08-14 20:00:00,2026-08-14,1.0874,cadp_finnhub,-0.38999999999999346,-0.7258514796203117,1.8549999999999969,3.526615969581743,0.5349999999999966,0.9922106824925753,1.3200000000000003,2.4480712166172114,46.19,7.730000000000004,16.735224074475006
HOG,Harley-Davidson Inc,US,USD,USD,"NEW YORK STOCK EXCHANGE, INC.",1987-07-01,2706.926058980545,https://static2.finnhub.io/file/publicdatany/finnhubimage/stock_logo/HOG.png,105.27,Automobiles,14143438553,https://www.harley-davidson.com/,104.05,,20260816,AADP,8a6bd918d8c2955d268c27e08b30bf2c,27.78,-0.07,28.18,27.67,28.12,27.85,2026-08-14 20:00:00,2026-08-14,-0.2513,cadp_finnhub,-0.2699999999999996,-0.9601706970128008,0.509999999999998,1.8431514275388434,0.3999999999999986,1.4398848092152576,0.10999999999999943,0.3959683225341952,26.01,1.7699999999999996,6.8050749711649345
AES,AES Corp,US,USD,USD,"NEW YORK STOCK EXCHANGE, INC.",1991-06-26,10508.950421681633,https://static2.finnhub.io/file/publicdatany/finnhubimage/stock_logo/AES.png,713.16,Utilities,17035221315,https://www.aes.com/,708.95,,20260816,AADP,8ab7e31229684a0ebac75a07dfc2db3d,14.73,0.0,14.75,14.72,14.74,14.73,2026-08-14 20:00:00,2026-08-14,0.0,cadp_finnhub,-0.009999999999999787,-0.06784260515603655,0.02999999999999936,0.20380434782608262,0.019999999999999574,0.13577732518669094,0.009999999999999787,0.06788866259334547,14.71,0.019999999999999574,0.13596193065941245
PG,Procter & Gamble Co,US,USD,USD,"NEW YORK STOCK EXCHANGE, INC.",1950-03-22,338879.105260767,https://static2.finnhub.io/file/publicdatany/finnhubimage/stock_logo/PG.png,2328.6,Consumer products,15139831100,https://us.pg.com/,2326.51,,20260816,AADP,8ac5a2628883441b0fd32958169d344a,144.55,0.29,144.905,143.415,144.325,144.26,2026-08-14 20:00:00,2026-08-14,0.201,cadp_finnhub,-0.06499999999999773,-0.04503724233500622,1.490000000000009,1.0389429278666868,0.35499999999998977,0.245589761328253,1.1350000000000193,0.785195434105859,145.79,-1.2399999999999807,-0.850538445709569
EXPD,Expeditors International of Washington Inc,US,USD,USD,"NEW YORK STOCK EXCHANGE, INC.",2005-06-06,23230.625366398523,https://static2.finnhub.io/file/publicdatany/finnhubimage/stock_logo/EXPD.png,130.79,Logistics & Transportation,12066743400,https://www.expeditors.com/,129.93,,20260816,AADP,8ad38931e7485dc9cc188458d271a58c,186.12,-0.93,189.87,185.46,186.36,187.05,2026-08-14 20:00:00,2026-08-14,-0.4972,cadp_finnhub,0.6899999999999977,0.3702511268512544,4.409999999999997,2.3778712390812013,3.75,2.014829142488717,0.6599999999999966,0.35460992907801236,178.71,7.409999999999997,4.14638240725197
TCBI,Texas Capital Bancshares Inc,US,USD,USD,NASDAQ NMS - GLOBAL MARKET,2003-08-13,4318.309103756647,https://static2.finnhub.io/file/publicdatany/finnhubimage/stock_logo/TCBI.png,43.47,Banking,12149326600,https://www.texascapitalbank.com/,42.45,,20260816,AADP,8adce6b74ff4f723568bcec2ea1c0e74,101.02,0.19,101.63,100.07,100.8,100.83,2026-08-14 20:00:00,2026-08-14,0.1884,cadp_finnhub,0.030000000000001137,0.02976190476190589,1.5600000000000023,1.5589087638652968,0.6099999999999994,0.6038408235992867,0.9500000000000028,0.9404078400316797,99.33,1.6899999999999977,1.7013993758179782
MRP,Millrose Properties Inc,US,USD,USD,"NEW YORK STOCK EXCHANGE, INC.",2025-02-05,4469.530360129815,https://static2.finnhub.io/file/publicdatany/finnhubimage/stock_logo/950913918776.png,166.0,Real Estate,13055594000,https://millroseproperties.com,119.63,,20260816,AADP,8b7d52fd86a7faa7fb58ce34e01c45e5,30.33,0.09,30.49,30.08,30.17,30.24,2026-08-14 20:00:00,2026-08-14,0.2976,cadp_finnhub,0.06999999999999673,0.23201856148490793,0.41000000000000014,1.3630319148936176,0.16000000000000014,0.5275304978569079,0.25,0.8242664029014178,,,
TAP,Molson Coors Beverage Co,US,USD,USD,"NEW YORK STOCK EXCHANGE, INC.",1980-03-17,8156.587922415232,https://static2.finnhub.io/file/publicdatany/finnhubimage/stock_logo/TAP.png,177.78,Beverages,13025310855,https://www.molsoncoors.com/,152.94,,20260816,AADP,8b8f46c94b898ead508e222334ed93e2,42.77,0.65,42.84,41.93,41.93,42.12,2026-08-14 20:00:00,2026-08-14,1.5432,cadp_finnhub,0.18999999999999773,0.4531361793465245,0.9100000000000037,2.170283806343915,0.07000000000000028,0.16366612111293027,0.8400000000000034,1.9639934533551635,43.37,-0.5999999999999943,-1.383444777495952
DV,Doubleverify Holdings Inc,US,USD,USD,"NEW YORK STOCK EXCHANGE, INC.",2021-04-21,2027.2619251947053,https://static2.finnhub.io/file/publicdatany/finnhubimage/stock_logo/950800364516.png,153.46,Media,13026587581,https://www.doubleverify.com,133.34,,20260816,AADP,8b945edc75ab76df580aa481d5bb183a,13.29,-0.01,13.32,13.275,13.29,13.3,2026-08-14 20:00:00,2026-08-14,-0.0752,cadp_finnhub,0.010000000000001563,0.07524454477051591,0.04499999999999993,0.3389830508474571,0.030000000000001137,0.225733634311521,0.014999999999998792,0.11286681715574713,,,
DCI,Donaldson Company Inc,US,USD,USD,"NEW YORK STOCK EXCHANGE, INC.",1980-05-17,11429.98885809579,https://static2.finnhub.io/file/publicdatany/finnhubimage/stock_logo/DCI.png,115.91,Machinery,13026587581,https://www.donaldson.com/,115.21,,20260816,AADP,8be1d642099318876d29d2c069c414b2,95.95,0.24,96.22,94.81,95.25,95.71,2026-08-14 20:00:00,2026-08-14,0.2508,cadp_finnhub,0.45999999999999375,0.4829396325459252,1.4099999999999966,1.4871848961080019,0.269999999999996,0.2813965607086983,1.1400000000000006,1.1881188118811887,98.61,-2.6599999999999966,-2.6974951830443126
ORA,Ormat Technologies Inc,US,USD,USD,"NEW YORK STOCK EXCHANGE, INC.",2004-11-11,6642.514704687001,https://static2.finnhub.io/file/publicdatany/finnhubimage/stock_logo/ORA.png,61.45,Utilities,17753569029,https://www.ormat.com/,61.18,,20260816,AADP,8be34fc9dae6e4f2151ca14d8f195f67,114.76,1.24,115.69,113.57,113.69,113.52,2026-08-14 20:00:00,2026-08-14,1.0923,cadp_finnhub,-0.1700000000000017,-0.14952942211276427,2.1200000000000045,1.866690147045879,0.9299999999999926,0.8103868943882822,1.190000000000012,1.036946671314057,109.08,5.680000000000007,5.207187385405213
STLD,Steel Dynamics Inc,US,USD,USD,NASDAQ NMS - GLOBAL MARKET,1996-11-22,37616.45997748967,https://static2.finnhub.io/file/publicdatany/finnhubimage/stock_logo/STLD.png,143.33,Metals & Mining,12604593553,https://www.steeldynamics.com/,133.57,,20260816,AADP,8be394427d6e57e20fbe8005a9b61a49,255.77,-4.76,263.23,255.11,262.14,260.53,2026-08-14 20:00:00,2026-08-14,-1.827,cadp_finnhub,-1.6100000000000136,-0.6141756313420362,8.120000000000005,3.1829406922504035,7.460000000000008,2.9166829573444923,0.6599999999999966,0.2580443367087604,261.05,-5.280000000000001,-2.0226010342846203
EXC,Exelon Corp,US,USD,USD,NASDAQ NMS - GLOBAL MARKET,1943-07-06,47081.10034679523,https://static2.finnhub.io/file/publicdatany/finnhubimage/stock_logo/EXC.png,1023.21,Utilities,18004833220,https://www.exeloncorp.com/,1031.46,,20260816,AADP,8c196a7fe37cd7bb9506f88b3bf969c3,45.86,0.26,45.99,45.48,45.48,45.6,2026-08-14 20:00:00,2026-08-14,0.5702,cadp_finnhub,0.12000000000000455,0.2638522427440733,0.5100000000000051,1.1213720316622804,0.13000000000000256,0.2834714348015756,0.38000000000000256,0.8286088094199794,44.5,1.3599999999999994,3.0561797752808975
FIVE,Five Below Inc,US,USD,USD,NASDAQ NMS - GLOBAL MARKET,2012-07-19,13512.525111947776,https://static2.finnhub.io/file/publicdatany/finnhubimage/stock_logo/FIVE.png,55.3,Retail,12155467909,https://www.fivebelow.com,54.36,,20260816,AADP,8c434887d734975d69479065abff9591,244.54,2.83,246.33,242.37,242.97,241.71,2026-08-14 20:00:00,2026-08-14,1.1708,cadp_finnhub,-1.259999999999991,-0.5185825410544475,3.960000000000008,1.6338655774229518,1.7900000000000205,0.7319865870614298,2.1699999999999875,0.8873803876666343,237.4,7.139999999999986,3.0075821398483513
USFD,US Foods Holding Corp,US,USD,USD,"NEW YORK STOCK EXCHANGE, INC.",2016-05-26,23738.792943642093,https://static2.finnhub.io/file/publicdatany/finnhubimage/stock_logo/USFD.png,220.22,Retail,13026365400,https://www.usfoods.com/,218.9,,20260816,AADP,8c7fb27d9e33b7752da562aa7421f117,108.92,-1.17,110.51,107.37,108.99,110.09,2026-08-14 20:00:00,2026-08-14,-1.0628,cadp_finnhub,1.1000000000000085,1.0092669052206702,3.1400000000000006,2.9244667970569065,1.5900000000000034,1.459786999632761,1.5499999999999972,1.4230627983841326,108.63,0.29000000000000625,0.26696124459173914
MLM,Martin Marietta Materials Inc,US,USD,USD,"NEW YORK STOCK EXCHANGE, INC.",1994-02-17,32950.32056046504,https://static2.finnhub.io/file/publicdatany/finnhubimage/stock_logo/MLM.png,60.05,Construction,19197814550,https://www.martinmarietta.com/,59.57,,20260816,AADP,8c9b086710bbc584a0bbf3ff90086489,547.93,3.17,551.22,543.34,550.25,544.76,2026-08-14 20:00:00,2026-08-14,0.5819,cadp_finnhub,-5.490000000000009,-0.9977283053157673,7.8799999999999955,1.4502889535097718,3.2900000000000773,0.6004416622561417,4.589999999999918,0.837698246126315,548.57,-0.6400000000001,-0.11666697048692053
CSGP,Costar Group Inc,US,USD,USD,NASDAQ NMS - GLOBAL MARKET,1998-07-01,12253.1754321785,https://static2.finnhub.io/file/publicdatany/finnhubimage/stock_logo/CSGP.png,405.2,Real Estate,12023466500,https://www.costargroup.com/,400.02,,20260816,AADP,8d24a612f2f53b86ad2024e3544e356c,32.38,-0.67,33.295,31.86,33.275,33.05,2026-08-14 20:00:00,2026-08-14,-2.0272,cadp_finnhub,-0.22500000000000142,-0.6761833208114243,1.4350000000000023,4.504080351537986,0.9149999999999991,2.8258184064237155,0.5200000000000031,1.6059295861643084,31.48,0.9000000000000021,2.8589580686150007
DT,Dynatrace Inc,US,USD,USD,"NEW YORK STOCK EXCHANGE, INC.",2019-08-01,14152.434301991612,https://static2.finnhub.io/file/publicdatany/finnhubimage/stock_logo/DT.png,290.23,Technology,13026587581,https://ir.dynatrace.com/,287.78,,20260816,AADP,8d6f46002a6d914cba40b3857699e987,49.14,-1.61,51.99,48.9903,51.0,50.75,2026-08-14 20:00:00,2026-08-14,-3.1724,cadp_finnhub,-0.25,-0.49019607843137253,2.9997000000000043,6.123048848445518,2.8500000000000014,5.799755799755803,0.14970000000000283,0.30463980463981044,48.97,0.1700000000000017,0.347151317132942
OFG,OFG Bancorp,PR,USD,USD,"NEW YORK STOCK EXCHANGE, INC.",1987-03-26,2210.1138938079034,https://static2.finnhub.io/file/publicdatany/finnhubimage/stock_logo/942959046646.png,42.27,Banking,17877716800,https://www.ofgbancorp.com/overview/default.aspx,41.79,,20260816,AADP,8db41d7afb2e0a36dfaa2b3a2174805b,53.95,0.41,53.98,53.19,53.46,53.54,2026-08-14 20:00:00,2026-08-14,0.7658,cadp_finnhub,0.0799999999999983,0.14964459408903533,0.7899999999999991,1.4852415867644277,0.02999999999999403,0.055607043558839726,0.7600000000000051,1.4087117701575627,,,
FRT,Federal Realty Investment Trust,US,USD,USD,"NEW YORK STOCK EXCHANGE, INC.",1984-12-17,10375.350484475193,https://static2.finnhub.io/file/publicdatany/finnhubimage/stock_logo/950824606406.png,86.39,Real Estate,13019988100,https://www.federalrealty.com/,85.46,,20260816,AADP,8dbd3de6a253412efd5453db5e43e27c,118.39,-0.5,119.9699,118.33,118.9,118.89,2026-08-14 20:00:00,2026-08-14,-0.4206,cadp_finnhub,-0.010000000000005116,-0.008410428931879828,1.6398999999999972,1.3858700245077304,1.579899999999995,1.334487710110647,0.060000000000002274,0.050679956077373314,117.13,1.2600000000000051,1.0757278237855419
TSCO,Tractor Supply Co,US,USD,USD,NASDAQ NMS - GLOBAL MARKET,1994-02-17,18124.979846721028,https://static2.finnhub.io/file/publicdatany/finnhubimage/stock_logo/TSCO.png,524.45,Retail,16154404600,https://www.tractorsupply.com/,522.97,,20260816,AADP,8e85518d00c9738a93be123cd3a58b3f,35.83,-0.34,36.42,35.7,36.12,36.17,2026-08-14 20:00:00,2026-08-14,-0.94,cadp_finnhub,0.05000000000000426,0.13842746400887115,0.7199999999999989,2.0168067226890725,0.5900000000000034,1.6466648060284774,0.12999999999999545,0.3628244487859209,34.62,1.2100000000000009,3.4950895436164093
BBWI,Bath & Body Works Inc,US,USD,USD,"NEW YORK STOCK EXCHANGE, INC.",1982-06-10,4103.798395594836,https://static2.finnhub.io/file/publicdatany/finnhubimage/stock_logo/BBWI.png,201.56,Retail,16144157000,https://www.bbwinc.com/,200.5,,20260816,AADP,8e99dae6b9cf75f26b7764d197cfd074,19.41,0.78,19.67,18.76,19.1,18.63,2026-08-14 20:00:00,2026-08-14,4.1868,cadp_finnhub,-0.4700000000000024,-2.460732984293206,0.9100000000000001,4.850746268656716,0.26000000000000156,1.3395157135497247,0.6499999999999986,3.3487892838742845,20.39,-0.9800000000000004,-4.806277587052478
PTON,Peloton Interactive Inc,US,USD,USD,NASDAQ NMS - GLOBAL MARKET,2019-09-26,2459.3940760908267,https://static2.finnhub.io/file/publicdatany/finnhubimage/stock_logo/PTON.png,432.99,Leisure Products,13026365400,https://www.onepeloton.com/,405.73,,20260816,AADP,8eb286561edfab45b2a24d8ecd6ce670,5.63,0.07,5.72,5.56,5.58,5.56,2026-08-14 20:00:00,2026-08-14,1.259,cadp_finnhub,-0.020000000000000462,-0.3584229390681086,0.16000000000000014,2.8776978417266217,0.08999999999999986,1.598579040852573,0.07000000000000028,1.2433392539964525,,,
BHE,Benchmark Electronics Inc,US,USD,USD,"NEW YORK STOCK EXCHANGE, INC.",1990-06-27,2958.36580665485,https://static2.finnhub.io/file/publicdatany/finnhubimage/stock_logo/BHE.png,35.92,Electrical Equipment,16233007000,https://www.bench.com/,35.24,,20260816,AADP,8eb3d777be5b6efd63c98d67e5e761e4,81.75,1.26,82.6623,79.59,80.49,80.49,2026-08-14 20:00:00,2026-08-14,1.5654,cadp_finnhub,,,3.0722999999999985,3.860158311345644,0.9123000000000019,1.115963302752296,2.1599999999999966,2.642201834862381,,,
MC,Moelis & Co,US,USD,USD,"NEW YORK STOCK EXCHANGE, INC.",2014-04-16,5405.274305460989,https://static2.finnhub.io/file/publicdatany/finnhubimage/stock_logo/MC.png,78.56,Financial Services,12128833800,https://www.moelis.com/,73.25,,20260816,AADP,8ed5824c05a8d717e2241164321acb2e,68.41,-1.97,70.24,67.89,70.24,70.38,2026-08-14 20:00:00,2026-08-14,-2.7991,cadp_finnhub,0.14000000000000057,0.1993166287015954,2.3499999999999943,3.461481808808358,1.8299999999999983,2.6750475076743143,0.519999999999996,0.7601227890659203,,,
SPNT,Siriuspoint Ltd,BM,USD,USD,"NEW YORK STOCK EXCHANGE, INC.",2013-08-15,2675.2802529750425,https://static2.finnhub.io/file/publicdatany/finnhubimage/stock_logo/950372656486.png,116.17,Insurance,14415423300,https://www.siriuspt.com/,102.55,,20260816,AADP,8f28b08da25fe10b21688b23e6a51e37,23.72,0.49,23.795,23.14,23.14,23.23,2026-08-14 20:00:00,2026-08-14,2.1093,cadp_finnhub,0.08999999999999986,0.38893690579083773,0.6550000000000011,2.830596369922217,0.07500000000000284,0.31618887015178265,0.5799999999999983,2.4451939291736857,,,
BWXT,BWX Technologies Inc,US,USD,USD,"NEW YORK STOCK EXCHANGE, INC.",2010-07-10,15566.573906670668,https://static2.finnhub.io/file/publicdatany/finnhubimage/stock_logo/BWXT.png,91.61,Aerospace & Defense,13026587581,https://www.bwxt.com/,91.28,,20260816,AADP,8f2f067ced4e39e030ef7d523fd01d6a,173.22,2.87,173.5,169.505,170.0,170.35,2026-08-14 20:00:00,2026-08-14,1.6848,cadp_finnhub,0.3499999999999943,0.20588235294117316,3.9950000000000045,2.356862629420964,0.28000000000000114,0.1616441519455035,3.7150000000000034,2.144671515991227,168.88,4.340000000000003,2.569872098531504
GIS,General Mills Inc,US,USD,USD,"NEW YORK STOCK EXCHANGE, INC.",1928-11-30,19688.50175099307,https://static2.finnhub.io/file/publicdatany/finnhubimage/stock_logo/GIS.png,533.71,Food Products,13026587581,https://www.generalmills.com/,531.5,,20260816,AADP,8f38c88ea59cdbbf0653b6d2c96547c9,39.2,0.29,39.355,38.84,38.91,38.91,2026-08-14 20:00:00,2026-08-14,0.7453,cadp_finnhub,,,0.5149999999999935,1.3259526261585826,0.15499999999999403,0.3954081632652908,0.35999999999999943,0.9183673469387741,37.26,1.9400000000000048,5.206655931293626
ASO,Academy Sports and Outdoors Inc,US,USD,USD,NASDAQ NMS - GLOBAL MARKET,2020-10-02,2984.944128278775,https://static2.finnhub.io/file/publicdatany/finnhubimage/stock_logo/ASO.png,62.02,Retail,12816465200,https://corporate.academy.com/,61.06,,20260816,AADP,8f5c87f439e0b4207352fba5495503fb,47.985,-0.945,48.8,47.52,48.69,48.93,2026-08-14 20:00:00,2026-08-14,-1.9313,cadp_finnhub,0.240000000000002,0.4929143561306264,1.279999999999994,2.693602693602681,0.8149999999999977,1.6984474314890023,0.4649999999999963,0.9690528290090576,,,
GMED,Globus Medical Inc,US,USD,USD,"NEW YORK STOCK EXCHANGE, INC.",2012-03-08,11172.111513122842,https://static2.finnhub.io/file/publicdatany/finnhubimage/stock_logo/GMED.png,135.74,Health Care,13026365400,https://www.globusmedical.com/,112.23,,20260816,AADP,8f6bb393d1ed30185550087466bca2d4,85.9,-0.04,86.42,84.74,84.74,85.94,2026-08-14 20:00:00,2026-08-14,-0.0465,cadp_finnhub,1.2000000000000028,1.4160962945480327,1.6800000000000068,1.9825348123672493,0.519999999999996,0.6053550640279348,1.1600000000000108,1.3504074505238775,81.77,4.13000000000001,5.050752109575651
MSCI,MSCI Inc,US,USD,USD,"NEW YORK STOCK EXCHANGE, INC.",2007-11-15,40942.45587155356,https://static2.finnhub.io/file/publicdatany/finnhubimage/stock_logo/MSCI.png,72.7,Financial Services,12128043990,https://www.msci.com/,70.08,,20260816,AADP,8f7d7af65a28e2fc9eefc5f6ad3da4cf,569.13,-6.11,572.755,567.059,572.5,575.24,2026-08-14 20:00:00,2026-08-14,-1.0622,cadp_finnhub,2.740000000000009,0.47860262008733784,5.696000000000026,1.0044810152030081,3.625,0.6369370794018941,2.0710000000000264,0.36388874246657643,563.08,6.0499999999999545,1.074447680613759
GKOS,Glaukos Corp,US,USD,USD,"NEW YORK STOCK EXCHANGE, INC.",2015-06-25,10618.288556008421,https://static2.finnhub.io/file/publicdatany/finnhubimage/stock_logo/GKOS.png,58.98,Health Care,13026589200,https://www.glaukos.com,56.86,,20260816,AADP,8fc0fee98318765425b303625b21394f,184.53,-4.92,190.0,184.22,189.89,189.45,2026-08-14 20:00:00,2026-08-14,-2.597,cadp_finnhub,-0.4399999999999977,-0.23171309705618923,5.780000000000001,3.1375529258495285,5.469999999999999,2.9642876497046546,0.3100000000000023,0.16799436406004567,,,
KNX,Knight-Swift Transportation Holdings Inc,US,USD,USD,"NEW YORK STOCK EXCHANGE, INC.",2010-12-16,11396.174688439087,https://static2.finnhub.io/file/publicdatany/finnhubimage/stock_logo/KNX.png,162.76,Road & Rail,13026587581,https://knight-swift.com/,157.95,,20260816,AADP,901638b95041e3db47408dd065ead07e,72.42,-0.88,73.97,72.01,73.05,73.3,2026-08-14 20:00:00,2026-08-14,-1.2005,cadp_finnhub,0.25,0.3422313483915127,1.9599999999999937,2.7218441883071707,1.5499999999999972,2.140292736813031,0.4099999999999966,0.5661419497376369,70.02,2.4000000000000057,3.42759211653814
SIGI,Selective Insurance Group Inc,US,USD,USD,NASDAQ NMS - GLOBAL MARKET,1980-03-17,5732.336201236619,https://static2.finnhub.io/file/publicdatany/finnhubimage/stock_logo/SIGI.png,59.57,Insurance,19739483000,https://www.selective.com/,59.03,,20260816,AADP,90358e38677b46160cc9c0998e78708d,94.37,0.48,94.64,93.43,93.89,93.89,2026-08-14 20:00:00,2026-08-14,0.5112,cadp_finnhub,,,1.2099999999999937,1.2950872310820867,0.269999999999996,0.2861078732648045,0.9399999999999977,0.9960792624774797,96.01,-1.6400000000000006,-1.7081554004791173
VRSK,Verisk Analytics Inc,US,USD,USD,NASDAQ NMS - GLOBAL MARKET,2009-10-07,25360.901509,https://static2.finnhub.io/file/publicdatany/finnhubimage/stock_logo/VRSK.png,130.16,Professional Services,12014692000,https://www.verisk.com,129.77,,20260816,AADP,908b702d25a4fa735689ae2e461cc54d,181.67,-4.27,187.54,180.74,187.54,185.94,2026-08-14 20:00:00,2026-08-14,-2.2964,cadp_finnhub,-1.5999999999999943,-0.8531513277167507,6.799999999999983,3.7623105012725366,5.8700000000000045,3.2311333736995675,0.9299999999999784,0.5119172125281987,192.85,-11.180000000000007,-5.797251750064821
ABNB,Airbnb Inc,US,USD,USD,NASDAQ NMS - GLOBAL MARKET,2020-12-10,107323.66045208053,https://static2.finnhub.io/file/publicdatany/finnhubimage/stock_logo/ABNB.png,593.5,"Hotels, Restaurants & Leisure",14158005959,https://www.airbnb.com/,413.17,,20260816,AADP,90bcba32f7b686736bb42b933e1dea6e,,,,,,,,,,cadp_finnhub,,,,,,,,,,,
HPE,Hewlett Packard Enterprise Co,US,USD,USD,"NEW YORK STOCK EXCHANGE, INC.",2015-10-19,70474.11021214112,https://static2.finnhub.io/file/publicdatany/finnhubimage/stock_logo/HPE.png,1324.2,Technology,13026587581,https://www.hpe.com/,1319.11,,20260816,AADP,90f04f929043060a1aafc4d7cd4ee8e7,58.71,-1.11,60.48,58.6,60.48,59.82,2026-08-14 20:00:00,2026-08-14,-1.8556,cadp_finnhub,-0.6599999999999966,-1.0912698412698356,1.8799999999999955,3.2081911262798557,1.769999999999996,3.014818599897796,0.10999999999999943,0.1873616079032523,54.68,4.030000000000001,7.3701536210680345
CXM,Sprinklr Inc,US,USD,USD,"NEW YORK STOCK EXCHANGE, INC.",2021-06-23,1606.8669958517398,https://static2.finnhub.io/file/publicdatany/finnhubimage/stock_logo/CXM.png,234.23,Technology,13026365400,https://www.sprinklr.com/,110.24,,20260816,AADP,9108dbb36b4ca50b83751712001f7c34,6.89,-0.14,7.11,6.84,7.08,7.03,2026-08-14 20:00:00,2026-08-14,-1.9915,cadp_finnhub,-0.04999999999999982,-0.7062146892655342,0.27000000000000046,3.947368421052638,0.22000000000000064,3.1930333817126364,0.04999999999999982,0.7256894049346854,,,
VRRM,Verra Mobility Corp,US,USD,USD,NASDAQ NMS - GLOBAL MARKET,2017-01-19,803.5862359999999,https://static2.finnhub.io/file/publicdatany/finnhubimage/stock_logo/950525386846.png,151.91,Professional Services,13026587581,https://www.verramobility.com/,150.3,,20260816,AADP,911bf5ce90bbb43e6fc62532ce121f90,4.72,-0.09,4.84,4.71,4.8,4.81,2026-08-14 20:00:00,2026-08-14,-1.8711,cadp_finnhub,0.009999999999999787,0.2083333333333289,0.1299999999999999,2.760084925690019,0.1200000000000001,2.5423728813559343,0.009999999999999787,0.2118644067796565,,,
KRC,Kilroy Realty Corp,US,USD,USD,"NEW YORK STOCK EXCHANGE, INC.",1997-01-29,4459.2932822996245,https://static2.finnhub.io/file/publicdatany/finnhubimage/stock_logo/942959043726.png,116.31,Real Estate,13104818400,https://kilroyrealty.com/,115.22,,20260816,AADP,91511b19e89ec574c0874072114e375d,36.31,-0.69,37.18,36.29,37.03,37.0,2026-08-14 20:00:00,2026-08-14,-1.8649,cadp_finnhub,-0.030000000000001137,-0.08101539292465876,0.8900000000000006,2.452466244144394,0.8699999999999974,2.3960341503717912,0.020000000000003126,0.0550812448361419,38.03,-1.7199999999999989,-4.522745201156978
TMP,Tompkins Financial Corp,US,USD,USD,NYSE MKT LLC,1986-06-02,1420.024202298128,https://static2.finnhub.io/file/publicdatany/finnhubimage/stock_logo/942959051016.png,14.38,Banking,16072742078,https://www.tompkinsfinancial.com/,13.42,,20260816,AADP,91757867089e0f72361d48c288f01d53,101.21,0.08,102.585,100.375,101.32,101.13,2026-08-14 20:00:00,2026-08-14,0.0791,cadp_finnhub,-0.18999999999999773,-0.18752467429924766,2.2099999999999937,2.2017434620174283,1.375,1.3585614069755954,0.8349999999999937,0.8250172907815372,,,
IDA,Idacorp Inc,US,USD,USD,"NEW YORK STOCK EXCHANGE, INC.",1980-03-17,8204.315852091122,https://static2.finnhub.io/file/publicdatany/finnhubimage/stock_logo/IDA.png,55.41,Utilities,12083882200,https://www.idacorpinc.com/,57.66,,20260816,AADP,91864fc4a4ca84e2ce9b577b4461515d,142.61,1.49,142.955,140.28,140.51,141.12,2026-08-14 20:00:00,2026-08-14,1.0558,cadp_finnhub,0.6100000000000136,0.434132801935815,2.6750000000000114,1.9069004847448043,0.34499999999999886,0.2419185190379348,2.3300000000000125,1.6338265198794,141.84,0.7700000000000102,0.5428652002256136
AAP,Advance Auto Parts Inc,US,USD,USD,"NEW YORK STOCK EXCHANGE, INC.",2001-11-29,3485.339845321132,https://static2.finnhub.io/file/publicdatany/finnhubimage/stock_logo/AAP.png,60.3,Retail,13026365400,https://shop.advanceautoparts.com/,59.82,,20260816,AADP,919cb30ba0ceab7faea9a7791d006615,56.55,-0.81,56.94,55.52,56.51,57.36,2026-08-14 20:00:00,2026-08-14,-1.4121,cadp_finnhub,0.8500000000000014,1.5041585560077888,1.4199999999999946,2.557636887608059,0.39000000000000057,0.6896551724137941,1.029999999999994,1.8213969938107766,,,
CBRL,Cracker Barrel Old Country Store Inc,US,USD,USD,NASDAQ NMS - GLOBAL MARKET,1981-11-05,1291.6909823890417,https://static2.finnhub.io/file/publicdatany/finnhubimage/stock_logo/CBRL.png,22.35,"Hotels, Restaurants & Leisure",16154439217,https://www.crackerbarrel.com/,22.11,,20260816,AADP,919d1bbf6d91780e4c9fd5a5843cf3ed,57.925,-0.475,58.58,56.385,57.77,58.4,2026-08-14 20:00:00,2026-08-14,-0.8134,cadp_finnhub,0.6299999999999955,1.090531417690835,2.1950000000000003,3.8928793118737257,0.6550000000000011,1.1307725507121298,1.5399999999999991,2.658610271903322,,,
BNY,Bank of New York Mellon Corp,US,USD,USD,"NEW YORK STOCK EXCHANGE, INC.",2007-07-02,106939.04407516278,https://static2.finnhub.io/file/publicdatany/finnhubimage/stock_logo/BK.png,678.5,Financial Services,12124951784,https://www.bny.com/corporate/apac/en.html,676.45,,20260816,AADP,91ae64a004440f54d3dba934c1b297ab,163.24,0.99,163.32,161.655,161.95,162.25,2026-08-14 20:00:00,2026-08-14,0.6102,cadp_finnhub,0.30000000000001137,0.1852423587527085,1.664999999999992,1.0299712350375752,0.07999999999998408,0.04900759617739775,1.585000000000008,0.9709629992648908,157.61,5.6299999999999955,3.572108368758324
FLG,Flagstar Bank NA,US,USD,USD,"NEW YORK STOCK EXCHANGE, INC.",1993-11-23,5817.414735730931,https://static2.finnhub.io/file/publicdatany/finnhubimage/stock_logo/NYCB.png,417.02,Banking,15166834100,https://www.flagstar.com/,302.04,,20260816,AADP,91eb7f229de060fb3099103b36004033,14.25,-0.02,14.35,14.13,14.21,14.27,2026-08-14 20:00:00,2026-08-14,-0.1402,cadp_finnhub,0.05999999999999872,0.422237860661497,0.21999999999999886,1.5569709837225678,0.09999999999999964,0.7017543859649098,0.11999999999999922,0.8421052631578891,14.01,0.2400000000000002,1.713062098501072
EIG,Employers Holdings Inc,US,USD,USD,"NEW YORK STOCK EXCHANGE, INC.",2007-01-31,888.8654962635429,https://static2.finnhub.io/file/publicdatany/finnhubimage/stock_logo/EIG.png,17.95,Insurance,17753272667,https://www.employers.com/,17.52,,20260816,AADP,92316b9e8b22b6f405f06dca95c13b0a,48.73,0.23,48.91,47.94,48.39,48.5,2026-08-14 20:00:00,2026-08-14,0.4742,cadp_finnhub,0.10999999999999943,0.22731969415168304,0.9699999999999989,2.023362536503961,0.17999999999999972,0.36938231069156524,0.7899999999999991,1.6211779191463147,,,
UNF,UniFirst Corp,US,USD,USD,"NEW YORK STOCK EXCHANGE, INC.",1950-10-24,5044.8651715068545,https://static2.finnhub.io/file/publicdatany/finnhubimage/stock_logo/UNF.png,18.08,Commercial Services & Supplies,19786588888,https://unifirst.com/,14.42,,20260816,AADP,92465d9ce3d6ec2f6bf77b7c8fa7aa3d,286.76,-1.15,288.885,286.265,288.0,287.91,2026-08-14 20:00:00,2026-08-14,-0.3994,cadp_finnhub,-0.08999999999997499,-0.031249999999991316,2.6200000000000045,0.9152358828358356,2.125,0.7410378016459758,0.49500000000000455,0.17261821732459356,,,
URBN,Urban Outfitters Inc,US,USD,USD,NASDAQ NMS - GLOBAL MARKET,1993-11-01,6562.216489603579,https://static2.finnhub.io/file/publicdatany/finnhubimage/stock_logo/URBN.png,85.64,Retail,12154545500,https://www.urbn.com/home,56.64,,20260816,AADP,925babf303cd86cdea320c935d7f5780,77.81,1.61,78.39,75.62,75.67,76.2,2026-08-14 20:00:00,2026-08-14,2.1129,cadp_finnhub,0.5300000000000011,0.700409673582663,2.769999999999996,3.6630521026183493,0.5799999999999983,0.7454054748746926,2.1899999999999977,2.814548258578586,,,
FAST,Fastenal Co,US,USD,USD,NASDAQ NMS - GLOBAL MARKET,1987-08-01,59486.27887196221,https://static2.finnhub.io/file/publicdatany/finnhubimage/stock_logo/FAST.png,1147.5,Trading Companies & Distributors,15074545374,https://www.fastenal.com/,1145.34,,20260816,AADP,92a51d369b40daa3bc4f25ff7038b8f6,51.02,-0.32,51.52,50.7001,51.39,51.34,2026-08-14 20:00:00,2026-08-14,-0.6233,cadp_finnhub,-0.04999999999999716,-0.09729519361742978,0.8199000000000041,1.6171565736556814,0.5,0.9800078400627206,0.31990000000000407,0.6270090160721364,51.84,-0.8200000000000003,-1.5817901234567906
CNXC,Concentrix Corp,US,USD,USD,NASDAQ NMS - GLOBAL MARKET,2020-12-01,1569.3920352346242,https://static2.finnhub.io/file/publicdatany/finnhubimage/stock_logo/942965499836.png,61.02,Professional Services,13026587581,https://www.concentrix.com/,50.34,,20260816,AADP,931c62b87c1320281605bbd607974609,24.49,-0.38,25.54,24.36,25.44,24.87,2026-08-14 20:00:00,2026-08-14,-1.5279,cadp_finnhub,-0.5700000000000003,-2.24056603773585,1.1799999999999997,4.844006568144498,1.0500000000000007,4.2874642711310775,0.129999999999999,0.5308289097590813,,,
NWSA,News Corp,US,USD,USD,NASDAQ NMS - GLOBAL MARKET,2013-06-19,16350.181456651158,https://static2.finnhub.io/file/publicdatany/finnhubimage/stock_logo/NWSA.png,547.45,Media,12124163400,https://newscorp.com/,364.75,,20260816,AADP,93b3938dfe6ac16f0478090b12b6e2d2,33.17,0.24,33.36,32.76,32.76,32.93,2026-08-14 20:00:00,2026-08-14,0.7288,cadp_finnhub,0.1700000000000017,0.5189255189255242,0.6000000000000014,1.831501831501836,0.18999999999999773,0.5728067530901348,0.4100000000000037,1.236056677720843,32.45,0.7199999999999989,2.218798151001537
WAY,Waystar Holding Corp,US,USD,USD,NASDAQ NMS - GLOBAL MARKET,2024-06-07,4015.21,https://static2.finnhub.io/file/publicdatany/finnhubimage/stock_logo/950867513316.png,191.75,Health Care,13026587581,https://investors.waystar.com/,139.72,,20260816,AADP,93b6d0e264e748bc789d8658018c23f1,24.78,-0.3,25.87,24.72,25.62,25.08,2026-08-14 20:00:00,2026-08-14,-1.1962,cadp_finnhub,-0.5400000000000027,-2.1077283372365443,1.1500000000000021,4.652103559870559,1.0899999999999999,4.398708635996771,0.060000000000002274,0.24213075060533604,,,
MDT,Medtronic PLC,IE,USD,USD,"NEW YORK STOCK EXCHANGE, INC.",1977-11-21,111568.74493240734,https://static2.finnhub.io/file/publicdatany/finnhubimage/stock_logo/MDT.png,1280.05,Health Care,35314381700,https://www.medtronic.com/,1275.89,,20260816,AADP,93dee7a774a151b29db622762f3b36b5,91.27,0.69,91.99,90.41,90.99,90.58,2026-08-14 20:00:00,2026-08-14,0.7618,cadp_finnhub,-0.4099999999999966,-0.45059896691943796,1.5799999999999983,1.7475942926667387,0.7199999999999989,0.7888681932727062,0.8599999999999994,0.9422592308535109,89.41,1.8599999999999994,2.080304216530589
INVX,Innovex International Inc,US,USD,USD,"NEW YORK STOCK EXCHANGE, INC.",1997-10-23,1965.1968486286648,https://static2.finnhub.io/file/publicdatany/finnhubimage/stock_logo/DRQ.png,69.82,Energy,17139397711,https://www.dril-quip.com/,0.0,,20260816,AADP,9482f1a416b61b322c5fd0f12d14f0b2,31.24,0.46,31.85,30.885,30.99,30.78,2026-08-14 20:00:00,2026-08-14,1.4945,cadp_finnhub,-0.2099999999999973,-0.6776379477250639,0.9649999999999999,3.1244940909826773,0.610000000000003,1.952624839948793,0.3549999999999969,1.1363636363636263,,,
OGN,Organon & Co,US,USD,USD,"NEW YORK STOCK EXCHANGE, INC.",2021-05-14,3571.488379985239,https://static2.finnhub.io/file/publicdatany/finnhubimage/stock_logo/OGN.png,262.61,Pharmaceuticals,13026587581,https://www.organon.com/,261.33,,20260816,AADP,948c4160858f382a5c45ae6facd9cb15,13.72,0.0,13.72,13.69,13.69,13.72,2026-08-14 20:00:00,2026-08-14,0.0,cadp_finnhub,0.030000000000001137,0.21913805697590313,0.030000000000001137,0.21913805697590313,,,0.030000000000001137,0.21865889212828818,,,
GTES,Gates Industrial Corporation PLC,US,USD,USD,"NEW YORK STOCK EXCHANGE, INC.",2018-01-25,7151.520557144106,https://static2.finnhub.io/file/publicdatany/finnhubimage/stock_logo/GTES.png,254.0,Machinery,13037444876,https://investors.gates.com/overview/default.aspx,248.95,,20260816,AADP,94ca4cb5eeab0d3afe1dd052df574667,27.76,0.09,27.93,27.4775,27.68,27.67,2026-08-14 20:00:00,2026-08-14,0.3253,cadp_finnhub,-0.00999999999999801,-0.03612716763005062,0.45250000000000057,1.6468019288508802,0.16999999999999815,0.6123919308357282,0.2825000000000024,1.0176512968299798,,,
ROCK,Gibraltar Industries Inc,US,USD,USD,NASDAQ NMS - GLOBAL MARKET,1993-11-05,1491.0217282278454,https://static2.finnhub.io/file/publicdatany/finnhubimage/stock_logo/ROCK.png,29.66,Building,18009279800,https://www.gibraltar1.com/,29.36,,20260816,AADP,95068b4f8e02b55e2d29a263222fafb3,47.88,-1.05,48.67,47.4773,48.67,48.93,2026-08-14 20:00:00,2026-08-14,-2.1459,cadp_finnhub,0.259999999999998,0.5342099856174194,1.192700000000002,2.512147910685743,0.7899999999999991,1.6499582289055954,0.40270000000000294,0.8410609857978341,,,
WEC,WEC Energy Group Inc,US,USD,USD,"NEW YORK STOCK EXCHANGE, INC.",1947-11-21,35859.72,https://static2.finnhub.io/file/publicdatany/finnhubimage/stock_logo/WEC.png,325.85,Utilities,14142212345,https://www.wecenergygroup.com/,325.31,,20260816,AADP,9527c61e0d86f5fdb6604f3865372091,110.52,0.24,110.58,109.02,109.16,110.28,2026-08-14 20:00:00,2026-08-14,0.2176,cadp_finnhub,1.1200000000000045,1.0260168559912097,1.5600000000000023,1.4309301045679714,0.060000000000002274,0.05428881650380228,1.5,1.3572204125950056,107.63,2.8900000000000006,2.6851249651584137
HTH,Hilltop Holdings Inc,US,USD,USD,"NEW YORK STOCK EXCHANGE, INC.",2004-02-12,2236.4618032577523,https://static2.finnhub.io/file/publicdatany/finnhubimage/stock_logo/HTH.png,57.29,Banking,12148552177,https://www.hilltop-holdings.com/,38.4,,20260816,AADP,954882073a02ce61f6814fd459a5e6bf,39.6,-0.19,40.01,39.47,39.65,39.79,2026-08-14 20:00:00,2026-08-14,-0.4775,cadp_finnhub,0.14000000000000057,0.3530895334174037,0.5399999999999991,1.3681276919179102,0.4099999999999966,1.0353535353535268,0.13000000000000256,0.3282828282828347,,,
LAD,Lithia Motors Inc,US,USD,USD,"NEW YORK STOCK EXCHANGE, INC.",1996-12-18,8257.517892588217,https://static2.finnhub.io/file/publicdatany/finnhubimage/stock_logo/LAD.png,21.98,Retail,15417766401,https://www.lithia.com/,21.62,,20260816,AADP,9602aa03b363eacc71a91a3d416b9530,377.55,-1.11,383.6355,374.01,380.19,378.66,2026-08-14 20:00:00,2026-08-14,-0.2931,cadp_finnhub,-1.5299999999999727,-0.40243036376547847,9.625499999999988,2.5735942889227528,6.085499999999968,1.6118394914580763,3.5400000000000205,0.9376241557409669,379.84,-2.2899999999999636,-0.602885425442282
PRLB,Proto Labs Inc,US,USD,USD,"NEW YORK STOCK EXCHANGE, INC.",2012-02-24,2126.8958599741777,https://static2.finnhub.io/file/publicdatany/finnhubimage/stock_logo/PRLB.png,23.79,Machinery,17634797474,https://www.protolabs.com,23.48,,20260816,AADP,960a712ecbce035e90f14ed772bab455,91.87,-0.45,93.0,90.55,92.01,92.32,2026-08-14 20:00:00,2026-08-14,-0.4874,cadp_finnhub,0.30999999999998806,0.3369199000108554,2.450000000000003,2.7056874654886833,1.1299999999999955,1.229998911505383,1.3200000000000074,1.4368128877762134,,,
WBS,Webster Financial Corp,US,USD,USD,"NEW YORK STOCK EXCHANGE, INC.",1986-12-12,12525.19,https://static2.finnhub.io/file/publicdatany/finnhubimage/stock_logo/WBS.png,162.03,Banking,12035782202,https://www.websterbank.com/,160.85,,20260816,AADP,96ad6865be1d352d08f76091b01b9d56,79.0,-0.02,79.24,78.665,78.87,79.02,2026-08-14 20:00:00,2026-08-14,-0.0253,cadp_finnhub,0.14999999999999147,0.19018638265499108,0.5749999999999886,0.7309476895696798,0.23999999999999488,0.3037974683544239,0.33499999999999375,0.42405063291138445,78.7,0.29999999999999716,0.3811944091486622
COP,ConocoPhillips,US,USD,USD,"NEW YORK STOCK EXCHANGE, INC.",1980-03-17,143283.55352946016,https://static2.finnhub.io/file/publicdatany/finnhubimage/stock_logo/COP.png,1218.29,Energy,12812931000,https://www.conocophillips.com/,1217.01,,20260816,AADP,96b5b6def3672573494681391913daa4,126.78,2.26,127.4,125.37,125.56,124.52,2026-08-14 20:00:00,2026-08-14,1.815,cadp_finnhub,-1.0400000000000063,-0.8282892640968511,2.030000000000001,1.6192071468453386,0.6200000000000045,0.4890361255718604,1.4099999999999966,1.1121628017037362,117.61,9.170000000000002,7.796956041152965
FFIV,F5 Inc,US,USD,USD,NASDAQ NMS - GLOBAL MARKET,1999-06-04,22580.675496856493,https://static2.finnhub.io/file/publicdatany/finnhubimage/stock_logo/FFIV.png,56.83,Communications,12062725555,https://www.f5.com/,56.5,,20260816,AADP,96c8cc9b899e2b8508cda05101b771eb,403.2,-12.8,420.05,402.255,420.05,416.0,2026-08-14 20:00:00,2026-08-14,-3.0769,cadp_finnhub,-4.050000000000011,-0.9641709320319037,17.795000000000016,4.4238107668021565,16.850000000000023,4.179067460317467,0.9449999999999932,0.2343749999999983,409.99,-6.7900000000000205,-1.6561379545842632
ALG,Alamo Group Inc,US,USD,USD,"NEW YORK STOCK EXCHANGE, INC.",1993-03-19,2053.728644203888,https://static2.finnhub.io/file/publicdatany/finnhubimage/stock_logo/942959033306.png,12.17,Machinery,13026587581,https://www.alamo-group.com/,12.01,,20260816,AADP,96f435240b06460daa6d71514e054c1d,164.93,1.35,167.995,162.6,163.28,163.58,2026-08-14 20:00:00,2026-08-14,0.8253,cadp_finnhub,0.30000000000001137,0.18373346398824802,5.39500000000001,3.3179581795818023,3.0649999999999977,1.858364154489782,2.3300000000000125,1.4127205481113274,,,
FMC,FMC Corp,US,USD,USD,"NEW YORK STOCK EXCHANGE, INC.",1948-09-10,1326.152229577251,https://static2.finnhub.io/file/publicdatany/finnhubimage/stock_logo/FMC.png,125.05,Chemicals,12152996668,https://www.fmc.com/en,124.0,,20260816,AADP,9706855a4e6eb2453315dce316005e4a,10.15,-0.01,10.33,10.02,10.2,10.16,2026-08-14 20:00:00,2026-08-14,-0.0984,cadp_finnhub,-0.03999999999999915,-0.3921568627450897,0.3100000000000005,3.093812375249506,0.17999999999999972,1.773399014778322,0.13000000000000078,1.2807881773399092,,,
RLI,RLI Corp,US,USD,USD,"NEW YORK STOCK EXCHANGE, INC.",1980-03-17,5894.57774677167,https://static2.finnhub.io/file/publicdatany/finnhubimage/stock_logo/RLI.png,91.77,Insurance,13026365400,https://www.rlicorp.com/,90.32,,20260816,AADP,974314eaa75315451c4902ce472b0049,63.77,-0.22,63.99,63.4825,63.89,63.99,2026-08-14 20:00:00,2026-08-14,-0.3438,cadp_finnhub,0.10000000000000142,0.15651901706057508,0.5075000000000003,0.7994329145827594,0.21999999999999886,0.3449898071193333,0.2875000000000014,0.45083895248549694,63.58,0.19000000000000483,0.2988361119849085
CCI,Crown Castle Inc,US,USD,USD,"NEW YORK STOCK EXCHANGE, INC.",1998-08-18,32160.176251741726,https://static2.finnhub.io/file/publicdatany/finnhubimage/stock_logo/950434155366.png,426.0,Real Estate,13026587581,https://www.crowncastle.com/,425.57,,20260816,AADP,977371ec7e333b1a36e669769cb45498,75.98,0.25,76.29,75.51,75.84,75.73,2026-08-14 20:00:00,2026-08-14,0.3301,cadp_finnhub,-0.10999999999999943,-0.14504219409282626,0.7800000000000011,1.0329757647993658,0.3100000000000023,0.4080021058173233,0.46999999999999886,0.6185838378520648,73.61,2.3700000000000045,3.219671240320615
WCC,Wesco International Inc,US,USD,USD,"NEW YORK STOCK EXCHANGE, INC.",1999-05-12,16689.71,https://static2.finnhub.io/file/publicdatany/finnhubimage/stock_logo/WCC.png,48.7,Trading Companies & Distributors,14124542200,https://www.wesco.com/,47.8,,20260816,AADP,97adf5bd5ea3fab9c9532a889ef7300a,361.55,2.14,362.57,356.8,358.94,359.41,2026-08-14 20:00:00,2026-08-14,0.5954,cadp_finnhub,0.4700000000000273,0.13094110436285375,5.769999999999982,1.617152466367708,1.0199999999999818,0.28211865578757617,4.75,1.3137878578343243,363.74,-2.1899999999999977,-0.6020784076538179
HALO,Halozyme Therapeutics Inc,US,USD,USD,NASDAQ NMS - GLOBAL MARKET,2003-01-30,12231.372757197762,https://static2.finnhub.io/file/publicdatany/finnhubimage/stock_logo/HALO.png,118.61,Biotechnology,13026587581,https://www.halozyme.com/,116.97,,20260816,AADP,981bdd10e1d08d654579cb252f3d15bc,98.66,-2.01,100.8315,98.13,100.35,100.67,2026-08-14 20:00:00,2026-08-14,-1.9966,cadp_finnhub,0.3200000000000074,0.3188839063278599,2.70150000000001,2.752980739834923,2.171500000000009,2.2009933103588173,0.5300000000000011,0.537198459355363,102.62,-3.960000000000008,-3.8588969011888596
ES,Eversource Energy,US,USD,USD,"NEW YORK STOCK EXCHANGE, INC.",1967-02-20,27244.883285340555,https://static2.finnhub.io/file/publicdatany/finnhubimage/stock_logo/ES.png,376.08,Utilities,18606655000,https://www.eversource.com/,375.38,,20260816,AADP,9832ed27f09d6e83b8d2068cd755af73,72.36,0.14,72.54,71.52,71.52,72.22,2026-08-14 20:00:00,2026-08-14,0.1939,cadp_finnhub,0.7000000000000028,0.9787472035794224,1.0200000000000102,1.4261744966443097,0.18000000000000682,0.24875621890548208,0.8400000000000034,1.1608623548922103,72.33,0.030000000000001137,0.041476565740358275
CHCO,City Holding Co,US,USD,USD,NASDAQ NMS - GLOBAL MARKET,1987-06-26,2035.7056097529605,https://static2.finnhub.io/file/publicdatany/finnhubimage/stock_logo/942959059596.png,14.11,Banking,13047691100,https://www.bankatcity.com/investors/,13.52,,20260816,AADP,985e866a50f1860d35e43cad20965bd5,147.28,-0.7,148.99,146.96,147.95,147.98,2026-08-14 20:00:00,2026-08-14,-0.473,cadp_finnhub,0.030000000000001137,0.02027712064886863,2.030000000000001,1.3813282525857384,1.710000000000008,1.1610537751222216,0.3199999999999932,0.21727322107549782,,,
SWKS,Skyworks Solutions Inc,US,USD,USD,NASDAQ NMS - GLOBAL MARKET,1998-06-02,10626.387022894076,https://static2.finnhub.io/file/publicdatany/finnhubimage/stock_logo/SWKS.png,150.47,Semiconductors,13026587581,https://www.skyworksinc.com/,149.87,,20260816,AADP,98786df4bd6a46400c6654cc426d09de,69.62,-0.14,70.405,67.67,70.4,69.76,2026-08-14 20:00:00,2026-08-14,-0.2007,cadp_finnhub,-0.6400000000000006,-0.9090909090909097,2.7349999999999994,4.041672823998817,0.7849999999999966,1.1275495547256487,1.9500000000000028,2.8009192760700987,70.62,-1.0,-1.416029453412631
XRAY,DENTSPLY SIRONA Inc,US,USD,USD,NASDAQ NMS - GLOBAL MARKET,1987-08-12,2752.49,https://static2.finnhub.io/file/publicdatany/finnhubimage/stock_logo/XRAY.png,200.33,Health Care,13023513367,https://www.dentsplysirona.com/,199.06,,20260816,AADP,988093f016f88b81ee7982182778cbbe,11.59,0.01,11.88,11.46,11.5,11.58,2026-08-14 20:00:00,2026-08-14,0.0864,cadp_finnhub,0.08000000000000007,0.6956521739130441,0.41999999999999993,3.6649214659685856,0.2900000000000009,2.5021570319240802,0.129999999999999,1.1216566005176791,12.12,-0.5299999999999994,-4.372937293729368
DASH,DoorDash Inc,US,USD,USD,NASDAQ NMS - GLOBAL MARKET,2020-12-09,93710.62850827779,https://static2.finnhub.io/file/publicdatany/finnhubimage/stock_logo/DASH.png,435.72,"Hotels, Restaurants & Leisure",13026587581,https://www.doordash.com/,408.43,,20260816,AADP,98d1703cad6073d10784c6505b213743,217.02,0.76,219.53,213.25,215.38,216.26,2026-08-14 20:00:00,2026-08-14,0.3514,cadp_finnhub,0.8799999999999955,0.4085801838610807,6.280000000000001,2.9449003516998835,2.509999999999991,1.1565754308358636,3.7700000000000102,1.737167081374993,221.38,-4.359999999999985,-1.969464269581708
JPM,JPMorgan Chase & Co,US,USD,USD,"NEW YORK STOCK EXCHANGE, INC.",1969-03-05,957978.909581024,https://static2.finnhub.io/file/publicdatany/finnhubimage/stock_logo/JPM.png,2658.2,Banking,12122706000,https://www.jpmorganchase.com/,2646.7,,20260816,AADP,98fbbbc354cce917bb914ac3203cf3de,362.84,-0.27,365.9,361.45,363.0,363.11,2026-08-14 20:00:00,2026-08-14,-0.0744,cadp_finnhub,0.11000000000001364,0.03030303030303406,4.449999999999989,1.231152303223126,3.0600000000000023,0.8433469297762106,1.3899999999999864,0.3830889648329805,359.79,3.0499999999999545,0.8477167236443354
CMG,Chipotle Mexican Grill Inc,US,USD,USD,"NEW YORK STOCK EXCHANGE, INC.",2006-01-26,41493.054068369034,https://static2.finnhub.io/file/publicdatany/finnhubimage/stock_logo/CMG.png,1267.84,"Hotels, Restaurants & Leisure",18009279800,https://www.chipotle.com/,1258.38,,20260816,AADP,99374e89c22af900e6da4ea7aade4db5,33.5,0.89,33.88,32.64,32.64,32.61,2026-08-14 20:00:00,2026-08-14,2.7292,cadp_finnhub,-0.030000000000001137,-0.09191176470588583,1.240000000000002,3.7990196078431433,0.38000000000000256,1.134328358208963,0.8599999999999994,2.567164179104476,32.14,1.3599999999999994,4.231487243310514
NNN,NNN REIT Inc,US,USD,USD,"NEW YORK STOCK EXCHANGE, INC.",1984-10-10,8990.067326120854,https://static2.finnhub.io/file/publicdatany/finnhubimage/stock_logo/942959037686.png,190.25,Real Estate,14072657348,https://www.nnnreit.com/,188.61,,20260816,AADP,99ca19b0a9cc7307af5c762c5932d4d4,46.0,-0.24,46.46,45.98,46.27,46.24,2026-08-14 20:00:00,2026-08-14,-0.519,cadp_finnhub,-0.030000000000001137,-0.06483682731791902,0.480000000000004,1.043932144410622,0.46000000000000085,1.000000000000002,0.020000000000003126,0.04347826086957201,46.84,-0.8400000000000034,-1.793339026473107
BKH,Black Hills Corp,US,USD,USD,"NEW YORK STOCK EXCHANGE, INC.",1980-03-17,5682.964189809622,https://static2.finnhub.io/file/publicdatany/finnhubimage/stock_logo/BKH.png,76.13,Utilities,16057212343,https://ir.blackhillscorp.com/,75.76,,20260816,AADP,99d1234449481b3520715e3ab7fc904d,74.29,0.35,74.61,73.73,73.73,73.94,2026-08-14 20:00:00,2026-08-14,0.4734,cadp_finnhub,0.20999999999999375,0.28482300284822154,0.8799999999999955,1.193544011935434,0.3199999999999932,0.43074438013190625,0.5600000000000023,0.753802665230855,74.65,-0.35999999999999943,-0.48225050234427247
MMS,Maximus Inc,US,USD,USD,"NEW YORK STOCK EXCHANGE, INC.",1997-06-13,3109.8642018638784,https://static2.finnhub.io/file/publicdatany/finnhubimage/stock_logo/MMS.png,52.54,Professional Services,17032518500,https://www.maximus.com/,51.58,,20260816,AADP,99f18d59efae5d2f1cd12e07837961fa,55.28,-0.78,56.21,54.87,55.99,56.06,2026-08-14 20:00:00,2026-08-14,-1.3914,cadp_finnhub,0.07000000000000028,0.12502232541525324,1.3400000000000034,2.442135957718249,0.9299999999999997,1.6823444283646884,0.4100000000000037,0.7416787264833641,60.9,-5.619999999999997,-9.228243021346467
TT,Trane Technologies PLC,IE,USD,USD,"NEW YORK STOCK EXCHANGE, INC.",1906-10-10,106119.37984120847,https://static2.finnhub.io/file/publicdatany/finnhubimage/stock_logo/TT.png,221.06,Building,3537326527000,https://www.tranetechnologies.com/,219.4,,20260816,AADP,9a0630dc7216c629301941eb10af5e8d,480.2,2.51,481.26,474.8636,477.64,477.69,2026-08-14 20:00:00,2026-08-14,0.5254,cadp_finnhub,0.05000000000001137,0.010468134997071303,6.396399999999971,1.3469973272324876,1.0600000000000023,0.22074135776759732,5.336399999999969,1.1112869637650915,482.31,-2.1100000000000136,-0.43747797059982446
THO,Thor Industries Inc,US,USD,USD,"NEW YORK STOCK EXCHANGE, INC.",1984-01-11,4141.163738850411,https://static2.finnhub.io/file/publicdatany/finnhubimage/stock_logo/THO.png,52.06,Automobiles,13026587581,https://www.thorindustries.com/,49.62,,20260816,AADP,9a2a0bb36f2111d0130a4fad6b6b1854,79.0,0.12,79.5652,77.93,78.32,78.88,2026-08-14 20:00:00,2026-08-14,0.1521,cadp_finnhub,0.5600000000000023,0.7150153217568977,1.6351999999999975,2.0982933401770785,0.5652000000000044,0.7154430379746891,1.0699999999999932,1.3544303797468267,79.55,-0.5499999999999972,-0.6913890634820832
AAPL,Apple Inc,US,USD,USD,NASDAQ NMS - GLOBAL MARKET,1980-12-12,4572794.375086887,https://static2.finnhub.io/file/publicdatany/finnhubimage/stock_logo/AAPL.png,14687.36,Technology,14089961010,https://www.apple.com/,14445.7,,20260816,AADP,9a2d5c7b2eedd3c0ac81f3e1de1b7f3b,,,,,,,,,,cadp_finnhub,,,,,,,,,,,
COKE,Coca-Cola Consolidated Inc,US,USD,USD,NASDAQ NMS - GLOBAL MARKET,1972-05-10,12846.243540323541,https://static2.finnhub.io/file/publicdatany/finnhubimage/stock_logo/COKE.png,66.56,Beverages,13026587581,https://www.cokeconsolidated.com/,56.51,,20260816,AADP,9a3cb291670897577de4dd87cd0c8076,189.11,-1.05,192.165,184.92,190.25,190.16,2026-08-14 20:00:00,2026-08-14,-0.5522,cadp_finnhub,-0.09000000000000341,-0.04730617608410166,7.2450000000000045,3.917910447761197,3.0549999999999784,1.6154619004811899,4.190000000000026,2.215641690021694,189.27,-0.1599999999999966,-0.08453531991334949
MCRI,Monarch Casino & Resort Inc,US,USD,USD,NASDAQ NMS - GLOBAL MARKET,1993-08-06,2229.382432932105,https://static2.finnhub.io/file/publicdatany/finnhubimage/stock_logo/MCRI.png,17.92,"Hotels, Restaurants & Leisure",17753354600,https://www.monarchcasino.com/,12.1,,20260816,AADP,9a5a67cdc47e1bb767820fa68d97d689,124.08,1.29,125.07,122.78,122.78,122.79,2026-08-14 20:00:00,2026-08-14,1.0506,cadp_finnhub,0.010000000000005116,0.008144648965633747,2.289999999999992,1.8651246131291674,0.9899999999999949,0.7978723404255279,1.2999999999999972,1.0477111540941304,,,
GNL,Global Net Lease Inc,US,USD,USD,"NEW YORK STOCK EXCHANGE, INC.",2015-06-02,1946.8847527828002,https://static2.finnhub.io/file/publicdatany/finnhubimage/stock_logo/950370412746.png,210.98,Real Estate,12124156500,https://www.globalnetlease.com/,190.1,,20260816,AADP,9a5a9b08c20e824fa43684818f2d7bf3,8.76,-0.26,9.07,8.735,8.99,9.02,2026-08-14 20:00:00,2026-08-14,-2.8825,cadp_finnhub,0.02999999999999936,0.3337041156840863,0.33500000000000085,3.835145964510599,0.3100000000000005,3.5388127853881337,0.025000000000000355,0.28538812785388534,,,
JBGS,JBG SMITH Properties,US,USD,USD,"NEW YORK STOCK EXCHANGE, INC.",2017-07-06,708.3916879077431,https://static2.finnhub.io/file/publicdatany/finnhubimage/stock_logo/950532491946.png,58.26,Real Estate,12403333600,https://www.jbgsmith.com/,57.96,,20260816,AADP,9a5ee205b23a6fa3c18a4cfea48d5bee,11.48,-0.33,11.94,11.48,11.84,11.81,2026-08-14 20:00:00,2026-08-14,-2.7942,cadp_finnhub,-0.02999999999999936,-0.25337837837837296,0.4599999999999991,4.006968641114975,0.4599999999999991,4.006968641114975,,,,,
MHK,Mohawk Industries Inc,US,USD,USD,"NEW YORK STOCK EXCHANGE, INC.",1992-04-01,9216.452772226554,https://static2.finnhub.io/file/publicdatany/finnhubimage/stock_logo/MHK.png,60.95,Consumer products,17066242032,https://mohawkind.com/,49.76,,20260816,AADP,9a7736d9845d980defb0d76fa3443b8f,140.1,0.98,140.11,137.96,138.26,139.12,2026-08-14 20:00:00,2026-08-14,0.7044,cadp_finnhub,0.8600000000000136,0.6220164906697625,2.1500000000000057,1.5584227312264465,0.010000000000019327,0.007137758743768257,2.1399999999999864,1.527480371163445,,,
FDXF,FedEx Freight Holding Company Inc,US,USD,USD,"NEW YORK STOCK EXCHANGE, INC.",2026-05-27,21644.246066225925,https://static2.finnhub.io/file/publicdatany/finnhubimage/stock_logo/950970980546.png,119.3,Road & Rail,13026587581,,119.3,,20260816,AADP,9a77c3772a30f46d750db1d997d6ba6c,150.29,-1.7,152.67,146.08,151.09,151.99,2026-08-14 20:00:00,2026-08-14,-1.1185,cadp_finnhub,0.9000000000000057,0.5956714541002089,6.589999999999975,4.511226725082129,2.3799999999999955,1.583605030274799,4.2099999999999795,2.801250914897851,144.76,5.530000000000001,3.8201160541586088
HOOD,Robinhood Markets Inc,US,USD,USD,NASDAQ NMS - GLOBAL MARKET,2021-07-29,83875.38580267524,https://static2.finnhub.io/file/publicdatany/finnhubimage/stock_logo/HOOD.png,900.51,Financial Services,13025310855,https://robinhood.com,784.76,,20260816,AADP,9a77e6222f316b058a4cd5f386169f1b,95.56,-3.81,98.4185,95.44,98.0,99.37,2026-08-14 20:00:00,2026-08-14,-3.8342,cadp_finnhub,1.3700000000000045,1.397959183673474,2.978499999999997,3.12080888516345,2.8584999999999923,2.9913143574717376,0.12000000000000455,0.125575554625371,93.12,2.4399999999999977,2.6202749140893444
HCSG,Healthcare Services Group Inc,US,USD,USD,NASDAQ NMS - GLOBAL MARKET,1983-11-23,1525.6938009591838,https://static2.finnhub.io/file/publicdatany/finnhubimage/stock_logo/HCSG.png,68.63,Commercial Services & Supplies,12159381661,https://www.hcsgcorp.com/,67.63,,20260816,AADP,9abf815f0a1d58ea47ffa0defdbcfd53,21.59,0.5,21.73,20.985,21.02,21.09,2026-08-14 20:00:00,2026-08-14,2.3708,cadp_finnhub,0.07000000000000028,0.33301617507136194,0.745000000000001,3.550154872528001,0.14000000000000057,0.6484483557202435,0.6050000000000004,2.8022232515053287,,,
SCHW,Charles Schwab Corp,US,USD,USD,"NEW YORK STOCK EXCHANGE, INC.",1987-09-22,187130.98595556754,https://static2.finnhub.io/file/publicdatany/finnhubimage/stock_logo/SCHW.png,1739.14,Financial Services,13026587581,https://www.schwab.com/,1631.47,,20260816,AADP,9ace13c1504383b2481ad2e6bb4a3867,111.09,1.03,111.18,109.19,109.75,110.06,2026-08-14 20:00:00,2026-08-14,0.9359,cadp_finnhub,0.3100000000000023,0.28246013667426173,1.990000000000009,1.8225112189761052,0.09000000000000341,0.08101539292465876,1.9000000000000057,1.710324961742736,107.99,3.1000000000000085,2.87063617001575
AXON,Axon Enterprise Inc,US,USD,USD,NASDAQ NMS - GLOBAL MARKET,2001-05-08,46024.596377593814,https://static2.finnhub.io/file/publicdatany/finnhubimage/stock_logo/AXON.png,80.6,Aerospace & Defense,13026365401,https://www.axon.com/,77.26,,20260816,AADP,9ae561730d8b7c0e5ef849ff75c72a8e,612.83,-2.76,622.55,601.51,615.49,615.59,2026-08-14 20:00:00,2026-08-14,-0.4484,cadp_finnhub,0.10000000000002274,0.016247217663978738,21.039999999999964,3.4978637096640064,9.719999999999914,1.5860842321687763,11.32000000000005,1.8471680563941142,560.57,52.25999999999999,9.32265372745598
NFLX,Netflix Inc,US,USD,USD,NASDAQ NMS - GLOBAL MARKET,2002-05-23,308714.5174837117,https://static2.finnhub.io/file/publicdatany/finnhubimage/stock_logo/NFLX.png,4163.94,Media,13026587581,https://www.netflix.com/,4139.68,,20260816,AADP,9b099c96197e080e0aa5f406653701c4,78.16,-0.08,78.73,77.7601,78.48,78.24,2026-08-14 20:00:00,2026-08-14,-0.1022,cadp_finnhub,-0.2400000000000091,-0.3058103975535284,0.9699000000000098,1.2472977786808528,0.5700000000000074,0.729273285568075,0.39990000000000236,0.5116427840327563,74.19,3.969999999999999,5.351125488610323
NJR,New Jersey Resources Corp,US,USD,USD,"NEW YORK STOCK EXCHANGE, INC.",1980-03-17,5582.766674151277,https://static2.finnhub.io/file/publicdatany/finnhubimage/stock_logo/NJR.png,100.92,Utilities,17329381000,https://www.njresources.com/,100.38,,20260816,AADP,9b87de5b7fc0cfc87fe8db659c06fd37,55.6,0.06,55.81,55.35,55.35,55.54,2026-08-14 20:00:00,2026-08-14,0.108,cadp_finnhub,0.18999999999999773,0.34327009936765623,0.46000000000000085,0.8310749774164423,0.21000000000000085,0.37769784172662024,0.25,0.44964028776978415,55.02,0.5799999999999983,1.0541621228644098
DOCN,DigitalOcean Holdings Inc,US,USD,USD,"NEW YORK STOCK EXCHANGE, INC.",2021-03-24,14597.500796808476,https://static2.finnhub.io/file/publicdatany/finnhubimage/stock_logo/DOCN.png,116.87,Technology,13026365400,,97.15,,20260816,AADP,9bfcf2575484a65f7c67678110e431e0,129.92,-2.37,133.645,127.21,131.84,132.29,2026-08-14 20:00:00,2026-08-14,-1.7915,cadp_finnhub,0.44999999999998863,0.3413228155339719,6.4350000000000165,5.05856457825644,3.7250000000000227,2.867149014778343,2.7099999999999937,2.0858990147783207,129.73,0.18999999999999773,0.14645802821243947
OLED,Universal Display Corp,US,USD,USD,NASDAQ NMS - GLOBAL MARKET,1992-05-14,4191.715686001605,https://static2.finnhub.io/file/publicdatany/finnhubimage/stock_logo/OLED.png,46.75,Semiconductors,16096710980,https://oled.com/,42.13,,20260816,AADP,9c0e3511e1201653cdefa05b0f848045,88.92,-2.04,91.63,87.62,90.72,90.96,2026-08-14 20:00:00,2026-08-14,-2.2427,cadp_finnhub,0.23999999999999488,0.2645502645502589,4.009999999999991,4.5765806893403225,2.7099999999999937,3.0476833108411987,1.2999999999999972,1.461988304093564,91.19,-2.269999999999996,-2.489308038162075
ECG,Everus Construction Group Inc,US,USD,USD,"NEW YORK STOCK EXCHANGE, INC.",2024-10-28,6990.128331405074,https://static2.finnhub.io/file/publicdatany/finnhubimage/stock_logo/950906495066.png,51.04,Construction,13026587581,https://everus.com/,50.86,,20260816,AADP,9c7aa6c396022d96871fe95f5ee52533,141.04,3.54,141.6,135.31,136.26,137.5,2026-08-14 20:00:00,2026-08-14,2.5745,cadp_finnhub,1.240000000000009,0.9100249522970859,6.289999999999992,4.648584731357618,0.5600000000000023,0.3970504821327299,5.72999999999999,4.0626772546795165,,,
KNSL,Kinsale Capital Group Inc,US,USD,USD,"NEW YORK STOCK EXCHANGE, INC.",2016-07-28,8513.664098952839,https://static2.finnhub.io/file/publicdatany/finnhubimage/stock_logo/KNSL.png,22.78,Insurance,13026587581,https://www.kinsalecapitalgroup.com/,21.54,,20260816,AADP,9ce02bad1669f85446e1ff0eff4a0247,379.19,2.22,381.41,374.35,378.18,376.97,2026-08-14 20:00:00,2026-08-14,0.5889,cadp_finnhub,-1.2099999999999795,-0.3199534613147125,7.060000000000002,1.8859356217443575,2.2200000000000273,0.5854584772805262,4.839999999999975,1.2764049684854493,373.76,5.430000000000007,1.4528039383561664
ACLS,Axcelis Technologies Inc,US,USD,USD,NASDAQ NMS - GLOBAL MARKET,2000-07-11,4311.043743460047,https://static2.finnhub.io/file/publicdatany/finnhubimage/stock_logo/ACLS.png,30.73,Semiconductors,13026587581,https://www.axcelis.com/,30.51,,20260816,AADP,9cf97e129ec91061bd199c25a198e713,140.15,-2.88,142.34,137.53,140.08,143.03,2026-08-14 20:00:00,2026-08-14,-2.0136,cadp_finnhub,2.9499999999999886,2.105939463163898,4.810000000000002,3.497418745001092,2.1899999999999977,1.562611487691757,2.6200000000000045,1.8694256154120619,,,
EQR,Equity Residential,US,USD,USD,"NEW YORK STOCK EXCHANGE, INC.",1993-08-12,25147.519554533428,https://static2.finnhub.io/file/publicdatany/finnhubimage/stock_logo/942959039466.png,374.92,Real Estate,13129281178,https://www.equityapartments.com/,372.28,,20260816,AADP,9cf991c259891ee67bbf46c4ebad645d,65.97,0.0,66.445,65.41,66.13,65.97,2026-08-14 20:00:00,2026-08-14,0.0,cadp_finnhub,-0.1599999999999966,-0.24194767881445123,1.0349999999999966,1.582326861336182,0.4749999999999943,0.7200242534485286,0.5600000000000023,0.8488706988024894,65.83,0.14000000000000057,0.21266899589852736
FUL,H.B. Fuller Company,US,USD,USD,"NEW YORK STOCK EXCHANGE, INC.",1980-03-17,3284.7970722435357,https://static2.finnhub.io/file/publicdatany/finnhubimage/stock_logo/FUL.png,53.79,Chemicals,16512365900,https://www.hbfuller.com/,53.6,,20260816,AADP,9cfe78bfad01c9ace46b941ed883340e,62.75,2.6,62.975,59.67,59.95,60.15,2026-08-14 20:00:00,2026-08-14,4.3225,cadp_finnhub,0.19999999999999574,0.3336113427856476,3.3049999999999997,5.538796715267303,0.22500000000000142,0.35856573705179506,3.0799999999999983,4.908366533864539,,,
TRGP,Targa Resources Corp,US,USD,USD,"NEW YORK STOCK EXCHANGE, INC.",2010-12-07,55135.582300056514,https://static2.finnhub.io/file/publicdatany/finnhubimage/stock_logo/TRGP.png,214.64,Energy,13026587581,https://www.targaresources.com/,211.62,,20260816,AADP,9cff695a2eaeadc1df9d561c66f7f3d9,275.79,8.91,277.16,268.45,269.59,266.88,2026-08-14 20:00:00,2026-08-14,3.3386,cadp_finnhub,-2.7099999999999795,-1.005230164323595,8.710000000000036,3.244552058111394,1.3700000000000045,0.4967547771855413,7.340000000000032,2.661445302585312,256.87,18.920000000000016,7.365593490870874
REGN,Regeneron Pharmaceuticals Inc,US,USD,USD,NASDAQ NMS - GLOBAL MARKET,1991-04-02,80753.77149989913,https://static2.finnhub.io/file/publicdatany/finnhubimage/stock_logo/REGN.png,104.84,Biotechnology,17813705000,https://www.regeneron.com/,98.95,,20260816,AADP,9d11a33dde2576b0f92fb95419763743,803.48,-2.49,806.535,792.57,802.35,805.97,2026-08-14 20:00:00,2026-08-14,-0.3089,cadp_finnhub,3.6200000000000045,0.4511746743939683,13.964999999999918,1.761989477270136,3.05499999999995,0.3802210384825944,10.909999999999968,1.3578433812913786,808.05,-4.569999999999936,-0.5655590619392286
NVR,NVR Inc,US,USD,USD,"NEW YORK STOCK EXCHANGE, INC.",1987-06-25,17028.828703782918,https://static2.finnhub.io/file/publicdatany/finnhubimage/stock_logo/NVR.png,2.68,Consumer products,17039564000,https://www.nvrinc.com/,2.53,,20260816,AADP,9d7ba39a7f74dc549d82ba8d290516cc,6307.93,-67.07,6384.68,6295.62,6355.27,6375.0,2026-08-14 20:00:00,2026-08-14,-1.0521,cadp_finnhub,19.729999999999563,0.31045101152271365,89.0600000000004,1.4146343013079,76.75,1.2167224430201349,12.3100000000004,0.19515118271763318,6390.14,-82.21000000000004,-1.286513284528978
NVST,Envista Holdings Corp,US,USD,USD,"NEW YORK STOCK EXCHANGE, INC.",2019-09-18,4521.388294068663,https://static2.finnhub.io/file/publicdatany/finnhubimage/stock_logo/NVST.png,162.73,Health Care,13026587581,https://envistaco.com/en,161.3,,20260816,AADP,9d93484dbf64648bb9580b02ff651501,28.07,-0.01,28.42,27.925,28.0,28.08,2026-08-14 20:00:00,2026-08-14,-0.0356,cadp_finnhub,0.0799999999999983,0.28571428571427965,0.495000000000001,1.7726051924798603,0.3500000000000014,1.2468827930174615,0.14499999999999957,0.5165657285358018,28.46,-0.39000000000000057,-1.370344342937458
STT,State Street Corp,US,USD,USD,"NEW YORK STOCK EXCHANGE, INC.",1980-03-17,50731.9190032427,https://static2.finnhub.io/file/publicdatany/finnhubimage/stock_logo/STT.png,276.77,Financial Services,16177863000,https://www.statestreet.com/,273.53,,20260816,AADP,9dbc22dd59969b2cb4a8cc5a61097219,191.74,1.89,192.015,188.8,189.3,189.85,2026-08-14 20:00:00,2026-08-14,0.9955,cadp_finnhub,0.549999999999983,0.2905441098784907,3.214999999999975,1.702860169491512,0.27499999999997726,0.14342338583497302,2.9399999999999977,1.5333263794722007,184.68,7.060000000000002,3.8228286766298476
REZI,Resideo Technologies Inc,US,USD,USD,"NEW YORK STOCK EXCHANGE, INC.",2018-10-15,3949.1970626774064,https://static2.finnhub.io/file/publicdatany/finnhubimage/stock_logo/REZI.png,151.43,Building,14805735340,https://www.resideo.com/us/en/,134.3,,20260816,AADP,9dc6d736ff97cab298ef88a622e77259,20.5,0.04,21.05,20.1,20.56,20.46,2026-08-14 20:00:00,2026-08-14,0.1955,cadp_finnhub,-0.09999999999999787,-0.4863813229571881,0.9499999999999993,4.726368159203976,0.5500000000000007,2.682926829268296,0.3999999999999986,1.951219512195115,,,
PII,Polaris Inc,US,USD,USD,"NEW YORK STOCK EXCHANGE, INC.",1987-09-16,4072.584962971596,https://static2.finnhub.io/file/publicdatany/finnhubimage/stock_logo/PII.png,56.9,Leisure Products,17635420500,https://www.polaris.com/,53.3,,20260816,AADP,9e3dc866989feb29e485482e92b7acb4,69.49,0.85,69.79,67.58,67.81,68.64,2026-08-14 20:00:00,2026-08-14,1.2383,cadp_finnhub,0.8299999999999983,1.2240082583689695,2.210000000000008,3.2701982835158447,0.30000000000001137,0.43171679378329453,1.9099999999999966,2.7485969204201997,71.57,-2.0799999999999983,-2.90624563364538
AVGO,Broadcom Inc,US,USD,USD,NASDAQ NMS - GLOBAL MARKET,2009-08-06,2035102.4660328242,https://static2.finnhub.io/file/publicdatany/finnhubimage/stock_logo/AVGO.png,4757.58,Semiconductors,13026365400,https://www.broadcom.com,4664.63,,20260816,AADP,9e5c25952c0da9d7e3d35c61e946bf9f,392.99,-24.83,412.5,388.5,411.96,417.82,2026-08-14 20:00:00,2026-08-14,-5.9428,cadp_finnhub,5.860000000000014,1.4224682007961973,24.0,6.177606177606178,19.50999999999999,4.964502913560139,4.490000000000009,1.1425227105015419,427.76,-34.76999999999998,-8.128389751262386
PTC,PTC Inc,US,USD,USD,NASDAQ NMS - GLOBAL MARKET,1989-12-08,16027.45948693986,https://static2.finnhub.io/file/publicdatany/finnhubimage/stock_logo/PTC.png,115.51,Technology,17813705000,https://www.ptc.com/,115.13,,20260816,AADP,9ea35c15c62da2298740c361b2f87054,149.75,-4.14,155.095,149.56,154.89,153.89,2026-08-14 20:00:00,2026-08-14,-2.6902,cadp_finnhub,-1.0,-0.6456194718832721,5.534999999999997,3.7008558438085024,5.344999999999999,3.5692821368948238,0.18999999999999773,0.12687813021702687,151.02,-1.2700000000000102,-0.8409482187789764
KFY,Korn Ferry,US,USD,USD,"NEW YORK STOCK EXCHANGE, INC.",1999-02-11,4275.547764240473,https://static2.finnhub.io/file/publicdatany/finnhubimage/stock_logo/KFY.png,50.86,Professional Services,13105521834,https://www.kornferry.com/,50.14,,20260816,AADP,9eab8c6650085a108de450caca34222e,84.19,-0.64,85.5,83.4901,85.0,84.83,2026-08-14 20:00:00,2026-08-14,-0.7545,cadp_finnhub,-0.1700000000000017,-0.200000000000002,2.009900000000002,2.4073512907518397,1.3100000000000023,1.556004276042288,0.6998999999999995,0.8313338876351104,,,
TGTX,TG Therapeutics Inc,US,USD,USD,NASDAQ NMS - GLOBAL MARKET,1995-12-14,7616.715613171342,https://static2.finnhub.io/file/publicdatany/finnhubimage/stock_logo/TGTX.png,153.08,Biotechnology,13026587581,https://www.tgtherapeutics.com/,141.64,,20260816,AADP,9f3ba49db2fee957409c2fb4f7a64ee1,48.74,0.8,48.925,47.27,47.27,47.94,2026-08-14 20:00:00,2026-08-14,1.6688,cadp_finnhub,0.6699999999999946,1.4173894647768026,1.654999999999994,3.501163528665102,0.18499999999999517,0.3795650389823454,1.4699999999999989,3.0160032827246592,,,
STZ,Constellation Brands Inc,US,USD,USD,"NEW YORK STOCK EXCHANGE, INC.",1986-07-07,23184.52992666465,https://static2.finnhub.io/file/publicdatany/finnhubimage/stock_logo/STZ.png,170.78,Beverages,13026587581,https://www.cbrands.com/,148.65,,20260816,AADP,9f7a8f16956c259e696f6ba00ab5efe7,139.18,2.83,139.26,135.3,136.43,136.35,2026-08-14 20:00:00,2026-08-14,2.0755,cadp_finnhub,-0.0800000000000125,-0.05863812944367991,3.9599999999999795,2.9268292682926673,0.07999999999998408,0.05747952291994833,3.8799999999999955,2.7877568616180453,133.39,5.7900000000000205,4.340655221530866
MTX,Minerals Technologies Inc,US,USD,USD,"NEW YORK STOCK EXCHANGE, INC.",1992-10-23,2343.68442816503,https://static2.finnhub.io/file/publicdatany/finnhubimage/stock_logo/MTX.png,31.01,Chemicals,12128781800,https://www.mineralstech.com/,30.61,,20260816,AADP,9fa141ae1e31fb7e7c29ac5e00ebf68c,72.98,0.22,73.14,71.825,72.02,72.76,2026-08-14 20:00:00,2026-08-14,0.3024,cadp_finnhub,0.7400000000000091,1.0274923632324482,1.3149999999999977,1.830838844413502,0.1599999999999966,0.2192381474376495,1.1550000000000011,1.5826253768155674,,,
LKQ,LKQ Corp,US,USD,USD,NASDAQ NMS - GLOBAL MARKET,2003-10-03,6289.631792513281,https://static2.finnhub.io/file/publicdatany/finnhubimage/stock_logo/LKQ.png,254.79,Distributors,13023513367,https://www.lkqcorp.com/,251.56,,20260816,AADP,9fa5149802c4b7bbfe20cdb47d6919cf,25.42,0.22,25.625,25.09,25.2,25.2,2026-08-14 20:00:00,2026-08-14,0.873,cadp_finnhub,,,0.5350000000000001,2.132323634914309,0.2049999999999983,0.806451612903219,0.33000000000000185,1.2981904012588585,,,
PCG,PG&E Corp,US,USD,USD,"NEW YORK STOCK EXCHANGE, INC.",1919-07-24,38453.32683094235,https://static2.finnhub.io/file/publicdatany/finnhubimage/stock_logo/PCG.png,2202.37,Utilities,14159731000,https://www.pgecorp.com/,2188.9,,20260816,AADP,a014f3d483d375336fc8580857a6ecdc,17.84,0.38,17.85,17.38,17.43,17.46,2026-08-14 20:00:00,2026-08-14,2.1764,cadp_finnhub,0.030000000000001137,0.17211703958692565,0.4700000000000024,2.704257767548921,0.010000000000001563,0.056053811659201584,0.46000000000000085,2.5784753363228745,17.04,0.8000000000000007,4.694835680751178
KEY,KeyCorp,US,USD,USD,"NEW YORK STOCK EXCHANGE, INC.",1980-03-17,24255.831551298324,https://static2.finnhub.io/file/publicdatany/finnhubimage/stock_logo/KEY.png,1072.04,Banking,12166896300,https://www.key.com,1068.36,,20260816,AADP,a04b4c0393272fa9dbd0a390f4675d3a,23.31,0.32,23.32,22.94,23.01,22.99,2026-08-14 20:00:00,2026-08-14,1.3919,cadp_finnhub,-0.020000000000003126,-0.08691873098654118,0.379999999999999,1.6564952048822972,0.010000000000001563,0.042900042900049604,0.36999999999999744,1.5873015873015766,22.79,0.5199999999999996,2.2817025010969707
EA,Electronic Arts Inc,US,USD,USD,NASDAQ NMS - GLOBAL MARKET,1989-01-09,52924.89428855509,https://static2.finnhub.io/file/publicdatany/finnhubimage/stock_logo/EA.png,252.38,Media,13026587581,https://www.ea.com/,251.87,,20260816,AADP,a06e723241a77aefc77648fad0afc9ce,209.7,-0.21,210.2,209.7,209.92,209.91,2026-08-04 00:00:00,2026-08-04,-0.1,cadp_finnhub,-0.009999999999990905,-0.004763719512190789,0.5,0.23843586075345735,0.5,0.23843586075345735,,,209.7,0.0,0.0
CNX,CNX Resources Corp,US,USD,USD,"NEW YORK STOCK EXCHANGE, INC.",1999-04-30,5198.739458385426,https://static2.finnhub.io/file/publicdatany/finnhubimage/stock_logo/CNX.png,141.48,Energy,17244854000,https://www.cnx.com,141.0,,20260816,AADP,a0c2d2ff9abe9a6b69ff67ffaf0aa773,35.72,0.34,36.14,35.21,35.62,35.38,2026-08-14 20:00:00,2026-08-14,0.961,cadp_finnhub,-0.23999999999999488,-0.6737787759685426,0.9299999999999997,2.6412950866231175,0.4200000000000017,1.1758118701007887,0.509999999999998,1.4277715565509463,35.14,0.5799999999999983,1.6505406943653904
NIC,"Nicolet Bankshares, Inc",US,USD,USD,"NEW YORK STOCK EXCHANGE, INC.",2013-04-26,3616.009419460693,https://static2.finnhub.io/file/publicdatany/finnhubimage/stock_logo/942969387636.png,21.06,Banking,19204301400,https://investors.nicoletbank.com,19.24,,20260816,AADP,a0d7e20f2498d03e4df851846c91d78d,179.02,0.86,179.85,177.87,177.87,178.16,2026-08-14 20:00:00,2026-08-14,0.4827,cadp_finnhub,0.28999999999999204,0.16304042278067804,1.9799999999999898,1.1131725417439646,0.8299999999999841,0.4636353480058005,1.1500000000000057,0.642386325550221,,,
SNEX,StoneX Group Inc,US,USD,USD,NASDAQ NMS - GLOBAL MARKET,1995-02-13,7941.405806868192,https://static2.finnhub.io/file/publicdatany/finnhubimage/stock_logo/942959138496.png,118.88,Financial Services,12124853500,https://www.stonex.com,107.44,,20260816,AADP,a0e032a39b50a08f504390c37b7882fe,67.1,0.32,67.33,64.8,66.7,66.78,2026-08-14 20:00:00,2026-08-14,0.4792,cadp_finnhub,0.0799999999999983,0.11994002998500493,2.530000000000001,3.904320987654323,0.23000000000000398,0.3427719821162504,2.299999999999997,3.42771982116244,,,
MFP,Midera Food Processing Inc,US,USD,USD,NASDAQ NMS - GLOBAL MARKET,2026-06-26,1963.22,,45.21,Machinery,18474509692,,45.21,,20260816,AADP,a0efb8796a5221e4a86eeae2f1cabe5e,45.57,2.49,46.08,42.0,42.07,43.08,2026-08-14 20:00:00,2026-08-14,5.7799,cadp_finnhub,1.009999999999998,2.400760637033511,4.079999999999998,9.71428571428571,0.509999999999998,1.1191573403554926,3.5700000000000003,7.83410138248848,,,
CHH,Choice Hotels International Inc,US,USD,USD,"NEW YORK STOCK EXCHANGE, INC.",1996-10-16,4800.6196856431225,https://static2.finnhub.io/file/publicdatany/finnhubimage/stock_logo/CHH.png,45.5,"Hotels, Restaurants & Leisure",13015925000,https://www.choicehotels.com/en-in,27.8,,20260816,AADP,a19fecd10fba7f51f106ac464d357640,104.44,-0.13,105.45,104.01,104.85,104.57,2026-08-14 20:00:00,2026-08-14,-0.1243,cadp_finnhub,-0.28000000000000114,-0.2670481640438733,1.4399999999999977,1.3844822613210246,1.0100000000000051,0.9670624281884385,0.4299999999999926,0.4117196476445735,106.66,-2.219999999999999,-2.08138008625539
AMAT,Applied Materials Inc,US,USD,USD,NASDAQ NMS - GLOBAL MARKET,1972-10-05,428055.26133172045,https://static2.finnhub.io/file/publicdatany/finnhubimage/stock_logo/AMAT.png,793.96,Semiconductors,14087275555,https://www.appliedmaterials.com/,791.47,,20260816,AADP,a1cd08827622e13b68998afad5dd7f8d,,,,,,,,,,cadp_finnhub,,,,,,,,,,,
FCPT,Four Corners Property Trust Inc,US,USD,USD,"NEW YORK STOCK EXCHANGE, INC.",2015-10-29,2754.8857992537914,https://static2.finnhub.io/file/publicdatany/finnhubimage/stock_logo/950466497136.png,109.75,Real Estate,14159658030,https://fcpt.com/,108.32,,20260816,AADP,a1f5986ee5b3976fd30f3b978c4f9d0c,25.21,0.05,25.31,25.01,25.09,25.16,2026-08-14 20:00:00,2026-08-14,0.1987,cadp_finnhub,0.07000000000000028,0.27899561578318166,0.29999999999999716,1.1995201919232192,0.09999999999999787,0.39666798889328786,0.1999999999999993,0.7933359777865898,,,
TR,Tootsie Roll Industries Inc,US,USD,USD,"NEW YORK STOCK EXCHANGE, INC.",1980-03-17,2971.033541447547,https://static2.finnhub.io/file/publicdatany/finnhubimage/stock_logo/TR.png,75.17,Food Products,17738383400,https://www.tootsie.com/,18.28,,20260816,AADP,a1fa1dcb44429d92d7d25122345cc69f,40.92,0.68,40.94,39.85,40.17,40.24,2026-08-14 20:00:00,2026-08-14,1.6899,cadp_finnhub,0.07000000000000028,0.17425939756036912,1.0899999999999963,2.7352572145545704,0.01999999999999602,0.04887585532745851,1.0700000000000003,2.6148582600195507,,,
NOV,Nov Inc,US,USD,USD,"NEW YORK STOCK EXCHANGE, INC.",1996-10-29,7004.794901984923,https://static2.finnhub.io/file/publicdatany/finnhubimage/stock_logo/NOV.png,356.48,Energy,13026587581,https://www.nov.com/,353.86,,20260816,AADP,a219508674dad1c3c74ddef085bed0eb,21.14,0.5,21.295,20.75,20.79,20.64,2026-08-14 20:00:00,2026-08-14,2.4225,cadp_finnhub,-0.14999999999999858,-0.7215007215007148,0.5450000000000017,2.6265060240963938,0.15500000000000114,0.7332071901608379,0.39000000000000057,1.844843897824033,20.7,0.4400000000000013,2.125603864734306
ONB,Old National Bancorp,US,USD,USD,NASDAQ NMS - GLOBAL MARKET,1984-06-20,10161.059424071991,https://static2.finnhub.io/file/publicdatany/finnhubimage/stock_logo/ONB.png,382.57,Banking,18124641434,https://ir.oldnational.com/,379.58,,20260816,AADP,a2393fd1b95ed2cc2ca3478e44613fd5,27.17,0.1,27.3,26.965,27.07,27.07,2026-08-14 20:00:00,2026-08-14,0.3694,cadp_finnhub,,,0.33500000000000085,1.2423511959948113,0.129999999999999,0.47846889952152744,0.20500000000000185,0.7545086492454981,26.56,0.610000000000003,2.296686746987963
TECH,Bio-Techne Corp,US,USD,USD,NASDAQ NMS - GLOBAL MARKET,1989-02-09,11318.355619177608,https://static2.finnhub.io/file/publicdatany/finnhubimage/stock_logo/TECH.png,155.81,Life Sciences Tools & Services,16123798854,https://www.bio-techne.com/,155.32,,20260816,AADP,a2493da1ece741d66eebf7993aa9866a,72.4,0.23,72.425,72.07,72.23,72.17,2026-08-14 20:00:00,2026-08-14,0.3187,cadp_finnhub,-0.060000000000002274,-0.08306797729475603,0.355000000000004,0.49257666157902597,0.024999999999991473,0.03453038674031971,0.3300000000000125,0.45580110497239296,72.12,0.28000000000000114,0.38824181919024003
WERN,Werner Enterprises Inc,US,USD,USD,NASDAQ NMS - GLOBAL MARKET,1986-06-20,2211.96,https://static2.finnhub.io/file/publicdatany/finnhubimage/stock_logo/WERN.png,59.98,Road & Rail,14028956640,https://www.werner.com/,59.04,,20260816,AADP,a26bc6bb58a3be0a1ef6480c924ef23b,38.88,0.39,39.28,38.11,38.3,38.49,2026-08-14 20:00:00,2026-08-14,1.0133,cadp_finnhub,0.19000000000000483,0.49608355091385076,1.1700000000000017,3.0700603516137543,0.3999999999999986,1.0288065843621363,0.7700000000000031,1.9804526748971274,,,
CNC,Centene Corp,US,USD,USD,"NEW YORK STOCK EXCHANGE, INC.",2001-12-13,32490.049284467754,https://static2.finnhub.io/file/publicdatany/finnhubimage/stock_logo/CNC.png,494.0,Health Care,13026587581,https://www.centene.com/,492.02,,20260816,AADP,a28094b5133cfa3b416c4184ef3ca46c,67.47,1.43,67.615,65.85,66.165,66.04,2026-08-14 20:00:00,2026-08-14,2.1654,cadp_finnhub,-0.125,-0.18892163530567518,1.7650000000000006,2.680334092634777,0.14499999999999602,0.21491033051726105,1.6200000000000045,2.401067140951541,65.77,1.7000000000000028,2.5847650904667825
PLXS,Plexus Corp,US,USD,USD,NASDAQ NMS - GLOBAL MARKET,1986-02-05,7233.598436189616,https://static2.finnhub.io/file/publicdatany/finnhubimage/stock_logo/PLXS.png,26.76,Electrical Equipment,19209696000,https://www.plexus.com/en-us/,26.37,,20260816,AADP,a292ac33c3e5ef2987eaa3b92f6cf2e5,267.41,3.37,271.36,261.51,264.05,264.04,2026-08-14 20:00:00,2026-08-14,1.2763,cadp_finnhub,-0.009999999999990905,-0.0037871615224354875,9.850000000000023,3.7665863638101884,3.9499999999999886,1.4771324931752694,5.900000000000034,2.2063497999327,,,
MTUS,Metallus Inc,US,USD,USD,"NEW YORK STOCK EXCHANGE, INC.",2014-06-19,898.2059882034531,https://static2.finnhub.io/file/publicdatany/finnhubimage/stock_logo/TMST.png,41.63,Metals & Mining,13304717000,https://metallus.com/,35.63,,20260816,AADP,a2db892ed376c42ab1561ab4c7060722,21.81,0.3,21.99,21.5,21.59,21.51,2026-08-14 20:00:00,2026-08-14,1.3947,cadp_finnhub,-0.0799999999999983,-0.37054191755441546,0.48999999999999844,2.2790697674418534,0.17999999999999972,0.8253094910591459,0.3099999999999987,1.42136634571297,,,
DOV,Dover Corp,US,USD,USD,"NEW YORK STOCK EXCHANGE, INC.",1956-12-03,28435.03468357333,https://static2.finnhub.io/file/publicdatany/finnhubimage/stock_logo/DOV.png,134.68,Machinery,13026365400,https://www.dovercorporation.com/,132.97,,20260816,AADP,a2febe56acb090cdab5acf96d42456f8,207.07,0.41,208.1892,205.42,206.95,206.66,2026-08-14 20:00:00,2026-08-14,0.1984,cadp_finnhub,-0.28999999999999204,-0.140130466296203,2.769200000000012,1.3480673741602631,1.1192000000000064,0.5404935529048179,1.6500000000000057,0.7968319891824048,212.53,-5.460000000000008,-2.5690490754246493
LECO,Lincoln Electric Holdings Inc,US,USD,USD,NASDAQ NMS - GLOBAL MARKET,1993-10-27,15368.443270135738,https://static2.finnhub.io/file/publicdatany/finnhubimage/stock_logo/LECO.png,54.79,Machinery,12164818100,https://www.hf-wa.com/,53.65,,20260816,AADP,a314f307bf1e71d3b459d128d495aef7,286.87,2.24,287.33,281.0601,284.0,284.63,2026-08-14 20:00:00,2026-08-14,0.787,cadp_finnhub,0.6299999999999955,0.22183098591549133,6.269900000000007,2.2308040166498224,0.45999999999997954,0.16035137867325952,5.809900000000027,2.025272771638731,277.33,9.54000000000002,3.439945191648946
CBOE,Cboe Global Markets Inc,US,USD,USD,BATS EXCHANGE,2010-05-27,29927.84167255289,https://static2.finnhub.io/file/publicdatany/finnhubimage/stock_logo/CBOE.png,104.65,Financial Services,13127867200,https://www.cboe.com/,104.41,,20260816,AADP,a31656ba5c2e4ec5dc26c60c1fd70b54,296.14,3.06,296.92,292.35,296.88,293.08,2026-08-14 20:00:00,2026-08-14,1.0441,cadp_finnhub,-3.8000000000000114,-1.2799784424683411,4.569999999999993,1.5631948007525203,0.7800000000000296,0.2633889376646281,3.7899999999999636,1.2798000945498629,285.02,11.120000000000005,3.901480597852784
COHR,Coherent Corp,US,USD,USD,"NEW YORK STOCK EXCHANGE, INC.",1987-10-13,74172.73869670791,https://static2.finnhub.io/file/publicdatany/finnhubimage/stock_logo/IIVI.png,195.64,Electrical Equipment,17243524455,https://www.coherent.com/,186.75,,20260816,AADP,a316ad86f860ae77d0428bcdc0364882,325.83,-1.4,346.17,317.205,328.58,327.23,2026-08-14 20:00:00,2026-08-14,-0.4278,cadp_finnhub,-1.349999999999966,-0.4108588471604985,28.965000000000032,9.131318863195736,20.340000000000032,6.242519105054793,8.625,2.6470859036921093,383.35,-57.52000000000004,-15.004565018912231
DLB,Dolby Laboratories Inc,US,USD,USD,"NEW YORK STOCK EXCHANGE, INC.",2005-02-17,5785.921231507387,https://static2.finnhub.io/file/publicdatany/finnhubimage/stock_logo/DLB.png,94.6,Technology,14155580200,https://www.dolby.com/,58.48,,20260816,AADP,a3c55f3b206b761bef85bb5a43ddbffd,62.39,0.02,63.0,61.71,62.46,62.37,2026-08-14 20:00:00,2026-08-14,0.0321,cadp_finnhub,-0.09000000000000341,-0.14409221902017835,1.2899999999999991,2.090422946037918,0.6099999999999994,0.9777207885879139,0.6799999999999997,1.0899182561307899,62.1,0.28999999999999915,0.4669887278582917
BJ,BJ's Wholesale Club Holdings Inc,US,USD,USD,"NEW YORK STOCK EXCHANGE, INC.",2018-06-28,12319.91571022844,https://static2.finnhub.io/file/publicdatany/finnhubimage/stock_logo/BJ.png,127.69,Retail,13026587581,https://www.bjs.com/,126.83,,20260816,AADP,a3c7c52a6e3282c3d946dfebb60fed3a,93.41,-0.12,94.1,92.91,93.72,93.53,2026-08-14 20:00:00,2026-08-14,-0.1283,cadp_finnhub,-0.18999999999999773,-0.20273154075970734,1.1899999999999977,1.2808093854267546,0.6899999999999977,0.7386789422973962,0.5,0.5352745958676801,96.48,-3.0700000000000074,-3.1820066334991783
ROP,Roper Technologies Inc,US,USD,USD,NASDAQ NMS - GLOBAL MARKET,1992-02-13,39782.87412621576,https://static2.finnhub.io/file/publicdatany/finnhubimage/stock_logo/ROP.png,98.9,Technology,18668207754,https://www.ropertech.com/,98.51,,20260816,AADP,a3e8c2f46c5658d220bb8f5cb467215b,399.34,1.84,403.015,388.77,400.95,397.5,2026-08-14 20:00:00,2026-08-14,0.4629,cadp_finnhub,-3.4499999999999886,-0.8604564160119687,14.245000000000005,3.6641201738817313,3.6750000000000114,0.9202684429308389,10.569999999999993,2.646867331096307,402.25,-2.910000000000025,-0.7234307022995712
PCRX,Pacira Biosciences Inc,US,USD,USD,NASDAQ NMS - GLOBAL MARKET,2011-02-03,997.3443614284599,https://static2.finnhub.io/file/publicdatany/finnhubimage/stock_logo/PCRX.png,39.35,Pharmaceuticals,13026587581,https://www.pacira.com/,38.65,,20260816,AADP,a3f4a2738a2ce1accda30fcdc983865d,23.0,-0.18,23.37,22.79,23.21,23.18,2026-08-14 20:00:00,2026-08-14,-0.7765,cadp_finnhub,-0.030000000000001137,-0.12925463162430478,0.5800000000000018,2.5449758666081697,0.370000000000001,1.6086956521739173,0.21000000000000085,0.9130434782608733,,,
BX,Blackstone Inc,US,USD,USD,"NEW YORK STOCK EXCHANGE, INC.",2007-06-22,170564.08134080842,https://static2.finnhub.io/file/publicdatany/finnhubimage/stock_logo/BX.png,1196.48,Financial Services,12125835000,https://www.blackstone.com/,743.69,,20260816,AADP,a3fb5116f062b7f8dc288f1b1f0e3010,143.93,-5.39,149.5,143.825,149.45,149.32,2026-08-14 20:00:00,2026-08-14,-3.6097,cadp_finnhub,-0.12999999999999545,-0.08698561391769519,5.675000000000011,3.945767425690952,5.569999999999993,3.8699367748210887,0.10500000000001819,0.07295212950741206,137.13,6.800000000000011,4.958798220666529
BTSG,Brightspring Health Services Inc,US,USD,USD,NASDAQ NMS - GLOBAL MARKET,2024-01-26,12352.66339882772,https://static2.finnhub.io/file/publicdatany/finnhubimage/stock_logo/950578242396.png,197.28,Health Care,13026365400,https://www.brightspringhealth.com/,163.75,,20260816,AADP,a41553da3bf5bec3633f4f7f1bf9973e,61.71,1.48,61.88,59.1188,59.65,60.23,2026-08-14 20:00:00,2026-08-14,2.4572,cadp_finnhub,0.5799999999999983,0.9723386420787902,2.7612000000000023,4.670595478933947,0.1700000000000017,0.2754820936639146,2.5912000000000006,4.19899530059958,61.45,0.259999999999998,0.42310821806346294
ANF,Abercrombie & Fitch Co,US,USD,USD,"NEW YORK STOCK EXCHANGE, INC.",1996-09-26,5003.899251759776,https://static2.finnhub.io/file/publicdatany/finnhubimage/stock_logo/ANF.png,44.43,Retail,13026587581,https://www.abercrombie.com/,43.3,,20260816,AADP,a4416910881f20bd0af3ebe62a9d9e07,108.13,-0.69,109.66,106.19,109.22,108.82,2026-08-14 20:00:00,2026-08-14,-0.6341,cadp_finnhub,-0.4000000000000057,-0.3662332906061213,3.469999999999999,3.2677276579715593,1.5300000000000011,1.4149634698973468,1.9399999999999977,1.7941366873208155,112.03,-3.9000000000000057,-3.4812103900740925
CROX,Crocs Inc,US,USD,USD,NASDAQ NMS - GLOBAL MARKET,2006-02-08,6550.25592402668,https://static2.finnhub.io/file/publicdatany/finnhubimage/stock_logo/CROX.png,49.69,"Textiles, Apparel & Luxury Goods",13026587581,https://careers.crocs.com/,46.51,,20260816,AADP,a45da6e6a3cf3c54e7b96457a8932d42,131.72,-0.84,133.6247,130.24,131.63,132.56,2026-08-14 20:00:00,2026-08-14,-0.6337,cadp_finnhub,0.9300000000000068,0.7065258679632355,3.384699999999981,2.598817567567553,1.9046999999999912,1.4460218645611838,1.4799999999999898,1.1235955056179696,138.19,-6.469999999999999,-4.6819596208119245
SYNA,Synaptics Inc,US,USD,USD,NASDAQ NMS - GLOBAL MARKET,2002-01-29,4148.065447329383,https://static2.finnhub.io/file/publicdatany/finnhubimage/stock_logo/SYNA.png,39.06,Semiconductors,13026587581,https://www.synaptics.com/,38.33,,20260816,AADP,a48726fef3978694ff776a4afb4f0c9d,108.63,1.32,109.74,107.03,107.03,107.31,2026-08-14 20:00:00,2026-08-14,1.2301,cadp_finnhub,0.28000000000000114,0.26160889470242094,2.7099999999999937,2.5320003737269867,1.1099999999999994,1.0218171775752551,1.5999999999999943,1.4728896253336965,106.19,2.4399999999999977,2.297768151426686
INSP,Inspire Medical Systems Inc,US,USD,USD,"NEW YORK STOCK EXCHANGE, INC.",2018-05-03,1739.2481776220072,https://static2.finnhub.io/file/publicdatany/finnhubimage/stock_logo/INSP.png,28.81,Health Care,13026587581,https://www.inspiresleep.com/,28.45,,20260816,AADP,a556de9091223aa2fb05b9dbeebdd3ee,57.1,-1.1,58.11,56.97,58.11,58.2,2026-08-14 20:00:00,2026-08-14,-1.89,cadp_finnhub,0.09000000000000341,0.15487867836861713,1.1400000000000006,2.00105318588731,1.009999999999998,1.76882661996497,0.13000000000000256,0.22767075306480308,,,
PAYO,Payoneer Global Inc,US,USD,USD,NASDAQ NMS - GLOBAL MARKET,2020-10-16,2401.180263966244,https://static2.finnhub.io/file/publicdatany/finnhubimage/stock_logo/950799014506.png,338.19,Financial Services,12126009272,http://www.payoneer.com,313.83,,20260816,AADP,a579cbe3acd42122833fb7ce90f05d7d,7.13,-0.01,7.15,7.115,7.14,7.14,2026-08-14 20:00:00,2026-08-14,-0.1401,cadp_finnhub,,,0.03500000000000014,0.4919184820801144,0.020000000000000462,0.2805049088359111,0.01499999999999968,0.210378681626924,,,
CAKE,Cheesecake Factory Inc,US,USD,USD,NASDAQ NMS - GLOBAL MARKET,1992-09-18,5326.8754870892735,https://static2.finnhub.io/file/publicdatany/finnhubimage/stock_logo/CAKE.png,49.69,"Hotels, Restaurants & Leisure",18009279800,https://www.thecheesecakefactory.com/,45.94,,20260816,AADP,a61a437720fdb130aa89ddc99af78b9b,113.38,1.5,113.73,110.88,112.7,111.88,2026-08-14 20:00:00,2026-08-14,1.3407,cadp_finnhub,-0.8200000000000074,-0.7275953859804857,2.8500000000000085,2.570346320346328,0.3500000000000085,0.3086964191215457,2.5,2.2049744222967016,,,
NABL,N-Able Inc,US,USD,USD,"NEW YORK STOCK EXCHANGE, INC.",2021-07-09,940.0076739650925,https://static2.finnhub.io/file/publicdatany/finnhubimage/stock_logo/950811219356.png,188.38,Technology,13026587581,https://investors.n-able.com/overview/default.aspx,69.19,,20260816,AADP,a6256bf0a9ccfaa5958704a701130c24,3.44,-0.24,3.71,3.44,3.64,3.68,2026-08-14 20:00:00,2026-08-14,-6.5217,cadp_finnhub,0.040000000000000036,1.0989010989010999,0.27,7.848837209302325,0.27,7.848837209302325,,,,,
CTAS,Cintas Corp,US,USD,USD,NASDAQ NMS - GLOBAL MARKET,1983-01-01,81254.42582422335,https://static2.finnhub.io/file/publicdatany/finnhubimage/stock_logo/CTAS.png,400.17,Commercial Services & Supplies,15134591200,https://www.cintas.com/,340.26,,20260816,AADP,a6342dddd100cce1baf85283c190d4b4,199.52,-1.18,201.02,198.84,200.49,200.7,2026-08-14 20:00:00,2026-08-14,-0.5879,cadp_finnhub,0.20999999999997954,0.10474337872212057,2.180000000000007,1.0963588815127776,1.5,0.751804330392943,0.6800000000000068,0.34081796311147095,203.05,-3.530000000000001,-1.7384880571287866
CXW,CoreCivic Inc,US,USD,USD,"NEW YORK STOCK EXCHANGE, INC.",1986-10-02,3191.1307139019855,https://static2.finnhub.io/file/publicdatany/finnhubimage/stock_logo/942959122516.png,98.89,Commercial Services & Supplies,16152633000,https://www.corecivic.com/,95.43,,20260816,AADP,a696d7ee226a531160e901862e69f04f,32.82,1.22,33.06,31.56,31.56,31.6,2026-08-14 20:00:00,2026-08-14,3.8608,cadp_finnhub,0.0400000000000027,0.12674271229405165,1.5000000000000036,4.7528517110266275,0.240000000000002,0.7312614259597867,1.2600000000000016,3.8391224862888533,,,
ADNT,Adient PLC,IE,USD,USD,"NEW YORK STOCK EXCHANGE, INC.",2016-10-17,1497.2224388084878,https://static2.finnhub.io/file/publicdatany/finnhubimage/stock_logo/ADNT.png,78.41,Auto Components,17342545000,https://www.adient.com/,77.33,,20260816,AADP,a6c85e568ad77d0f99ea98cc54964d90,20.38,0.35,20.86,20.33,20.45,20.03,2026-08-14 20:00:00,2026-08-14,1.7474,cadp_finnhub,-0.41999999999999815,-2.0537897310513356,0.5300000000000011,2.6069847515986284,0.4800000000000004,2.3552502453385693,0.05000000000000071,0.2453385672227709,,,
VIRT,Virtu Financial Inc,US,USD,USD,"NEW YORK STOCK EXCHANGE, INC.",2015-04-16,9290.457004018182,https://static2.finnhub.io/file/publicdatany/finnhubimage/stock_logo/VIRT.png,155.09,Financial Services,12124180100,https://www.virtu.com/,82.42,,20260816,AADP,a6e32c28090b17872054c7974c23f8f7,60.02,2.82,60.32,56.63,57.42,57.2,2026-08-14 20:00:00,2026-08-14,4.9301,cadp_finnhub,-0.21999999999999886,-0.3831417624521053,3.6899999999999977,6.515980928836301,0.29999999999999716,0.4998333888703718,3.3900000000000006,5.648117294235256,,,
VNT,Vontier Corp,US,USD,USD,"NEW YORK STOCK EXCHANGE, INC.",2020-09-24,4523.904248,https://static2.finnhub.io/file/publicdatany/finnhubimage/stock_logo/VNT.png,140.8,Electrical Equipment,18009279800,https://www.vontier.com/,139.75,,20260816,AADP,a75d8e46ef55de3c54c2f5d4c2e22cb5,32.84,-0.24,33.35,32.84,33.22,33.08,2026-08-14 20:00:00,2026-08-14,-0.7255,cadp_finnhub,-0.14000000000000057,-0.42143287176399935,0.509999999999998,1.552984165651638,0.509999999999998,1.552984165651638,,,35.09,-2.25,-6.412083214591051
FANG,Diamondback Energy Inc,US,USD,USD,NASDAQ NMS - GLOBAL MARKET,2012-10-17,52655.78069922101,https://static2.finnhub.io/file/publicdatany/finnhubimage/stock_logo/FANG.png,281.31,Energy,14322217400,https://ir.diamondbackenergy.com/,205.22,,20260816,AADP,a787d1418ba97dfa6b0866ab4924194d,202.47,2.96,204.57,200.68,200.68,199.51,2026-08-14 20:00:00,2026-08-14,1.4836,cadp_finnhub,-1.170000000000016,-0.5830177396850786,3.8899999999999864,1.9384094080127496,2.0999999999999943,1.0371906949177627,1.789999999999992,0.884081592334663,198.97,3.5,1.759059154646429
AIZ,Assurant Inc,US,USD,USD,"NEW YORK STOCK EXCHANGE, INC.",2004-02-04,14346.518270100036,https://static2.finnhub.io/file/publicdatany/finnhubimage/stock_logo/AIZ.png,49.55,Insurance,17707631000,https://www.assurant.com/,49.18,,20260816,AADP,a7a34e9d7db4a98abdbf75facc510d70,,,,,,,,,,cadp_finnhub,,,,,,,,,,,
LOW,Lowe's Companies Inc,US,USD,USD,"NEW YORK STOCK EXCHANGE, INC.",1979-12-19,125233.92556225068,https://static2.finnhub.io/file/publicdatany/finnhubimage/stock_logo/LOW.png,560.71,Retail,17047581000,https://www.lowes.com/,559.99,,20260816,AADP,a7bf432b664f48fd2506c1e93c82c575,218.47,0.25,218.7,215.84,218.52,218.22,2026-08-14 20:00:00,2026-08-14,0.1146,cadp_finnhub,-0.30000000000001137,-0.1372872048325148,2.859999999999985,1.3250555967383177,0.22999999999998977,0.10527761248683562,2.6299999999999955,1.2038266123495196,222.9,-4.430000000000007,-1.9874383131449112
DTM,DT Midstream Inc,US,USD,USD,"NEW YORK STOCK EXCHANGE, INC.",2021-06-18,13408.890444613902,https://static2.finnhub.io/file/publicdatany/finnhubimage/stock_logo/950801624956.png,102.01,Energy,13134028532,https://dtmidstream.com/,101.43,,20260816,AADP,a7e760cec6406c716fd43cc66cb961e3,136.9,2.11,137.09,134.125,134.7,134.79,2026-08-14 20:00:00,2026-08-14,1.5654,cadp_finnhub,0.09000000000000341,0.06681514476614953,2.9650000000000034,2.2106244175209717,0.18999999999999773,0.1387874360847317,2.7750000000000057,2.0270270270270307,132.88,4.02000000000001,3.0252859723058476
NTCT,Netscout Systems Inc,US,USD,USD,NASDAQ NMS - GLOBAL MARKET,1999-08-12,2794.657169968602,https://static2.finnhub.io/file/publicdatany/finnhubimage/stock_logo/NTCT.png,72.7,Communications,19786144000,https://www.netscout.com/,69.24,,20260816,AADP,a7f1ab1aad860d40f5754a5e41972eb9,39.67,-0.05,40.0,39.42,39.71,39.72,2026-08-14 20:00:00,2026-08-14,-0.1259,cadp_finnhub,0.00999999999999801,0.02518257365902294,0.5799999999999983,1.4713343480466723,0.3299999999999983,0.8318628686664944,0.25,0.6301991429291656,,,
ITW,Illinois Tool Works Inc,US,USD,USD,"NEW YORK STOCK EXCHANGE, INC.",1973-03-13,85349.08915628077,https://static2.finnhub.io/file/publicdatany/finnhubimage/stock_logo/ITW.png,287.7,Machinery,13026587581,https://www.itw.com/,286.59,,20260816,AADP,a815dd5e7ba71570d11722b292855ad6,290.81,-0.17,291.015,288.1,290.11,290.98,2026-08-14 20:00:00,2026-08-14,-0.0584,cadp_finnhub,0.8700000000000045,0.29988625004308866,2.9149999999999636,1.0118014578271306,0.20499999999998408,0.07049276159691348,2.7099999999999795,0.9318799215982874,296.66,-5.850000000000023,-1.9719544259421635
EEFT,Euronet Worldwide Inc,US,USD,USD,NASDAQ NMS - GLOBAL MARKET,1997-03-07,2696.0511141349393,https://static2.finnhub.io/file/publicdatany/finnhubimage/stock_logo/EEFT.png,38.08,Financial Services,13026365400,https://www.euronetworldwide.com/,35.31,,20260816,AADP,a84a371d8808088933abf1f0a5a42c81,73.2,-1.03,74.99,72.385,73.59,74.23,2026-08-14 20:00:00,2026-08-14,-1.3876,cadp_finnhub,0.6400000000000006,0.8696833808941439,2.6049999999999898,3.5988119085445733,1.789999999999992,2.4453551912568194,0.8149999999999977,1.1133879781420732,72.08,1.1200000000000045,1.5538290788013382
GD,General Dynamics Corp,US,USD,USD,"NEW YORK STOCK EXCHANGE, INC.",1952-04-25,106071.94999756603,https://static2.finnhub.io/file/publicdatany/finnhubimage/stock_logo/GD.png,270.56,Aerospace & Defense,13026587581,https://www.gd.com,268.95,,20260816,AADP,a858bf0365d8b70dde7761009f681313,395.78,2.82,396.1607,392.6,394.28,392.96,2026-08-14 20:00:00,2026-08-14,0.7176,cadp_finnhub,-1.3199999999999932,-0.3347874606878343,3.560699999999997,0.9069536423841053,0.3807000000000471,0.09618980241549525,3.17999999999995,0.8034766789630478,389.63,6.149999999999977,1.5784205528321684
ENS,EnerSys,US,USD,USD,"NEW YORK STOCK EXCHANGE, INC.",2004-07-30,6989.367855176954,https://static2.finnhub.io/file/publicdatany/finnhubimage/stock_logo/ENS.png,36.46,Electrical Equipment,16102081600,https://www.enersys.com,35.99,,20260816,AADP,a8e9c8ace41cb1e8541f8581cbb7568e,203.4,6.02,208.74,194.43,196.0,197.38,2026-08-14 20:00:00,2026-08-14,3.05,cadp_finnhub,1.3799999999999955,0.7040816326530589,14.310000000000002,7.359975312451783,5.340000000000003,2.6253687315634235,8.969999999999999,4.410029498525073,191.72,11.680000000000007,6.092217817650744
SNDK,Sandisk Corp,US,USD,USD,NASDAQ NMS - GLOBAL MARKET,2025-02-13,179515.89073983187,https://static2.finnhub.io/file/publicdatany/finnhubimage/stock_logo/950906460416.png,148.09,Technology,14088011000,https://www.sandisk.com/,146.27,,20260816,AADP,a99a6b1d3080e943bcc93264347c6d80,1641.11,113.0,1667.19,1565.0,1646.93,1528.11,2026-08-14 20:00:00,2026-08-14,7.3948,cadp_finnhub,-118.82000000000016,-7.214635716150666,102.19000000000005,6.529712460063901,26.080000000000155,1.589168306816737,76.1099999999999,4.637714717477799,1232.47,408.6399999999999,33.15618230058337
Q,Qnity Electronics Inc,US,USD,USD,"NEW YORK STOCK EXCHANGE, INC.",2025-10-27,28870.77772140661,https://static2.finnhub.io/file/publicdatany/finnhubimage/stock_logo/950940770316.png,209.34,Semiconductors,13026587581,https://www.qnityelectronics.com/,209.18,,20260816,AADP,a9a1dd8d0e6bf253690ea879f206c898,142.3,-0.29,144.08,140.0,142.55,142.59,2026-08-14 20:00:00,2026-08-14,-0.2034,cadp_finnhub,0.03999999999999204,0.028060329708868497,4.0800000000000125,2.914285714285723,1.7800000000000011,1.250878425860858,2.3000000000000114,1.61630358397752,134.37,7.930000000000007,5.901614943811868
CTVA,Corteva Inc,US,USD,USD,"NEW YORK STOCK EXCHANGE, INC.",2019-05-24,51260.66784932435,https://static2.finnhub.io/file/publicdatany/finnhubimage/stock_logo/CTVA.png,668.82,Chemicals,13026587581,https://www.corteva.com,668.07,,20260816,AADP,a9da797ba62db141660ac50dd5e934ec,76.68,0.89,77.13,75.53,75.97,75.79,2026-08-14 20:00:00,2026-08-14,1.1743,cadp_finnhub,-0.1799999999999926,-0.23693563248649813,1.5999999999999943,2.1183635641466894,0.44999999999998863,0.5868544600938819,1.1500000000000057,1.4997391757955212,76.47,0.21000000000000796,0.27461749705768007
LH,Labcorp Holdings Inc,US,USD,USD,"NEW YORK STOCK EXCHANGE, INC.",1991-04-24,25884.686413145868,https://static2.finnhub.io/file/publicdatany/finnhubimage/stock_logo/950872209396.png,82.0,Health Care,13362291127,https://www.labcorp.com/,80.56,,20260816,AADP,a9db71eed489a510f409a84eb255ab92,318.13,-4.46,322.99,317.06,317.35,322.59,2026-08-14 20:00:00,2026-08-14,-1.3826,cadp_finnhub,5.239999999999952,1.6511737828895388,5.930000000000007,1.8703084589667591,4.860000000000014,1.527677364599382,1.0699999999999932,0.33634048973689784,319.17,-1.0400000000000205,-0.3258451608860546
ECHO,EchoStar Corp,US,USD,USD,NASDAQ NMS - GLOBAL MARKET,2007-12-31,26155.78191620499,https://static2.finnhub.io/file/publicdatany/finnhubimage/stock_logo/SATS.png,289.81,Media,13037231000,https://www.echostar.com/,137.68,,20260816,AADP,a9f519fa323162d8ade1d15b5677d177,91.89,0.21,93.0,90.88,91.96,91.68,2026-08-14 20:00:00,2026-08-14,0.2291,cadp_finnhub,-0.2799999999999869,-0.3044802087864147,2.1200000000000045,2.332746478873245,1.1099999999999994,1.2079660463597774,1.0100000000000051,1.0991402764174611,89.15,2.739999999999995,3.0734716769489565
PMT,PennyMac Mortgage Investment Trust,US,USD,USD,"NEW YORK STOCK EXCHANGE, INC.",2009-07-30,841.5028076820128,https://static2.finnhub.io/file/publicdatany/finnhubimage/stock_logo/950000550446.png,87.2,Real Estate,18182247442,https://www.pennymac.com/,86.16,,20260816,AADP,aa59f1f19e29639ca474a8fcd1ee277e,9.45,-0.04,9.635,9.45,9.49,9.49,2026-08-14 20:00:00,2026-08-14,-0.4215,cadp_finnhub,,,0.1850000000000005,1.957671957671963,0.1850000000000005,1.957671957671963,,,,,
MTRN,Materion Corp,US,USD,USD,"NEW YORK STOCK EXCHANGE, INC.",1980-03-17,6042.822141075793,https://static2.finnhub.io/file/publicdatany/finnhubimage/stock_logo/942959030806.png,20.8,Metals & Mining,12163834931,https://materion.com/,20.41,,20260816,AADP,aaa86aff01044387e739b51367ce6232,283.14,0.78,289.9991,279.71,280.76,282.36,2026-08-14 20:00:00,2026-08-14,0.2762,cadp_finnhub,1.6000000000000227,0.5698817495369792,10.289100000000019,3.678488434449973,6.859100000000012,2.422511831602745,3.430000000000007,1.2114148477784865,,,
PEN,Penumbra Inc,US,USD,USD,"NEW YORK STOCK EXCHANGE, INC.",2015-09-18,12788.169614681217,https://static2.finnhub.io/file/publicdatany/finnhubimage/stock_logo/PEN.png,39.33,Health Care,13025310855,https://www.penumbrainc.com/,38.17,,20260816,AADP,aab0df1a7a52d78e4452f902de267ea3,327.02,0.27,328.11,326.72,327.28,326.75,2026-08-14 20:00:00,2026-08-14,0.0826,cadp_finnhub,-0.5299999999999727,-0.1619408457589748,1.3899999999999864,0.4254407443682622,1.0900000000000318,0.33331294722036325,0.2999999999999545,0.09173750840925769,325.98,1.0399999999999636,0.3190379777900373
HAS,Hasbro Inc,US,USD,USD,NASDAQ NMS - GLOBAL MARKET,1968-10-10,13190.478635202093,https://static2.finnhub.io/file/publicdatany/finnhubimage/stock_logo/HAS.png,141.49,Leisure Products,14014318697,https://shop.hasbro.com/en-in,140.15,,20260816,AADP,aae8da868f2a2c2e3a357d0798407b90,96.7,0.0,98.07,96.23,97.1,96.7,2026-08-14 20:00:00,2026-08-14,0.0,cadp_finnhub,-0.3999999999999915,-0.4119464469618862,1.8399999999999892,1.912085628182468,1.3699999999999903,1.4167528438469392,0.46999999999999886,0.4860392967942077,94.49,2.210000000000008,2.3388718382897746
CBT,Cabot Corp,US,USD,USD,"NEW YORK STOCK EXCHANGE, INC.",1980-03-17,4523.909091696402,https://static2.finnhub.io/file/publicdatany/finnhubimage/stock_logo/CBT.png,51.62,Chemicals,13026365400,https://www.cabotcorp.com/,50.75,,20260816,AADP,aaeb2eba4cf6e7ee6fd7fa65b792c49c,87.88,1.61,87.91,85.84,85.84,86.27,2026-08-14 20:00:00,2026-08-14,1.8662,cadp_finnhub,0.4299999999999926,0.5009319664491991,2.069999999999993,2.411463187325248,0.030000000000001137,0.03413746017296443,2.039999999999992,2.321347291761484,87.62,0.2599999999999909,0.2967359050445
CSL,Carlisle Companies Inc,US,USD,USD,"NEW YORK STOCK EXCHANGE, INC.",1960-01-06,15388.829327959695,https://static2.finnhub.io/file/publicdatany/finnhubimage/stock_logo/CSL.png,40.47,Building,14807815000,https://www.carlisle.com/Home/default.aspx,39.24,,20260816,AADP,ab0b5028f37c1beb4b9fcc7791621dcc,370.04,-5.76,376.79,368.78,374.8,375.8,2026-08-14 20:00:00,2026-08-14,-1.5327,cadp_finnhub,1.0,0.26680896478121663,8.010000000000048,2.17202668257499,6.75,1.8241271213922816,1.2600000000000477,0.3405037293265722,387.49,-17.44999999999999,-4.5033420217295905
WDC,Western Digital Corp,US,USD,USD,NASDAQ NMS - GLOBAL MARKET,1980-03-17,183729.36,https://static2.finnhub.io/file/publicdatany/finnhubimage/stock_logo/WDC.png,344.68,Technology,13026365400,https://www.westerndigital.com/,342.77,,20260816,AADP,ab1dca40980dd488d1aa6cfa73d91514,508.8,21.51,516.35,487.1,503.5,487.29,2026-08-14 20:00:00,2026-08-14,4.4142,cadp_finnhub,-16.20999999999998,-3.219463753723929,29.25,6.004927119687949,7.550000000000011,1.4838836477987445,21.69999999999999,4.264937106918237,434.3,74.5,17.1540409854939
MIDD,Middleby Corp,US,USD,USD,NASDAQ NMS - GLOBAL MARKET,1987-08-10,6081.349738359094,https://static2.finnhub.io/file/publicdatany/finnhubimage/stock_logo/MIDD.png,45.21,Machinery,13026587581,https://www.middleby.com/,44.48,,20260816,AADP,aba9597cbc533863b9eba0541084fd4b,117.91,0.89,118.08,114.84,116.38,117.02,2026-08-14 20:00:00,2026-08-14,0.7606,cadp_finnhub,0.6400000000000006,0.5499226671249361,3.239999999999995,2.821316614420058,0.1700000000000017,0.14417776270036614,3.069999999999993,2.603680773471286,130.3,-12.390000000000015,-9.508825786646211
PFG,Principal Financial Group Inc,US,USD,USD,NASDAQ NMS - GLOBAL MARKET,2001-10-26,24279.467488338967,https://static2.finnhub.io/file/publicdatany/finnhubimage/stock_logo/PFG.png,214.1,Insurance,15152475111,https://www.principal.com/,211.54,,20260816,AADP,abb3628f030a2b43d0ab05675f2276fb,113.98,-0.95,115.4123,113.84,114.81,114.93,2026-08-14 20:00:00,2026-08-14,-0.8266,cadp_finnhub,0.12000000000000455,0.1045205121505135,1.5722999999999985,1.381148981026,1.432299999999998,1.256623969117387,0.14000000000000057,0.12282856641516104,113.4,0.5799999999999983,0.5114638447971765
BANR,Banner Corp,US,USD,USD,NASDAQ NMS - GLOBAL MARKET,1995-11-01,2401.7134504453115,https://static2.finnhub.io/file/publicdatany/finnhubimage/stock_logo/BANR.png,33.98,Banking,15095273636,https://investor.bannerbank.com/,33.11,,20260816,AADP,abb5f7885492e89a4a2567d60daffe5c,74.01,0.32,74.31,73.51,73.69,73.69,2026-08-14 20:00:00,2026-08-14,0.4343,cadp_finnhub,,,0.7999999999999972,1.0882873078492683,0.29999999999999716,0.40535062829347,0.5,0.6755843804891231,,,
VFC,VF Corp,US,USD,USD,"NEW YORK STOCK EXCHANGE, INC.",1951-03-19,5983.5077015981615,https://static2.finnhub.io/file/publicdatany/finnhubimage/stock_logo/VFC.png,393.13,"Textiles, Apparel & Luxury Goods",17207784000,https://www.vfc.com/,389.22,,20260816,AADP,abbd46b4fd1efcc3d418e0df2c43ddf1,14.87,0.13,14.91,14.65,14.7,14.74,2026-08-14 20:00:00,2026-08-14,0.882,cadp_finnhub,0.040000000000000924,0.27210884353742126,0.2599999999999998,1.7747440273037527,0.040000000000000924,0.2689979825151374,0.21999999999999886,1.4794889038332137,14.99,-0.120000000000001,-0.8005336891260907
LEA,Lear Corp,US,USD,USD,"NEW YORK STOCK EXCHANGE, INC.",1994-04-06,6059.05413342526,https://static2.finnhub.io/file/publicdatany/finnhubimage/stock_logo/LEA.png,50.1,Auto Components,12484471500,https://www.lear.com/,49.88,,20260816,AADP,ac1fb644a4041825deb27219a0d839d1,124.95,2.31,125.2,121.87,122.52,122.64,2026-08-14 20:00:00,2026-08-14,1.8836,cadp_finnhub,0.12000000000000455,0.09794319294809382,3.3299999999999983,2.732419791581192,0.25,0.20008003201280514,3.0799999999999983,2.4649859943977575,122.49,2.460000000000008,2.008327210384528
COIN,Coinbase Global Inc,US,USD,USD,NASDAQ NMS - GLOBAL MARKET,2021-04-15,40525.3632,https://static2.finnhub.io/file/publicdatany/finnhubimage/stock_logo/COIN.png,263.46,Financial Services,13026365401,https://www.coinbase.com,219.7,,20260816,AADP,ac732912e8f808a01c44f87450d09974,148.47,-5.43,152.59,147.86,151.42,153.9,2026-08-14 20:00:00,2026-08-14,-3.5283,cadp_finnhub,2.480000000000018,1.6378285563333896,4.72999999999999,3.198972000541045,4.1200000000000045,2.7749713746884925,0.6099999999999852,0.4108574122718295,151.04,-2.569999999999993,-1.701536016949148
STBA,S&T Bancorp Inc,US,USD,USD,NASDAQ NMS - GLOBAL MARKET,1992-04-21,1793.9274672681508,https://static2.finnhub.io/file/publicdatany/finnhubimage/stock_logo/942959078256.png,35.26,Banking,17244272347,https://www.stbancorp.com/,34.69,,20260816,AADP,ac74a46fffda938b01dbe232481cd589,51.14,-0.42,51.6,51.08,51.28,51.56,2026-08-14 20:00:00,2026-08-14,-0.8146,cadp_finnhub,0.28000000000000114,0.5460218408736371,0.5200000000000031,1.0180109631949943,0.46000000000000085,0.8994915917090358,0.060000000000002274,0.11732499022292192,,,
HUBG,Hub Group Inc,US,USD,USD,NASDAQ NMS - GLOBAL MARKET,1996-03-13,2923.137684633355,https://static2.finnhub.io/file/publicdatany/finnhubimage/stock_logo/HUBG.png,61.15,Logistics & Transportation,16302713653,https://www.hubgroup.com/,58.79,,20260816,AADP,acd127d8453a2a54d7285d16d14bf3a7,40.3,-1.35,42.235,40.08,41.28,41.65,2026-08-14 20:00:00,2026-08-14,-3.2413,cadp_finnhub,0.36999999999999744,0.8963178294573582,2.155000000000001,5.376746506986032,1.9350000000000023,4.801488833746904,0.21999999999999886,0.545905707196027,,,
KO,Coca-Cola Co,US,USD,USD,"NEW YORK STOCK EXCHANGE, INC.",1950-01-26,374536.8689075055,https://static2.finnhub.io/file/publicdatany/finnhubimage/stock_logo/KO.png,4302.55,Beverages,13026587581,https://www.coca-colacompany.com/,3875.78,,20260816,AADP,acfb5e7b4a270324e1d4fd27b668e5ca,87.71,0.29,87.97,87.2,87.3,87.42,2026-08-14 20:00:00,2026-08-14,0.3317,cadp_finnhub,0.12000000000000455,0.13745704467354472,0.769999999999996,0.8830275229357751,0.2600000000000051,0.2964314217307093,0.5099999999999909,0.5814616349332926,87.05,0.6599999999999966,0.7581849511774803
WAL,Western Alliance Bancorp,US,USD,USD,"NEW YORK STOCK EXCHANGE, INC.",2005-06-30,8872.5,https://static2.finnhub.io/file/publicdatany/finnhubimage/stock_logo/WAL.png,109.2,Banking,16023893500,https://www.westernalliancebancorporation.com/,106.23,,20260816,AADP,ad2bdef92ce74449b0ba64ac0ed68af6,82.32,0.58,82.68,81.64,81.64,81.74,2026-08-14 20:00:00,2026-08-14,0.7096,cadp_finnhub,0.09999999999999432,0.12248897599215375,1.0400000000000063,1.273885350318479,0.36000000000001364,0.43731778425657636,0.6799999999999926,0.8260447035957151,81.84,0.47999999999998977,0.5865102639296063
HIG,Hartford Insurance Group Inc,US,USD,USD,"NEW YORK STOCK EXCHANGE, INC.",1985-12-09,38810.5400142512,https://static2.finnhub.io/file/publicdatany/finnhubimage/stock_logo/HIG.png,270.87,Insurance,18605475000,https://www.thehartford.com/,269.8,,20260816,AADP,ad881bbfa6509fd1ed621b6387da544e,138.02,0.21,138.525,136.71,137.57,137.81,2026-08-14 20:00:00,2026-08-14,0.1524,cadp_finnhub,0.2400000000000091,0.17445664025587637,1.8149999999999977,1.327627825323676,0.5049999999999955,0.36588900159396853,1.3100000000000023,0.9491378061150574,143.45,-5.429999999999978,-3.785291042174959
CTSH,Cognizant Technology Solutions Corp,US,USD,USD,NASDAQ NMS - GLOBAL MARKET,1998-06-24,25977.117535047288,https://static2.finnhub.io/file/publicdatany/finnhubimage/stock_logo/CTSH.png,450.44,Technology,12018010233,https://www.cognizant.com/,449.79,,20260816,AADP,adad8a9a2089f02b9e45a5532c06cc95,58.79,-0.5,60.09,57.695,60.09,59.29,2026-08-14 20:00:00,2026-08-14,-0.8433,cadp_finnhub,-0.8000000000000043,-1.3313363288400804,2.395000000000003,4.15113961348471,1.3000000000000043,2.211260418438517,1.0949999999999989,1.8625616601462816,57.67,1.1199999999999974,1.942084272585395
AAT,American Assets Trust Inc,US,USD,USD,"NEW YORK STOCK EXCHANGE, INC.",2011-01-13,1401.8582104049733,https://static2.finnhub.io/file/publicdatany/finnhubimage/stock_logo/942962421316.png,61.4,Real Estate,18583502600,https://www.americanassetstrust.com/,60.3,,20260816,AADP,adddacf2fd3347c35ab3040e9011a14e,22.77,-0.19,23.155,22.69,22.9,22.96,2026-08-14 20:00:00,2026-08-14,-0.8275,cadp_finnhub,0.060000000000002274,0.2620087336244641,0.46499999999999986,2.0493609519612157,0.38500000000000156,1.6908212560386542,0.0799999999999983,0.3513394817742569,,,
SONO,Sonos Inc,US,USD,USD,NASDAQ NMS - GLOBAL MARKET,2018-08-02,1850.1177591300973,https://static2.finnhub.io/file/publicdatany/finnhubimage/stock_logo/SONO.png,118.29,Consumer products,13026587581,https://www.sonos.com/,115.95,,20260816,AADP,ae0177f1c7a7119e822fc17ffb7e0b21,16.31,-0.28,17.01,16.29,16.83,16.59,2026-08-14 20:00:00,2026-08-14,-1.6878,cadp_finnhub,-0.23999999999999844,-1.426024955436711,0.7200000000000024,4.419889502762446,0.7000000000000028,4.29184549356225,0.019999999999999574,0.1226241569589183,,,
URI,United Rentals Inc,US,USD,USD,"NEW YORK STOCK EXCHANGE, INC.",1997-12-18,72941.66362853299,https://static2.finnhub.io/file/publicdatany/finnhubimage/stock_logo/URI.png,62.24,Trading Companies & Distributors,12036223131,https://www.unitedrentals.com/,61.96,,20260816,AADP,ae29c1d078ae35ce9bee05e33626b872,1153.83,33.25,1161.275,1119.79,1123.36,1120.58,2026-08-14 20:00:00,2026-08-14,2.9672,cadp_finnhub,-2.7799999999999727,-0.2474718701039714,41.48500000000013,3.7047124907348814,7.445000000000164,0.6452423667264817,34.039999999999964,2.9501746357782315,1162.84,-9.009999999999991,-0.7748271473289525
GEF,Greif Inc,US,USD,USD,"NEW YORK STOCK EXCHANGE, INC.",2002-10-07,4557.661872461538,https://static2.finnhub.io/file/publicdatany/finnhubimage/stock_logo/GEF.png,46.17,Packaging,13026365400,https://www.greif.com/,23.91,,20260816,AADP,ae5d970db6b264bdb1ab7cc9259891d6,87.35,-1.21,88.68,87.15,88.2,88.56,2026-08-14 20:00:00,2026-08-14,-1.3663,cadp_finnhub,0.35999999999999943,0.4081632653061218,1.5300000000000011,1.755593803786576,1.3300000000000125,1.5226101888952634,0.19999999999998863,0.2289639381797237,87.41,-0.060000000000002274,-0.06864203180414401
PSKY,Paramount Skydance Corp,US,USD,USD,NASDAQ NMS - GLOBAL MARKET,2025-08-07,10315.277386858721,https://static2.finnhub.io/file/publicdatany/finnhubimage/stock_logo/PARA.png,1119.17,Media,12122586000,https://www.paramount.com/,528.23,,20260816,AADP,ae71349aadf90b02a3d1d5030433fcbf,10.14,0.17,10.32,9.97,9.99,9.97,2026-08-14 20:00:00,2026-08-14,1.7051,cadp_finnhub,-0.019999999999999574,-0.20020020020019594,0.34999999999999964,3.5105315947843487,0.17999999999999972,1.7751479289940801,0.16999999999999993,1.676528599605522,9.27,0.870000000000001,9.385113268608425
GT,Goodyear Tire & Rubber Co,US,USD,USD,NASDAQ NMS - GLOBAL MARKET,1927-08-05,1851.1048345502961,https://static2.finnhub.io/file/publicdatany/finnhubimage/stock_logo/GT.png,287.44,Auto Components,13307962121,https://www.goodyear.com/,275.56,,20260816,AADP,ae75b55da056bfa621f661ef9c11c2c2,6.11,-0.07,6.21,6.065,6.14,6.18,2026-08-14 20:00:00,2026-08-14,-1.1327,cadp_finnhub,0.040000000000000036,0.6514657980456032,0.14499999999999957,2.3907666941467363,0.09999999999999964,1.6366612111292904,0.04499999999999993,0.7364975450081821,,,
WFC,Wells Fargo & Co,US,USD,USD,"NEW YORK STOCK EXCHANGE, INC.",1962-12-10,258340.26,https://static2.finnhub.io/file/publicdatany/finnhubimage/stock_logo/WFC.png,3024.0,Banking,18008693557,https://www.wellsfargo.com,3019.77,,20260816,AADP,ae9db8efbea88a9b44fd3e155dac88d5,88.82,0.71,88.835,87.76,88.07,88.11,2026-08-14 20:00:00,2026-08-14,0.8058,cadp_finnhub,0.04000000000000625,0.045418417168168794,1.0749999999999886,1.2249316317228676,0.015000000000000568,0.01688808826840866,1.059999999999988,1.1934249043008198,86.94,1.8799999999999955,2.162410858063027
JBHT,J B Hunt Transport Services Inc,US,USD,USD,NASDAQ NMS - GLOBAL MARKET,1983-01-01,25218.03965664793,https://static2.finnhub.io/file/publicdatany/finnhubimage/stock_logo/JBHT.png,93.91,Road & Rail,14798200000,https://www.jbhunt.com/,73.49,,20260816,AADP,aeb53d8872a80ed72ba330fba73dd782,279.71,-2.61,285.71,278.82,279.87,282.32,2026-08-14 20:00:00,2026-08-14,-0.9245,cadp_finnhub,2.4499999999999886,0.8754064387036797,6.889999999999986,2.471128326518896,6.0,2.1450788316470635,0.8899999999999864,0.31818669336097616,268.52,11.189999999999998,4.167287352897363
WRB,W. R. Berkley Corp,US,USD,USD,"NEW YORK STOCK EXCHANGE, INC.",1973-10-19,27228.24,https://static2.finnhub.io/file/publicdatany/finnhubimage/stock_logo/WRB.png,371.06,Insurance,12036293000,https://www.berkley.com,273.23,,20260816,AADP,aed9f0b9d4c03030df8255ef15366220,70.51,0.04,70.7,70.05,70.38,70.47,2026-08-14 20:00:00,2026-08-14,0.0568,cadp_finnhub,0.09000000000000341,0.12787723785166724,0.6500000000000057,0.9279086366880881,0.18999999999999773,0.26946532406750495,0.46000000000000796,0.6523897319529257,71.6,-1.0899999999999892,-1.522346368715069
HBAN,Huntington Bancshares Inc,US,USD,USD,NASDAQ NMS - GLOBAL MARKET,1980-03-17,35458.2830397235,https://static2.finnhub.io/file/publicdatany/finnhubimage/stock_logo/HBAN.png,2020.41,Banking,16144802265,https://www.huntington.com/,2003.55,,20260816,AADP,aef07d72b479b08f450bbc0a185c3c3f,17.91,0.14,17.94,17.711,17.78,17.77,2026-08-14 20:00:00,2026-08-14,0.7878,cadp_finnhub,-0.010000000000001563,-0.056242969628805185,0.22900000000000276,1.2929817627463316,0.030000000000001137,0.1675041876046965,0.19900000000000162,1.1111111111111203,17.49,0.4200000000000017,2.4013722126929773
ENR,Energizer Holdings Inc,US,USD,USD,"NEW YORK STOCK EXCHANGE, INC.",2015-06-12,1545.6758788616526,https://static2.finnhub.io/file/publicdatany/finnhubimage/stock_logo/ENR.png,68.47,Consumer products,13149852000,https://www.energizerholdings.com/,59.59,,20260816,AADP,af098bee0bf4c1e8b991fb57bda7d7cb,22.76,0.09,23.03,22.465,22.6,22.67,2026-08-14 20:00:00,2026-08-14,0.397,cadp_finnhub,0.07000000000000028,0.30973451327433754,0.5650000000000013,2.5150233696861846,0.2699999999999996,1.1862917398945498,0.2950000000000017,1.2961335676625734,,,
RGA,Reinsurance Group of America Inc,US,USD,USD,"NEW YORK STOCK EXCHANGE, INC.",1993-05-03,16137.85670947137,https://static2.finnhub.io/file/publicdatany/finnhubimage/stock_logo/RGA.png,65.51,Insurance,16367367000,https://www.rgare.com/,65.31,,20260816,AADP,af17ec0913d9b66b589aeb0e41550931,249.45,-0.93,251.0,242.1835,250.25,250.38,2026-08-14 20:00:00,2026-08-14,-0.3714,cadp_finnhub,0.12999999999999545,0.05194805194805013,8.81649999999999,3.6404214159924146,1.5500000000000114,0.6213670074163206,7.266499999999979,2.9130086189617077,245.69,3.759999999999991,1.5303838170051653
FTNT,Fortinet Inc,US,USD,USD,NASDAQ NMS - GLOBAL MARKET,2009-11-18,117130.04322985295,https://static2.finnhub.io/file/publicdatany/finnhubimage/stock_logo/FTNT.png,732.65,Technology,13026365400,https://www.fortinet.com/,606.3,,20260816,AADP,af5a198e179bf7d2abf5929b954f1d1d,160.01,-5.43,165.75,159.1041,165.75,165.44,2026-08-14 20:00:00,2026-08-14,-3.2822,cadp_finnhub,-0.3100000000000023,-0.1870286576168943,6.645900000000012,4.177076517827015,5.740000000000009,3.587275795262802,0.9059000000000026,0.5661521154927833,159.64,0.37000000000000455,0.23177148584314994
EIX,Edison International,US,USD,USD,"NEW YORK STOCK EXCHANGE, INC.",1926-05-27,26405.935585836087,https://static2.finnhub.io/file/publicdatany/finnhubimage/stock_logo/EIX.png,384.79,Utilities,16263022222,https://www.edison.com/,383.78,,20260816,AADP,af89d8c6bcba337d5e6d3998267ce42a,71.41,0.73,71.56,70.495,70.52,70.68,2026-08-14 20:00:00,2026-08-14,1.0328,cadp_finnhub,0.1600000000000108,0.2268859897901458,1.0649999999999977,1.5107454429392122,0.15000000000000568,0.21005461419969987,0.914999999999992,1.2813331466181097,68.62,2.789999999999992,4.0658700087437945
AX,Axos Financial Inc,US,USD,USD,"NEW YORK STOCK EXCHANGE, INC.",2005-03-15,5690.738824716138,https://static2.finnhub.io/file/publicdatany/finnhubimage/stock_logo/AX.png,56.88,Banking,13026744089,https://investors.axosfinancial.com/corporate-profile/,53.91,,20260816,AADP,af96bd3b9ed799334535ef7bb2b0c28a,102.16,1.35,102.7999,100.66,100.66,100.81,2026-08-14 20:00:00,2026-08-14,1.3392,cadp_finnhub,0.15000000000000568,0.1490164911583605,2.1398999999999972,2.1258692628650877,0.6398999999999972,0.626370399373529,1.5,1.4682850430696945,,,
PK,Park Hotels & Resorts Inc,US,USD,USD,"NEW YORK STOCK EXCHANGE, INC.",2016-12-13,2972.100714171428,https://static2.finnhub.io/file/publicdatany/finnhubimage/stock_logo/942959041736.png,201.36,Real Estate,15713025757,https://www.pkhotelsandresorts.com/,191.17,,20260816,AADP,afa5ea4bb26527f347acd3ba048b2662,15.13,0.1,15.325,15.035,15.05,15.03,2026-08-14 20:00:00,2026-08-14,0.6653,cadp_finnhub,-0.02000000000000135,-0.13289036544851396,0.28999999999999915,1.928832723644823,0.1949999999999985,1.288830138797082,0.09500000000000064,0.6278916060806387,14.76,0.370000000000001,2.5067750677506844
FLR,Fluor Corp,US,USD,USD,"NEW YORK STOCK EXCHANGE, INC.",1980-03-17,7961.183807753846,https://static2.finnhub.io/file/publicdatany/finnhubimage/stock_logo/FLR.png,139.67,Construction,14693987000,https://www.fluor.com/,136.43,,20260816,AADP,afd285cf200c50d00f95e698ae055884,52.37,0.04,53.45,51.95,52.14,52.33,2026-08-14 20:00:00,2026-08-14,0.0764,cadp_finnhub,0.18999999999999773,0.3644035289604866,1.5,2.8873917228103942,1.0800000000000054,2.0622493794157064,0.4199999999999946,0.8019858697727604,57.0,-4.630000000000003,-8.122807017543863
KRMN,Karman Holdings Inc,US,USD,USD,"NEW YORK STOCK EXCHANGE, INC.",2025-02-13,7717.005833329162,https://static2.finnhub.io/file/publicdatany/finnhubimage/stock_logo/950833429776.png,132.53,Aerospace & Defense,13026587581,https://www.Karman-SD.com,106.81,,20260816,AADP,afd4ca34a6c0f81987772aab6a1ce203,62.01,1.51,62.56,60.92,61.09,60.5,2026-08-14 20:00:00,2026-08-14,2.4959,cadp_finnhub,-0.5900000000000034,-0.965788181371752,1.6400000000000006,2.692055154300723,0.5500000000000043,0.8869537171424033,1.0899999999999963,1.757781003064016,,,
TJX,TJX Companies Inc,US,USD,USD,"NEW YORK STOCK EXCHANGE, INC.",1965-11-17,178255.11023420957,https://static2.finnhub.io/file/publicdatany/finnhubimage/stock_logo/TJX.png,1104.7,Retail,13026587581,https://www.tjx.com/,1102.97,,20260816,AADP,b0a870995d479aa773e24f40462ddd09,152.11,-1.7,153.57,151.7133,153.21,153.81,2026-08-14 20:00:00,2026-08-14,-1.1053,cadp_finnhub,0.5999999999999943,0.39161934599568843,1.8566999999999894,1.2238215107047237,1.4599999999999795,0.9598317007428698,0.3967000000000098,0.2607981066333639,161.36,-9.25,-5.732523549826475
SITM,SiTime Corp,US,USD,USD,NASDAQ NMS - GLOBAL MARKET,2019-11-21,19145.091192409833,https://static2.finnhub.io/file/publicdatany/finnhubimage/stock_logo/942962265836.png,26.4,Semiconductors,14083284400,https://www.sitime.com/,23.07,,20260816,AADP,b0b7901b9df5eb361c435512b7feee39,711.91,23.98,715.72,685.565,690.0,687.93,2026-08-14 20:00:00,2026-08-14,3.4858,cadp_finnhub,-2.07000000000005,-0.30000000000000726,30.154999999999973,4.39856177021872,3.810000000000059,0.5351800087089744,26.344999999999914,3.7006082229495183,729.53,-17.620000000000005,-2.4152536564637512
OKTA,Okta Inc,US,USD,USD,NASDAQ NMS - GLOBAL MARKET,2017-04-07,25779.106545253155,https://static2.finnhub.io/file/publicdatany/finnhubimage/stock_logo/OKTA.png,173.81,Technology,13025310855,https://www.okta.com/,165.16,,20260816,AADP,b0c85420b0b95f64b92793e1d5b50ca6,147.43,-7.52,156.39,146.81,156.18,154.95,2026-08-14 20:00:00,2026-08-14,-4.8532,cadp_finnhub,-1.2300000000000182,-0.7875528236650134,9.579999999999984,6.525441046250245,8.95999999999998,6.077460489723922,0.6200000000000045,0.4205385606728647,148.32,-0.8899999999999864,-0.6000539374325691
ACIW,ACI Worldwide Inc,US,USD,USD,NASDAQ NMS - GLOBAL MARKET,1993-11-02,5456.176458595437,https://static2.finnhub.io/file/publicdatany/finnhubimage/stock_logo/ACIW.png,101.66,Technology,12394034600,https://www.aciworldwide.com/,100.38,,20260816,AADP,b1881c5825d4954f95d4424bacb159cb,53.44,-0.22,54.13,52.4901,53.96,53.66,2026-08-14 20:00:00,2026-08-14,-0.41,cadp_finnhub,-0.30000000000000426,-0.5559673832468575,1.6399000000000044,3.124208184019471,0.6900000000000048,1.2911676646706678,0.9498999999999995,1.7775074850299393,,,
SF,Stifel Financial Corp,US,USD,USD,"NEW YORK STOCK EXCHANGE, INC.",1983-07-19,12595.530292978296,https://static2.finnhub.io/file/publicdatany/finnhubimage/stock_logo/SF.png,151.59,Financial Services,13026587581,https://www.stifel.com/,146.46,,20260816,AADP,b1c5912f2a21c24b4c9145c2781162fa,85.62,-0.06,86.19,85.225,85.77,85.68,2026-08-14 20:00:00,2026-08-14,-0.07,cadp_finnhub,-0.0899999999999892,-0.10493179433367052,0.9650000000000034,1.1322968612496374,0.5699999999999932,0.6657323055360818,0.39500000000001023,0.4613408082223899,83.68,1.9399999999999977,2.31835564053537
APLE,Apple Hospitality REIT Inc,US,USD,USD,"NEW YORK STOCK EXCHANGE, INC.",2015-05-18,3819.8180738574106,https://static2.finnhub.io/file/publicdatany/finnhubimage/stock_logo/942977121826.png,236.07,Real Estate,18043448121,https://applehospitalityreit.com/,214.12,,20260816,AADP,b2135e1a1473a5bb3f30a0da2aa7a65d,16.07,0.2,16.1,15.8355,15.87,15.87,2026-08-14 20:00:00,2026-08-14,1.2602,cadp_finnhub,,,0.26450000000000173,1.6702977487291322,0.030000000000001137,0.18668326073429456,0.2345000000000006,1.459240821406351,,,
HCC,Warrior Met Coal Inc,US,USD,USD,"NEW YORK STOCK EXCHANGE, INC.",2016-12-29,4856.207986605334,https://static2.finnhub.io/file/publicdatany/finnhubimage/stock_logo/HCC.png,52.8,Metals & Mining,12055546150,https://warriormetcoal.com/,51.73,,20260816,AADP,b23089a753573c904c0f5cd1fa9014a5,98.2,3.82,99.0,95.58,95.63,94.38,2026-08-14 20:00:00,2026-08-14,4.0475,cadp_finnhub,-1.25,-1.3071211962773188,3.4200000000000017,3.5781544256120545,0.7999999999999972,0.8146639511201601,2.6200000000000045,2.668024439918538,,,
NSSC,NAPCO Security Technologies Inc,US,USD,USD,NASDAQ NMS - GLOBAL MARKET,1981-12-29,1477.6825875268814,https://static2.finnhub.io/file/publicdatany/finnhubimage/stock_logo/942959072506.png,35.73,Electrical Equipment,16318429400,https://www.napcosecurity.com/,33.97,,20260816,AADP,b26a6a98f7fc562a4e4f698b1ae7f2da,38.32,0.06,38.465,37.86,38.3,38.26,2026-08-14 20:00:00,2026-08-14,0.1568,cadp_finnhub,-0.03999999999999915,-0.10443864229764792,0.605000000000004,1.5979926043317592,0.14500000000000313,0.37839248434238815,0.46000000000000085,1.200417536534449,,,
AON,Aon PLC,IE,USD,USD,"NEW YORK STOCK EXCHANGE, INC.",1980-06-02,76004.54604986058,https://static2.finnhub.io/file/publicdatany/finnhubimage/stock_logo/AON.png,212.13,Insurance,35312666000,https://www.aon.com/,209.95,,20260816,AADP,b2877af05889880d5051ded64f0965dd,,,,,,,,,,cadp_finnhub,,,,,,,,,,,
PRI,Primerica Inc,US,USD,USD,"NEW YORK STOCK EXCHANGE, INC.",2010-04-01,10021.916488795134,https://static2.finnhub.io/file/publicdatany/finnhubimage/stock_logo/PRI.png,31.18,Insurance,13026587581,https://www.primerica.com/public/,31.01,,20260816,AADP,b2a0a2a23ec73cab6c391f75b63ed9ba,313.69,1.01,314.42,311.22,313.02,312.68,2026-08-14 20:00:00,2026-08-14,0.323,cadp_finnhub,-0.339999999999975,-0.10861925755541978,3.1999999999999886,1.0282115545273403,0.7300000000000182,0.23271382575154395,2.4699999999999704,0.7874015748031402,322.39,-8.699999999999989,-2.698594869567911
CE,Celanese Corp,US,USD,USD,"NEW YORK STOCK EXCHANGE, INC.",2005-01-21,4816.880703972696,https://static2.finnhub.io/file/publicdatany/finnhubimage/stock_logo/CE.png,109.66,Chemicals,13023513367,https://www.celanese.com/,109.26,,20260816,AADP,b32a84357525733b6665508f58665ae8,45.66,1.36,45.86,44.3301,44.69,44.3,2026-08-14 20:00:00,2026-08-14,3.07,cadp_finnhub,-0.39000000000000057,-0.8726784515551591,1.5298999999999978,3.4511539563411713,0.20000000000000284,0.43802014892685687,1.329899999999995,2.9126149802890824,,,
PODD,Insulet Corp,US,USD,USD,NASDAQ NMS - GLOBAL MARKET,2007-05-15,9790.731871818018,https://static2.finnhub.io/file/publicdatany/finnhubimage/stock_logo/PODD.png,69.26,Health Care,18668207754,https://www.omnipod.com,69.02,,20260816,AADP,b33f0aa769cbac3eed58ec17773b681f,143.34,-3.1,147.1707,143.02,146.98,146.44,2026-08-14 20:00:00,2026-08-14,-2.1169,cadp_finnhub,-0.539999999999992,-0.36739692475166147,4.1507000000000005,2.9021815130750945,3.8307000000000073,2.6724570950188413,0.3199999999999932,0.22324543044509082,140.61,2.7299999999999898,1.941540430979297
TOST,Toast Inc,US,USD,USD,"NEW YORK STOCK EXCHANGE, INC.",2021-09-22,20032.880704099076,https://static2.finnhub.io/file/publicdatany/finnhubimage/stock_logo/TOST.png,580.0,Financial Services,13023513367,https://pos.toasttab.com/,485.47,,20260816,AADP,b3ad73bd0fdf286aaaf1deae14b42c03,34.75,-0.47,35.3,34.39,35.25,35.22,2026-08-14 20:00:00,2026-08-14,-1.3345,cadp_finnhub,-0.030000000000001137,-0.08510638297872664,0.9099999999999966,2.6461180575748666,0.5499999999999972,1.582733812949632,0.35999999999999943,1.0359712230215812,34.48,0.2700000000000031,0.78306264501161
SMPL,Simply Good Foods Co,US,USD,USD,NASDAQ NMS - GLOBAL MARKET,2017-07-10,981.9120935720681,https://static2.finnhub.io/file/publicdatany/finnhubimage/stock_logo/SMPL.png,88.46,Food Products,13026365400,https://www.thesimplygoodfoodscompany.com/,80.28,,20260816,AADP,b3bec65bcccf81b121bf1b9c13a1f9c0,11.31,0.13,11.395,10.95,11.09,11.18,2026-08-14 20:00:00,2026-08-14,1.1628,cadp_finnhub,0.08999999999999986,0.8115419296663648,0.4450000000000003,4.063926940639273,0.08499999999999908,0.751547303271433,0.3600000000000012,3.1830238726790556,,,
CFFN,Capitol Federal Financial Inc,US,USD,USD,NASDAQ NMS - GLOBAL MARKET,1999-04-01,1125.7160511857621,https://static2.finnhub.io/file/publicdatany/finnhubimage/stock_logo/CFFN.png,125.71,Banking,17852351341,https://ir.capfed.com/,115.38,,20260816,AADP,b3d65b4e61c4e6274a283ef508380595,8.73,-0.11,8.895,8.72,8.85,8.84,2026-08-14 20:00:00,2026-08-14,-1.2443,cadp_finnhub,-0.009999999999999787,-0.11299435028248347,0.17499999999999893,2.006880733944942,0.16499999999999915,1.8900343642611586,0.009999999999999787,0.11454753722794715,,,
ONTO,Onto Innovation Inc,US,USD,USD,"NEW YORK STOCK EXCHANGE, INC.",1984-11-28,15335.941664909195,https://static2.finnhub.io/file/publicdatany/finnhubimage/stock_logo/ONTO.png,49.74,Semiconductors,13026365401,https://ontoinnovation.com/,49.45,,20260816,AADP,b3e0adbf22718811e8e69a1680985c56,331.71,-6.11,346.9,330.985,337.2,337.82,2026-08-14 20:00:00,2026-08-14,-1.8087,cadp_finnhub,0.6200000000000045,0.18386714116251618,15.914999999999964,4.808375001888292,15.189999999999998,4.579301196828554,0.7249999999999659,0.21856440867021373,308.3,23.409999999999968,7.593253324683739
LVS,Las Vegas Sands Corp,US,USD,USD,"NEW YORK STOCK EXCHANGE, INC.",2004-12-15,29645.28302865105,https://static2.finnhub.io/file/publicdatany/finnhubimage/stock_logo/LVS.png,647.7,"Hotels, Restaurants & Leisure",17029239000,https://www.sands.com/,305.14,,20260816,AADP,b3f85a86efd8eda6ae6ff41b96b0b4bd,46.23,0.46,46.48,45.75,45.89,45.77,2026-08-14 20:00:00,2026-08-14,1.005,cadp_finnhub,-0.11999999999999744,-0.26149487905861285,0.7299999999999969,1.5956284153005398,0.25,0.5407743889249406,0.4799999999999969,1.0382868267358791,45.46,0.769999999999996,1.6937967443906643
FCX,Freeport-McMoRan Inc,US,USD,USD,"NEW YORK STOCK EXCHANGE, INC.",1988-05-05,100082.91473007569,https://static2.finnhub.io/file/publicdatany/finnhubimage/stock_logo/FCX.png,1437.56,Metals & Mining,16023668100,https://www.fcx.com/,1427.02,,20260816,AADP,b45f6dbd63a9ee9217d3b00f249ba946,66.49,-0.34,67.46,65.57,66.72,66.83,2026-08-14 20:00:00,2026-08-14,-0.5088,cadp_finnhub,0.10999999999999943,0.16486810551558667,1.8900000000000006,2.8824157389049883,0.9699999999999989,1.4588659948864475,0.9200000000000017,1.3836667167995214,69.62,-3.1300000000000097,-4.4958345303073965
VAC,Marriott Vacations Worldwide Corp,US,USD,USD,"NEW YORK STOCK EXCHANGE, INC.",2011-11-08,4284.297063121683,https://static2.finnhub.io/file/publicdatany/finnhubimage/stock_logo/VAC.png,34.34,"Hotels, Restaurants & Leisure",14072066000,https://www.marriottvacationsworldwide.com/,27.43,,20260816,AADP,b45f99d58b606cd5a334a1418da2a817,120.99,-0.32,124.12,120.29,121.9,121.31,2026-08-14 20:00:00,2026-08-14,-0.2638,cadp_finnhub,-0.5900000000000034,-0.48400328137818166,3.8299999999999983,3.1839720675035315,3.1300000000000097,2.586990660385164,0.6999999999999886,0.5785602115877251,,,
RH,RH,US,USD,USD,"NEW YORK STOCK EXCHANGE, INC.",2012-02-11,3707.4250057684744,https://static2.finnhub.io/file/publicdatany/finnhubimage/stock_logo/RH.png,18.93,Retail,13026587581,https://rh.com/,15.48,,20260816,AADP,b4cea11d173ff61ebc93bea1817022b2,181.76,2.2,182.8,179.0,180.76,179.56,2026-08-14 20:00:00,2026-08-14,1.2252,cadp_finnhub,-1.1999999999999886,-0.6638636866563337,3.8000000000000114,2.1229050279329673,1.0400000000000205,0.5721830985915606,2.759999999999991,1.5184859154929529,183.57,-1.8100000000000023,-0.9859998910497371
MD,Pediatrix Medical Group Inc,US,USD,USD,"NEW YORK STOCK EXCHANGE, INC.",1995-09-20,2200.3386520135796,https://static2.finnhub.io/file/publicdatany/finnhubimage/stock_logo/MD.png,82.12,Health Care,19543840175,https://www.pediatrix.com/,80.47,,20260816,AADP,b5117d5b1ec919c84451eb234ba396d9,26.61,0.24,26.81,26.14,26.25,26.37,2026-08-14 20:00:00,2026-08-14,0.9101,cadp_finnhub,0.120000000000001,0.4571428571428609,0.6699999999999982,2.5631216526396257,0.1999999999999993,0.7515971439308504,0.46999999999999886,1.7662532882375004,,,
STWD,Starwood Property Trust Inc,US,USD,USD,"NEW YORK STOCK EXCHANGE, INC.",2009-08-12,6098.814021833019,https://static2.finnhub.io/file/publicdatany/finnhubimage/stock_logo/950000521986.png,370.75,Real Estate,13056955500,https://www.starwoodpropertytrust.com/,349.0,,20260816,AADP,b51d7464e6097ce557b2002677b846c5,16.3,-0.05,16.59,16.285,16.37,16.35,2026-08-14 20:00:00,2026-08-14,-0.3058,cadp_finnhub,-0.019999999999999574,-0.12217470983506153,0.3049999999999997,1.8728891618053405,0.28999999999999915,1.7791411042944731,0.015000000000000568,0.09202453987730409,16.45,-0.14999999999999858,-0.9118541033434565
ADEA,Adeia Inc,US,USD,USD,NASDAQ NMS - GLOBAL MARKET,2003-11-13,3113.2086140579304,https://static2.finnhub.io/file/publicdatany/finnhubimage/stock_logo/XPER.png,110.29,Technology,14084732500,https://adeia.com/,108.14,,20260816,AADP,b626828c3b63cb11facac0eb833d84d5,29.83,1.14,30.41,29.12,29.5,28.69,2026-08-14 20:00:00,2026-08-14,3.9735,cadp_finnhub,-0.8099999999999987,-2.745762711864402,1.2899999999999991,4.429945054945052,0.5800000000000018,1.9443513241703045,0.7099999999999973,2.3801542071739767,,,
LTC,LTC Properties Inc,US,USD,USD,"NEW YORK STOCK EXCHANGE, INC.",1992-08-18,2148.136740754119,https://static2.finnhub.io/file/publicdatany/finnhubimage/stock_logo/942959043916.png,51.18,Real Estate,18059818655,https://www.ltcreit.com,50.06,,20260816,AADP,b62cff26ed2cf8e9206d553af0212a15,40.22,1.25,40.665,39.35,40.0,38.97,2026-08-14 20:00:00,2026-08-14,3.2076,cadp_finnhub,-1.0300000000000011,-2.575000000000003,1.3149999999999977,3.3418043202032974,0.4450000000000003,1.1064147190452518,0.8699999999999974,2.163102933863743,,,
KMB,Kimberly-Clark Corp,US,USD,USD,NASDAQ NMS - GLOBAL MARKET,1929-05-09,36477.27039477416,https://static2.finnhub.io/file/publicdatany/finnhubimage/stock_logo/KMB.png,331.94,Consumer products,13026587581,https://www.kimberly-clark.com/en-us,329.46,,20260816,AADP,b68aacc8a46b691621dcf292dfdea646,110.39,-0.31,111.2,110.23,110.89,110.7,2026-08-14 20:00:00,2026-08-14,-0.28,cadp_finnhub,-0.18999999999999773,-0.1713409685273674,0.9699999999999989,0.8799782273428276,0.8100000000000023,0.7337621161337098,0.1599999999999966,0.14494066491529722,109.68,0.7099999999999937,0.6473377097009425
COTY,Coty Inc,US,USD,USD,"NEW YORK STOCK EXCHANGE, INC.",2013-06-13,2482.915361007352,https://static2.finnhub.io/file/publicdatany/finnhubimage/stock_logo/COTY.png,880.47,Consumer products,12123897300,https://www.coty.com/,362.86,,20260816,AADP,b6a58a7b89c532acbca9ebee6392c997,2.85,0.1,2.865,2.74,2.74,2.75,2026-08-14 20:00:00,2026-08-14,3.6364,cadp_finnhub,0.009999999999999787,0.3649635036496272,0.125,4.562043795620438,0.015000000000000124,0.5263157894736885,0.10999999999999988,3.8596491228070127,,,
MBGL,Mobility Global Inc,US,USD,USD,"NEW YORK STOCK EXCHANGE, INC.",2026-06-26,5807.979867534973,,296.0,Professional Services,18009279800,https://www.mobilityglobal.com,296.0,,20260816,AADP,b6cc30251f0e88d77b67de0222c91697,20.34,0.51,21.14,19.89,20.82,19.83,2026-08-14 20:00:00,2026-08-14,2.5719,cadp_finnhub,-0.990000000000002,-4.755043227665715,1.25,6.28456510809452,0.8000000000000007,3.9331366764995117,0.4499999999999993,2.21238938053097,,,
FUN,Six Flags Entertainment Corp,US,USD,USD,"NEW YORK STOCK EXCHANGE, INC.",1996-05-30,1673.0786443504762,https://static2.finnhub.io/file/publicdatany/finnhubimage/stock_logo/942959036716.png,102.2,"Hotels, Restaurants & Leisure",14196260830,https://www.sixflags.com/,99.42,,20260816,AADP,b7526793e52267cc8f374325f8a4957f,16.4,-0.28,16.84,16.315,16.82,16.68,2026-08-14 20:00:00,2026-08-14,-1.6787,cadp_finnhub,-0.14000000000000057,-0.832342449464926,0.5249999999999986,3.2178976402083883,0.4400000000000013,2.6829268292683004,0.0849999999999973,0.5182926829268129,,,
HAL,Halliburton Co,US,USD,USD,"NEW YORK STOCK EXCHANGE, INC.",1948-09-15,26568.52616258813,https://static2.finnhub.io/file/publicdatany/finnhubimage/stock_logo/HAL.png,833.13,Energy,12818712699,https://www.halliburton.com/,829.19,,20260816,AADP,b764feb80930ff99bc7aea426bd9536d,34.42,1.58,34.57,33.03,33.05,32.84,2026-08-14 20:00:00,2026-08-14,4.8112,cadp_finnhub,-0.20999999999999375,-0.6354009077155636,1.5399999999999991,4.6624280956706,0.14999999999999858,0.4357931435212044,1.3900000000000006,4.038349796629868,33.64,0.7800000000000011,2.3186682520808595
GTM,Zoominfo Technologies Inc,US,USD,USD,NASDAQ NMS - GLOBAL MARKET,2020-06-04,1216.8399544782608,https://static2.finnhub.io/file/publicdatany/finnhubimage/stock_logo/950417986716.png,294.72,Media,13026587581,https://ir.zoominfo.com/,256.52,,20260816,AADP,b773e0fa7c98dc682b653ee992259ac5,4.05,-0.26,4.3113,4.035,4.25,4.31,2026-08-14 20:00:00,2026-08-14,-6.0325,cadp_finnhub,0.05999999999999961,1.4117647058823437,0.2763,6.847583643122676,0.2613000000000003,6.45185185185186,0.01499999999999968,0.37037037037036247,,,
ADAM,Adamas Trust Inc,US,USD,USD,NASDAQ NMS - GLOBAL MARKET,2004-06-24,882.6195926764708,https://static2.finnhub.io/file/publicdatany/finnhubimage/stock_logo/942958999356.png,89.86,Real Estate,12127920107,https://www.adamasreit.com/,83.08,,20260816,AADP,b77f532be0ca34d517209058336009f1,10.12,0.03,10.21,10.045,10.11,10.09,2026-08-14 20:00:00,2026-08-14,0.2973,cadp_finnhub,-0.019999999999999574,-0.19782393669633605,0.16500000000000092,1.6426082628173313,0.09000000000000163,0.8893280632411229,0.07499999999999929,0.741106719367582,,,
APD,Air Products and Chemicals Inc,US,USD,USD,"NEW YORK STOCK EXCHANGE, INC.",1961-11-13,67571.70073837716,https://static2.finnhub.io/file/publicdatany/finnhubimage/stock_logo/APD.png,222.68,Chemicals,13026587581,https://www.airproducts.com/,218.49,,20260816,AADP,b78f875435a34c347f7ebbdc0fd7fb90,,,,,,,,,,cadp_finnhub,,,,,,,,,,,
NEM,Newmont Corporation,US,USD,USD,"NEW YORK STOCK EXCHANGE, INC.",1940-01-27,119046.15196365892,https://static2.finnhub.io/file/publicdatany/finnhubimage/stock_logo/NEM.png,1053.69,Metals & Mining,13038637414,https://newmont.com/,1050.39,,20260816,AADP,b7af7241d3a4913a7ea52bb205213225,117.76,3.57,119.1698,115.315,115.8,114.19,2026-08-14 20:00:00,2026-08-14,3.1264,cadp_finnhub,-1.6099999999999994,-1.3903281519861825,3.8547999999999973,3.342843515587736,1.40979999999999,1.1971807065217304,2.4450000000000074,2.076256793478267,111.81,5.950000000000003,5.321527591449783
SSD,Simpson Manufacturing Co Inc,US,USD,USD,"NEW YORK STOCK EXCHANGE, INC.",1994-05-26,8157.318515503618,https://static2.finnhub.io/file/publicdatany/finnhubimage/stock_logo/SSD.png,41.14,Building,13026587581,http://www.simpsonmfg.com/,40.98,,20260816,AADP,b7cedc189075a2a75f2f949375e2b33e,193.78,-1.49,194.75,192.48,194.75,195.27,2026-08-14 20:00:00,2026-08-14,-0.763,cadp_finnhub,0.5200000000000102,0.26700898587933775,2.2700000000000102,1.1793433083956828,0.9699999999999989,0.5005676540406641,1.3000000000000114,0.6708638662400719,198.29,-4.509999999999991,-2.2744465177265574
UDR,UDR Inc,US,USD,USD,"NEW YORK STOCK EXCHANGE, INC.",1980-03-17,12339.758538332459,https://static2.finnhub.io/file/publicdatany/finnhubimage/stock_logo/942959051706.png,321.26,Real Estate,17202836120,https://www.udr.com/,319.91,,20260816,AADP,b7d7c2c217ca697b5cdfa7b89b95e2b1,37.94,0.0,38.17,37.81,37.94,37.94,2026-08-14 20:00:00,2026-08-14,0.0,cadp_finnhub,,,0.35999999999999943,0.9521290663845527,0.23000000000000398,0.6062203479177755,0.12999999999999545,0.3426462836056812,38.41,-0.46999999999999886,-1.2236396771674014
REXR,Rexford Industrial Realty Inc,US,USD,USD,"NEW YORK STOCK EXCHANGE, INC.",2013-07-19,8192.58384687781,https://static2.finnhub.io/file/publicdatany/finnhubimage/stock_logo/950399250386.png,222.99,Real Estate,13109661680,https://www.rexfordindustrial.com/,222.15,,20260816,AADP,b82b3d7012076a70e858a1e0f3bb777c,36.23,-0.19,36.7,36.12,36.27,36.42,2026-08-14 20:00:00,2026-08-14,-0.5217,cadp_finnhub,0.14999999999999858,0.41356492969395797,0.5800000000000054,1.6057585825027836,0.47000000000000597,1.2972674579078278,0.10999999999999943,0.30361578802097555,36.74,-0.5100000000000051,-1.3881328252585876
H,Hyatt Hotels Corp,US,USD,USD,"NEW YORK STOCK EXCHANGE, INC.",2009-11-05,16768.136058561773,https://static2.finnhub.io/file/publicdatany/finnhubimage/stock_logo/H.png,94.16,"Hotels, Restaurants & Leisure",13026365400,https://www.hyatt.com/,40.23,,20260816,AADP,b865f9fa53548bb1e85f6aff33388c97,180.98,1.13,183.24,178.925,179.88,179.85,2026-08-14 20:00:00,2026-08-14,0.6283,cadp_finnhub,-0.030000000000001137,-0.016677785190127383,4.314999999999998,2.41162498253458,2.2600000000000193,1.2487567687037349,2.0549999999999784,1.1354845839319143,177.71,3.269999999999982,1.8400765291767385
LNTH,Lantheus Holdings Inc,US,USD,USD,NASDAQ NMS - GLOBAL MARKET,2015-06-25,6589.196377291481,https://static2.finnhub.io/file/publicdatany/finnhubimage/stock_logo/LNTH.png,65.11,Health Care,18009279800,https://www.lantheus.com/,63.75,,20260816,AADP,b8b7f33e7e504118fd7046ce73f57113,100.95,0.01,101.1,100.85,100.95,100.94,2026-08-14 20:00:00,2026-08-14,0.0099,cadp_finnhub,-0.010000000000005116,-0.009905894006939192,0.25,0.2478929102627665,0.14999999999999147,0.14858841010400345,0.10000000000000853,0.0990589400693497,101.11,-0.1599999999999966,-0.15824349718128433
GM,General Motors Co,US,USD,USD,"NEW YORK STOCK EXCHANGE, INC.",2010-08-20,76847.20786314171,https://static2.finnhub.io/file/publicdatany/finnhubimage/stock_logo/GM.png,877.45,Automobiles,13026365400,https://www.gm.com/,875.93,,20260816,AADP,b8b97eee72a69e84e598b4963acdffb4,86.77,0.38,87.18,86.15,86.82,86.39,2026-08-14 20:00:00,2026-08-14,0.4399,cadp_finnhub,-0.4299999999999926,-0.49527758580971276,1.0300000000000011,1.1955890887986083,0.4100000000000108,0.47251354154662994,0.6199999999999903,0.7145326725826788,87.72,-0.9500000000000028,-1.0829913360693146
JNJ,Johnson & Johnson,US,USD,USD,"NEW YORK STOCK EXCHANGE, INC.",1944-09-25,624742.0976465943,https://static2.finnhub.io/file/publicdatany/finnhubimage/stock_logo/JNJ.png,2409.9,Pharmaceuticals,17325242455,https://www.jnj.com/,2408.43,,20260816,AADP,b8cfd5898ddf9790acbc7355d843b413,260.35,-1.73,261.71,259.16,260.65,262.08,2026-08-14 20:00:00,2026-08-14,-0.6601,cadp_finnhub,1.4300000000000068,0.5486284289276835,2.5499999999999545,0.9839481401450665,1.3599999999999568,0.522373727674268,1.1899999999999977,0.45707701171499815,259.24,1.1100000000000136,0.4281746644036467
ZION,Zions Bancorporation NA,US,USD,USD,NASDAQ NMS - GLOBAL MARKET,1966-01-01,10136.92,https://static2.finnhub.io/file/publicdatany/finnhubimage/stock_logo/ZION.png,145.94,Banking,18018447637,https://www.zionsbancorporation.com/overview/default.aspx,143.67,,20260816,AADP,b8ec984a530da39a13c8b3d3eef18f42,72.2,0.59,72.54,71.3798,71.61,71.61,2026-08-14 20:00:00,2026-08-14,0.8239,cadp_finnhub,,,1.1602000000000032,1.625389816166483,0.3400000000000034,0.47091412742382743,0.8201999999999998,1.1360110803324097,70.32,1.8800000000000097,2.6734926052332337
TBBK,Bancorp Inc,US,USD,USD,NASDAQ NMS - GLOBAL MARKET,2004-02-02,2899.422231314205,https://static2.finnhub.io/file/publicdatany/finnhubimage/stock_logo/942959138766.png,41.63,Banking,13023855000,https://www.thebancorp.com/,38.9,,20260816,AADP,b942e20281c0e6cca465261b97fcbbe9,69.68,0.54,69.85,68.55,69.14,69.14,2026-08-14 20:00:00,2026-08-14,0.781,cadp_finnhub,,,1.2999999999999972,1.8964259664478442,0.1699999999999875,0.2439724454649648,1.1300000000000097,1.6216991963260756,,,
CENT,Central Garden & Pet Co,US,USD,USD,NASDAQ NMS - GLOBAL MARKET,1993-07-16,2506.376294571551,https://static2.finnhub.io/file/publicdatany/finnhubimage/stock_logo/CENT.png,62.57,Consumer products,13026365400,https://www.central.com/,8.11,,20260816,AADP,b962f9eafb44bce2a3e820d533826ced,37.85,-0.72,38.75,37.72,38.32,38.57,2026-08-14 20:00:00,2026-08-14,-1.8667,cadp_finnhub,0.25,0.6524008350730689,1.0300000000000011,2.7306468716861114,0.8999999999999986,2.3778071334213964,0.13000000000000256,0.3434610303830979,,,
MBC,Masterbrand Inc,US,USD,USD,"NEW YORK STOCK EXCHANGE, INC.",2022-12-09,1906.7057840655555,https://static2.finnhub.io/file/publicdatany/finnhubimage/stock_logo/950835308186.png,205.02,Building,13026365400,https://www.masterbrand.com/overview/default.aspx,200.5,,20260816,AADP,b97e60eb07390e2bd5392602a2870cde,9.15,-0.14,9.28,9.075,9.16,9.29,2026-08-14 20:00:00,2026-08-14,-1.507,cadp_finnhub,0.129999999999999,1.4192139737991156,0.20500000000000007,2.2589531680440778,0.129999999999999,1.4207650273223935,0.07500000000000107,0.8196721311475527,,,
GEHC,GE Healthcare Technologies Inc,US,USD,USD,NASDAQ NMS - GLOBAL MARKET,2022-12-15,32417.520949320577,https://static2.finnhub.io/file/publicdatany/finnhubimage/stock_logo/950835041476.png,451.69,Health Care,13026587581,https://www.gehealthcare.com,449.99,,20260816,AADP,b982b41ba0cdc15e2c027c6179ef5d50,73.69,-0.1,74.015,73.36,73.85,73.79,2026-08-14 20:00:00,2026-08-14,-0.1355,cadp_finnhub,-0.05999999999998806,-0.08124576844954376,0.6550000000000011,0.8928571428571443,0.32500000000000284,0.4410367756819146,0.3299999999999983,0.44782195684624554,72.94,0.75,1.0282423910063065
ACAD,ACADIA Pharmaceuticals Inc,US,USD,USD,NASDAQ NMS - GLOBAL MARKET,2004-05-27,5033.044125234798,https://static2.finnhub.io/file/publicdatany/finnhubimage/stock_logo/ACAD.png,171.24,Biotechnology,13026365400,https://acadia.com/,169.18,,20260816,AADP,ba0171a10818a2a70fe3870487d7f96c,28.24,-0.14,28.425,27.9,28.26,28.38,2026-08-14 20:00:00,2026-08-14,-0.4933,cadp_finnhub,0.11999999999999744,0.424628450106148,0.5250000000000021,1.8817204301075345,0.18500000000000227,0.6550991501416512,0.33999999999999986,1.203966005665722,,,
TGT,Target Corp,US,USD,USD,"NEW YORK STOCK EXCHANGE, INC.",1969-09-08,67992.41324558199,https://static2.finnhub.io/file/publicdatany/finnhubimage/stock_logo/TGT.png,454.19,Retail,16123046073,https://corporate.target.com/,452.9,,20260816,AADP,ba72ce135eb69a051f98add194e54cc7,154.48,-1.03,156.33,154.27,155.69,155.51,2026-08-14 20:00:00,2026-08-14,-0.6623,cadp_finnhub,-0.18000000000000682,-0.11561436187295705,2.0600000000000023,1.3353211901212174,1.8500000000000227,1.1975660279648,0.20999999999997954,0.13593992749869208,149.7,4.780000000000001,3.19305277221109
FORM,FormFactor Inc,US,USD,USD,NASDAQ NMS - GLOBAL MARKET,2003-06-12,9170.592132677024,https://static2.finnhub.io/file/publicdatany/finnhubimage/stock_logo/FORM.png,77.95,Semiconductors,18008998648,https://www.formfactor.com/,77.42,,20260816,AADP,baabe93b6710671ad4be79d7f3d40047,131.6,-0.07,134.2858,127.36,129.48,131.67,2026-08-14 20:00:00,2026-08-14,-0.0532,cadp_finnhub,2.1899999999999977,1.6913809082483764,6.925799999999995,5.437971105527635,2.6858000000000004,2.040881458966566,4.239999999999995,3.2218844984802395,,,
VMI,Valmont Industries Inc,US,USD,USD,"NEW YORK STOCK EXCHANGE, INC.",2002-08-30,9242.007596079511,https://static2.finnhub.io/file/publicdatany/finnhubimage/stock_logo/VMI.png,19.3,Construction,13026587581,https://www.valmont.com/,18.8,,20260816,AADP,bac923ae06b90f457499db15e87b0f49,495.25,3.05,499.07,488.14,491.4,492.2,2026-08-14 20:00:00,2026-08-14,0.6197,cadp_finnhub,0.8000000000000114,0.16280016280016513,10.930000000000007,2.2391117302413255,3.819999999999993,0.7713276123170102,7.110000000000014,1.4356385663806186,492.24,3.009999999999991,0.6114903299203621
ED,Consolidated Edison Inc,US,USD,USD,"NEW YORK STOCK EXCHANGE, INC.",1948-06-21,39793.83849561854,https://static2.finnhub.io/file/publicdatany/finnhubimage/stock_logo/ED.png,368.53,Utilities,18005225635,https://www.conedison.com/,367.74,,20260816,AADP,bafccc3fee9c4d42b9109d2184fb42e0,108.8,0.41,109.3426,107.95,108.02,108.39,2026-08-14 20:00:00,2026-08-14,0.3783,cadp_finnhub,0.37000000000000455,0.34252916126643634,1.3926000000000016,1.2900416859657264,0.5426000000000073,0.49871323529412437,0.8499999999999943,0.7812499999999948,106.3,2.5,2.351834430856068
CIEN,Ciena Corp,US,USD,USD,"NEW YORK STOCK EXCHANGE, INC.",1997-02-01,58375.00905139727,https://static2.finnhub.io/file/publicdatany/finnhubimage/stock_logo/CIEN.png,141.55,Communications,14108658500,https://www.ciena.com/,140.44,,20260816,AADP,baffe2387f73832c52741e26f1b6f5c7,428.77,-14.02,446.15,422.49,441.61,442.79,2026-08-14 20:00:00,2026-08-14,-3.1663,cadp_finnhub,1.1800000000000068,0.26720409411018925,23.659999999999968,5.600132547515909,17.379999999999995,4.053455232408983,6.279999999999973,1.4646547099843676,412.39,16.379999999999995,3.971968282451077
GDDY,GoDaddy Inc,US,USD,USD,"NEW YORK STOCK EXCHANGE, INC.",2015-04-02,11533.806307119758,https://static2.finnhub.io/file/publicdatany/finnhubimage/stock_logo/GDDY.png,132.41,Technology,13026365400,https://investors.godaddy.net/,125.47,,20260816,AADP,bb000297374a5c7921985dd6fbcdd05b,94.91,-5.59,101.99,94.49,101.56,100.5,2026-08-14 20:00:00,2026-08-14,-5.5622,cadp_finnhub,-1.0600000000000023,-1.0437179992122907,7.5,7.9373478674992075,7.079999999999998,7.45969866189021,0.4200000000000017,0.4425244968917941,91.07,3.8400000000000034,4.216536729987926
CAT,Caterpillar Inc,US,USD,USD,"NEW YORK STOCK EXCHANGE, INC.",1929-12-02,387133.58508919395,https://static2.finnhub.io/file/publicdatany/finnhubimage/stock_logo/CAT.png,460.59,Machinery,18009279800,https://www.caterpillar.com,459.49,,20260816,AADP,bb46cff762096148c1ecf688299b1868,856.57,1.97,870.99,850.0,854.0,854.6,2026-08-14 20:00:00,2026-08-14,0.2305,cadp_finnhub,0.6000000000000227,0.07025761124122047,20.99000000000001,2.4694117647058835,14.419999999999959,1.6834584447272212,6.57000000000005,0.7670126201011067,845.6,10.970000000000027,1.297303689687799
SEIC,SEI Investments Co,US,USD,USD,NASDAQ NMS - GLOBAL MARKET,1981-03-25,12566.008469830931,https://static2.finnhub.io/file/publicdatany/finnhubimage/stock_logo/SEIC.png,120.02,Financial Services,16106761000,https://www.seic.com/,101.26,,20260816,AADP,bb89fe1c3871e1cb290540b7f7ad55b1,106.38,-0.005,106.9099,105.9568,106.52,106.385,2026-08-14 20:00:00,2026-08-14,-0.0047,cadp_finnhub,-0.1349999999999909,-0.1267367630491841,0.9530999999999921,0.8995175392235251,0.5298999999999978,0.498119947358524,0.42319999999999425,0.3978191389358848,104.72,1.6599999999999966,1.5851795263559936
TSLA,Tesla Inc,US,USD,USD,NASDAQ NMS - GLOBAL MARKET,2010-06-29,1297742.3478886092,https://static2.finnhub.io/file/publicdatany/finnhubimage/stock_logo/TSLA.png,3949.55,Automobiles,15125168177,https://www.tesla.com/,3245.62,,20260816,AADP,bb9de3f6c4c0e35482755ae027b0a4c8,342.27,2.31,351.26,335.3306,342.33,339.96,2026-08-14 20:00:00,2026-08-14,0.6795,cadp_finnhub,-2.3700000000000045,-0.6923144334414175,15.929399999999987,4.750356812053534,8.990000000000009,2.6265813539018934,6.939399999999978,2.0274636982499135,330.88,11.389999999999986,3.4423355899419685
AIN,Albany International Corp,US,USD,USD,"NEW YORK STOCK EXCHANGE, INC.",1987-09-30,1780.963989764975,https://static2.finnhub.io/file/publicdatany/finnhubimage/stock_logo/AIN.png,28.4,Machinery,13023513367,https://www.albint.com/,28.22,,20260816,AADP,bba6f98f0b7513cae5f4357cbd81403d,64.87,0.78,65.0,63.205,64.0,64.09,2026-08-14 20:00:00,2026-08-14,1.217,cadp_finnhub,0.09000000000000341,0.14062500000000533,1.7950000000000017,2.8399651926271683,0.12999999999999545,0.20040080160319937,1.6650000000000063,2.5666718051487685,,,
AMSF,Amerisafe Inc,US,USD,USD,NASDAQ NMS - GLOBAL MARKET,2005-11-18,539.7700135243862,https://static2.finnhub.io/file/publicdatany/finnhubimage/stock_logo/942959025336.png,18.54,Insurance,13374639052,https://www.amerisafe.com/,18.16,,20260816,AADP,bbe4239d02155b32a1b40c9a1efedded,27.65,0.45,28.02,27.22,27.45,27.2,2026-08-14 20:00:00,2026-08-14,1.6544,cadp_finnhub,-0.25,-0.9107468123861567,0.8000000000000007,2.9390154298310094,0.370000000000001,1.3381555153707088,0.4299999999999997,1.5551537070524404,,,
PARR,Par Pacific Holdings Inc,US,USD,USD,"NEW YORK STOCK EXCHANGE, INC.",2012-09-05,3321.1044878926605,https://static2.finnhub.io/file/publicdatany/finnhubimage/stock_logo/942959131466.png,50.14,Energy,12818994800,https://www.parpacific.com/,48.62,,20260816,AADP,bbe77f5b2293cb2a058f7bb36c13e1ac,80.32,-1.82,82.75,80.02,81.89,82.14,2026-08-14 20:00:00,2026-08-14,-2.2157,cadp_finnhub,0.25,0.30528758090120894,2.730000000000004,3.411647088227948,2.430000000000007,3.025398406374511,0.29999999999999716,0.37350597609561403,,,
UNM,Unum Group,US,USD,USD,"NEW YORK STOCK EXCHANGE, INC.",1986-11-06,14336.262803682443,https://static2.finnhub.io/file/publicdatany/finnhubimage/stock_logo/UNM.png,158.31,Insurance,13026365400,https://www.unum.com/Privacy,156.55,,20260816,AADP,bbf5acf9851d8f94893b6a7f69ed1155,93.33,0.63,94.06,92.6,92.81,92.7,2026-08-14 20:00:00,2026-08-14,0.6796,cadp_finnhub,-0.10999999999999943,-0.1185217110225185,1.460000000000008,1.5766738660907214,0.730000000000004,0.7821707918139976,0.730000000000004,0.7821707918139976,91.39,1.9399999999999977,2.1227705438231728
GLPI,Gaming and Leisure Properties Inc,US,USD,USD,NASDAQ NMS - GLOBAL MARKET,2013-10-14,12841.210918438212,https://static2.finnhub.io/file/publicdatany/finnhubimage/stock_logo/950400535996.png,283.22,Real Estate,16104012900,https://www.glpropinc.com/,279.27,,20260816,AADP,bc037870664d8cf7ff04595a6e15e10c,43.57,-0.08,43.825,43.43,43.6,43.65,2026-08-14 20:00:00,2026-08-14,-0.1833,cadp_finnhub,0.04999999999999716,0.11467889908256229,0.3950000000000031,0.9095095556067306,0.25500000000000256,0.5852650906587159,0.14000000000000057,0.3213220105577245,44.14,-0.5700000000000003,-1.2913457181694614
IESC,IES Holdings Inc,US,USD,USD,NASDAQ NMS - GLOBAL MARKET,1998-01-26,15196.504316044835,https://static2.finnhub.io/file/publicdatany/finnhubimage/stock_logo/942959042976.png,19.92,Construction,13026587581,https://ies-corporate.com/,19.31,,20260816,AADP,bc463ec7183e32df70cf6c67d704f6c6,756.18,7.74,772.27,749.665,758.71,748.44,2026-08-14 20:00:00,2026-08-14,1.0342,cadp_finnhub,-10.269999999999982,-1.3536133700623403,22.605000000000018,3.0153468549285374,16.090000000000032,2.1278002591975502,6.514999999999986,0.8615673516887495,751.09,5.089999999999918,0.6776817691621401
SAIC,Science Applications International Corp,US,USD,USD,NASDAQ NMS - GLOBAL MARKET,2013-09-16,5349.708893825716,https://static2.finnhub.io/file/publicdatany/finnhubimage/stock_logo/SAIC.png,42.28,Professional Services,17036764300,https://www.saic.com/,41.96,,20260816,AADP,bc6ce4fa752b91c0f9c627d6a346efd3,126.68,0.02,127.09,124.591,126.92,126.66,2026-08-14 20:00:00,2026-08-14,0.0158,cadp_finnhub,-0.2600000000000051,-0.20485345099275537,2.4990000000000094,2.0057628560650524,0.4099999999999966,0.32365014209030357,2.089000000000013,1.6490369434796437,125.46,1.220000000000013,0.9724214889207821
EXR,Extra Space Storage Inc,US,USD,USD,"NEW YORK STOCK EXCHANGE, INC.",2004-08-12,31593.248848,https://static2.finnhub.io/file/publicdatany/finnhubimage/stock_logo/942959025646.png,211.27,Real Estate,18015625556,https://www.extraspace.com/,209.21,,20260816,AADP,bc6dade0b719dc53394731b3d2fbf109,147.9,-1.5,149.99,147.87,148.75,149.4,2026-08-14 20:00:00,2026-08-14,-1.004,cadp_finnhub,0.6500000000000057,0.43697478991597016,2.1200000000000045,1.4336917562724043,2.0900000000000034,1.4131169709263038,0.030000000000001137,0.020283975659229975,149.56,-1.6599999999999966,-1.109922439154852
BBT,Beacon Financial Corp,US,USD,USD,"NEW YORK STOCK EXCHANGE, INC.",2000-06-28,2647.729520319937,https://static2.finnhub.io/file/publicdatany/finnhubimage/stock_logo/BHLB.png,1221.63,Banking,13026587581,https://www.beaconfinancialcorporation.com/overview/default.aspx,83.13,,20260816,AADP,bc7acd574e7a19cc0e1d30d25152de33,32.07,-0.29,32.205,31.75,31.75,32.36,2026-08-14 20:00:00,2026-08-14,-0.8962,cadp_finnhub,0.6099999999999994,1.9212598425196834,0.4549999999999983,1.4330708661417269,0.134999999999998,0.4209541627689367,0.3200000000000003,0.9978172747115692,,,
MOS,Mosaic Co,US,USD,USD,"NEW YORK STOCK EXCHANGE, INC.",2004-10-25,7330.673642801363,https://static2.finnhub.io/file/publicdatany/finnhubimage/stock_logo/MOS.png,317.85,Chemicals,18009279800,https://www.mosaicco.com/,316.7,,20260816,AADP,bd17d315f585b9babcd94036eded20e6,21.61,-0.17,22.015,21.5322,21.74,21.78,2026-08-14 20:00:00,2026-08-14,-0.7805,cadp_finnhub,0.0400000000000027,0.18399264029440066,0.482800000000001,2.2422232749092106,0.40500000000000114,1.8741323461360533,0.07779999999999987,0.360018509949097,23.06,-1.4499999999999993,-6.287944492627924
LNC,Lincoln National Corp,US,USD,USD,"NEW YORK STOCK EXCHANGE, INC.",1969-08-20,8812.320802976428,https://static2.finnhub.io/file/publicdatany/finnhubimage/stock_logo/LNC.png,191.21,Insurance,14845831400,https://www.lincolnfinancial.com/public/individuals,190.34,,20260816,AADP,bd5e8fede8e9ff5739c65d595287df84,45.46,0.18,45.95,45.38,45.38,45.28,2026-08-14 20:00:00,2026-08-14,0.3975,cadp_finnhub,-0.10000000000000142,-0.22036139268400487,0.5700000000000003,1.2560599382988105,0.490000000000002,1.0778706555213418,0.0799999999999983,0.17597888253409213,,,
META,Meta Platforms Inc,US,USD,USD,NASDAQ NMS - GLOBAL MARKET,2012-05-18,1508378.4443496836,https://static2.finnhub.io/file/publicdatany/finnhubimage/stock_logo/FB.png,2538.42,Media,13026365400,https://www.meta.com/,2201.63,,20260816,AADP,bd7b7f06ea3826b0bd44dfdd5b0f771e,589.85,-5.12,601.86,589.29,596.98,594.97,2026-08-14 20:00:00,2026-08-14,-0.8605,cadp_finnhub,-2.009999999999991,-0.3366946966397519,12.57000000000005,2.1330753958153115,12.009999999999991,2.036110875646349,0.5600000000000591,0.09493939137069748,592.1,-2.25,-0.38000337780780274
PBF,PBF Energy Inc,US,USD,USD,"NEW YORK STOCK EXCHANGE, INC.",2012-12-13,7314.908950016492,https://static2.finnhub.io/file/publicdatany/finnhubimage/stock_logo/PBF.png,118.31,Energy,13026587581,https://www.pbfenergy.com/,101.26,,20260816,AADP,bd814bfb78f7b2e4c464fcbe9cafa942,71.85,-2.51,74.5,71.26,74.23,74.36,2026-08-14 20:00:00,2026-08-14,-3.3755,cadp_finnhub,0.12999999999999545,0.1751313485113774,3.239999999999995,4.546730283468979,2.6500000000000057,3.6882393876130912,0.5899999999999892,0.8211551844119545,63.32,8.529999999999994,13.471257106759307
XOM,Exxonmobil Holdings Corp,US,USD,USD,"NEW YORK STOCK EXCHANGE, INC.",2026-07-02,650632.36,,4144.95,Energy,19729406000,,4140.21,,20260816,AADP,bd84e0434fd459bec31bf958fa5d00f2,160.1,1.49,161.255,159.25,159.71,158.61,2026-08-14 20:00:00,2026-08-14,0.9394,cadp_finnhub,-1.0999999999999943,-0.6887483563959641,2.0049999999999955,1.2590266875981133,1.1550000000000011,0.7214241099312937,0.8499999999999943,0.530918176139909,153.04,7.060000000000002,4.613173026659698
TRU,TransUnion,US,USD,USD,"NEW YORK STOCK EXCHANGE, INC.",2015-06-25,15331.831897954291,https://static2.finnhub.io/file/publicdatany/finnhubimage/stock_logo/TRU.png,191.6,Professional Services,13129852000,http://www.transunion.com,190.73,,20260816,AADP,bdaae75c2ea813a576dd14995855fe08,80.48,-0.65,81.92,79.54,81.92,81.13,2026-08-14 20:00:00,2026-08-14,-0.8012,cadp_finnhub,-0.7900000000000063,-0.9643554687500077,2.3799999999999955,2.992205179783751,1.4399999999999977,1.7892644135188838,0.9399999999999977,1.1679920477137147,79.14,1.3400000000000034,1.693201920646959
GGG,Graco Inc,US,USD,USD,"NEW YORK STOCK EXCHANGE, INC.",1980-03-17,13529.623197101266,https://static2.finnhub.io/file/publicdatany/finnhubimage/stock_logo/GGG.png,161.95,Machinery,16126236000,https://www.graco.com,160.59,,20260816,AADP,bdfa63bda5f06b7387fe2ef6bfa2ee76,81.94,-0.32,82.24,81.13,82.09,82.26,2026-08-14 20:00:00,2026-08-14,-0.389,cadp_finnhub,0.1700000000000017,0.20708977951029564,1.1099999999999994,1.3681745346973986,0.29999999999999716,0.3661215523553785,0.8100000000000023,0.9885281913595341,83.38,-1.4399999999999977,-1.7270328615975026
CNXN,PC Connection Inc,US,USD,USD,NASDAQ NMS - GLOBAL MARKET,1998-03-04,2123.53370096582,https://static2.finnhub.io/file/publicdatany/finnhubimage/stock_logo/942959075106.png,25.24,Electrical Equipment,13026587581,https://www.connection.com/,10.79,,20260816,AADP,be5560e9eb0aea5db38f4ee704c32bab,81.08,0.11,81.9658,80.3349,81.31,80.97,2026-08-14 20:00:00,2026-08-14,0.1359,cadp_finnhub,-0.3400000000000034,-0.4181527487393966,1.630899999999997,2.0301263834273735,0.8858000000000033,1.092501233349782,0.7450999999999937,0.9189689195855867,,,
SUPN,Supernus Pharmaceuticals Inc,US,USD,USD,NASDAQ NMS - GLOBAL MARKET,2010-12-28,2769.1706732643283,https://static2.finnhub.io/file/publicdatany/finnhubimage/stock_logo/SUPN.png,58.04,Pharmaceuticals,13018382500,https://www.supernus.com,55.45,,20260816,AADP,be62e1bc1358b2a56127a763200bf16e,48.27,1.12,48.39,46.57,46.7,47.15,2026-08-14 20:00:00,2026-08-14,2.3754,cadp_finnhub,0.44999999999999574,0.9635974304068431,1.8200000000000003,3.908095340347864,0.11999999999999744,0.24860161591049812,1.7000000000000028,3.521856225398804,,,
ANIP,ANI Pharmaceuticals Inc,US,USD,USD,NASDAQ NMS - GLOBAL MARKET,2000-05-04,1779.8338475009075,https://static2.finnhub.io/file/publicdatany/finnhubimage/stock_logo/ANIP.png,22.75,Pharmaceuticals,12186343500,https://www.anipharmaceuticals.com/,20.05,,20260816,AADP,becb557637588e1070bf887d38b45d0b,76.54,1.77,76.71,73.385,74.47,74.77,2026-08-14 20:00:00,2026-08-14,2.3673,cadp_finnhub,0.29999999999999716,0.4028467839398377,3.3249999999999886,4.530898685017358,0.1699999999999875,0.22210608831981643,3.155000000000001,4.122027697935722,,,
MOH,Molina Healthcare Inc,US,USD,USD,"NEW YORK STOCK EXCHANGE, INC.",2003-07-02,10254.690410550604,https://static2.finnhub.io/file/publicdatany/finnhubimage/stock_logo/MOH.png,52.2,Health Care,15624353666,https://www.molinahealthcare.com/,51.46,,20260816,AADP,becea3ef2e467c71bdff2b5353003f8d,212.43,6.72,214.83,205.68,205.825,205.71,2026-08-14 20:00:00,2026-08-14,3.2667,cadp_finnhub,-0.11499999999998067,-0.05587270739705122,9.150000000000006,4.44865810968495,2.4000000000000057,1.1297839288236151,6.75,3.17751729981641,198.84,13.590000000000003,6.83464091732046
J,Jacobs Solutions Inc,US,USD,USD,"NEW YORK STOCK EXCHANGE, INC.",1989-12-15,16978.791351827538,https://static2.finnhub.io/file/publicdatany/finnhubimage/stock_logo/950834406116.png,118.08,Professional Services,12145838500,https://www.jacobs.com/,117.34,,20260816,AADP,bedeb9b5d1bcea3a16d20c285949fadb,144.66,0.75,144.75,142.71,143.76,143.91,2026-08-14 20:00:00,2026-08-14,0.5212,cadp_finnhub,0.15000000000000568,0.10434056761269178,2.039999999999992,1.4294723565272174,0.09000000000000341,0.0622148486105374,1.9499999999999886,1.3479883865615847,146.26,-1.5999999999999943,-1.093942294543959
WAFD,WaFd Inc,US,USD,USD,NASDAQ NMS - GLOBAL MARKET,1982-11-09,2694.15,https://static2.finnhub.io/file/publicdatany/finnhubimage/stock_logo/WAFD.png,73.95,Banking,12066247930,https://www.wafdbank.com/,72.6,,20260816,AADP,bee58e91daf00a3b072fd7091079a79c,37.94,-0.01,38.21,37.53,37.81,37.95,2026-08-14 20:00:00,2026-08-14,-0.0264,cadp_finnhub,0.14000000000000057,0.3702724147051059,0.6799999999999997,1.8118838262723147,0.2700000000000031,0.7116499736426019,0.4099999999999966,1.080653663679485,,,
ASTE,Astec Industries Inc,US,USD,USD,NASDAQ NMS - GLOBAL MARKET,1986-06-18,1018.8725297532819,https://static2.finnhub.io/file/publicdatany/finnhubimage/stock_logo/942959056196.png,22.99,Machinery,14238995898,https://www.astecindustries.com/,22.72,,20260816,AADP,bf19f6d7a27e10fa299b6152e283dacd,43.28,0.94,43.5,42.0,42.16,42.34,2026-08-14 20:00:00,2026-08-14,2.2201,cadp_finnhub,0.18000000000000682,0.42694497153701816,1.5,3.571428571428571,0.21999999999999886,0.5083179297597016,1.2800000000000011,2.957486136783736,,,
GATX,GATX Corp,US,USD,USD,"NEW YORK STOCK EXCHANGE, INC.",1981-05-22,6273.162629253147,https://static2.finnhub.io/file/publicdatany/finnhubimage/stock_logo/GATX.png,35.5,Trading Companies & Distributors,13126216200,https://www.gatx.com/,34.93,,20260816,AADP,bf1b243ef6deda39552fcf92f3b93ee1,180.64,1.39,180.775,178.48,178.48,179.25,2026-08-14 20:00:00,2026-08-14,0.7755,cadp_finnhub,0.7700000000000102,0.4314208874944029,2.295000000000016,1.2858583594800628,0.13500000000001933,0.07473427812224277,2.1599999999999966,1.1957484499557112,176.34,4.299999999999983,2.438471135306784
ABR,Arbor Realty Trust Inc,US,USD,USD,"NEW YORK STOCK EXCHANGE, INC.",2004-04-07,998.0855596783625,https://static2.finnhub.io/file/publicdatany/finnhubimage/stock_logo/942958996236.png,192.36,Real Estate,15165064200,https://arbor.com/,187.0,,20260816,AADP,bf4632f9db8a83e938e1c08584515855,5.09,-0.17,5.205,5.05,5.09,5.26,2026-08-14 20:00:00,2026-08-14,-3.2319,cadp_finnhub,0.16999999999999993,3.3398821218074644,0.15500000000000025,3.0693069306930743,0.11500000000000021,2.259332023575643,0.040000000000000036,0.7858546168958749,,,
KSS,Kohls Corp,US,USD,USD,"NEW YORK STOCK EXCHANGE, INC.",1992-05-19,2188.619972802168,https://static2.finnhub.io/file/publicdatany/finnhubimage/stock_logo/KSS.png,113.4,Retail,12627037000,https://corporate.kohls.com/,108.76,,20260816,AADP,bf51fc9564512924932557207a8cb559,19.21,-0.41,19.74,18.95,19.47,19.62,2026-08-14 20:00:00,2026-08-14,-2.0897,cadp_finnhub,0.15000000000000213,0.7704160246533238,0.7899999999999991,4.168865435356197,0.5299999999999976,2.758979698073907,0.26000000000000156,1.35346173867778,,,
SNDR,Schneider National Inc,US,USD,USD,"NEW YORK STOCK EXCHANGE, INC.",2017-04-06,6245.971299677457,https://static2.finnhub.io/file/publicdatany/finnhubimage/stock_logo/SNDR.png,175.12,Road & Rail,18008457786,https://schneider.com/,45.49,,20260816,AADP,bf66acb69d0f18880aac941832f4257f,36.1,-0.22,36.705,35.715,36.01,36.32,2026-08-14 20:00:00,2026-08-14,-0.6057,cadp_finnhub,0.3100000000000023,0.8608719800055604,0.9899999999999949,2.771944561108763,0.6049999999999969,1.6759002770083016,0.384999999999998,1.0664819944598283,,,
CCS,Century Communities Inc,US,USD,USD,"NEW YORK STOCK EXCHANGE, INC.",2014-06-18,2027.5501693683063,https://static2.finnhub.io/file/publicdatany/finnhubimage/stock_logo/CCS.png,28.43,Consumer products,13026587581,https://www.centurycommunities.com/,24.44,,20260816,AADP,bfb1283871cbcb3cde3d460a2c5e10da,70.63,-1.13,72.28,70.02,70.03,71.76,2026-08-14 20:00:00,2026-08-14,-1.5747,cadp_finnhub,1.730000000000004,2.4703698414965074,2.260000000000005,3.227649243073415,1.6500000000000057,2.336117796970134,0.6099999999999994,0.8636556703950156,,,
PLUS,ePlus inc,US,USD,USD,NASDAQ NMS - GLOBAL MARKET,1996-11-15,2337.179592585722,https://static2.finnhub.io/file/publicdatany/finnhubimage/stock_logo/942959133096.png,25.87,Electrical Equipment,13023513367,https://www.eplus.com/,25.3,,20260816,AADP,bfb1be98bcbf87da9f4b769b96dcb774,88.53,-0.19,90.1238,87.85,89.62,88.72,2026-08-14 20:00:00,2026-08-14,-0.2142,cadp_finnhub,-0.9000000000000057,-1.0042401249721107,2.2738000000000085,2.58827546955038,1.5938000000000017,1.8002936857562428,0.6800000000000068,0.7681012086298507,,,
FFIN,First Financial Bankshares Inc,US,USD,USD,NASDAQ NMS - GLOBAL MARKET,1993-11-01,4969.164273175166,https://static2.finnhub.io/file/publicdatany/finnhubimage/stock_logo/FFIN.png,143.32,Banking,13256277155,https://ffin.com/,138.08,,20260816,AADP,bfb69ef001309ded302a52343430d086,35.28,0.15,35.36,34.95,35.02,35.13,2026-08-14 20:00:00,2026-08-14,0.427,cadp_finnhub,0.10999999999999943,0.3141062250142759,0.4099999999999966,1.1731044349070001,0.0799999999999983,0.22675736961450763,0.3299999999999983,0.9353741496598591,34.37,0.9100000000000037,2.6476578411405405
CERT,Certara Inc,US,USD,USD,NASDAQ NMS - GLOBAL MARKET,2020-12-11,1250.818078302583,https://static2.finnhub.io/file/publicdatany/finnhubimage/stock_logo/CERT.png,155.56,Health Care,18009279800,https://www.certara.com/,115.22,,20260816,AADP,bfc6dbaa34b65575354a2e7f8942aa7a,8.0,-0.15,8.29,7.95,8.26,8.15,2026-08-14 20:00:00,2026-08-14,-1.8405,cadp_finnhub,-0.10999999999999943,-1.3317191283292908,0.33999999999999897,4.276729559748415,0.28999999999999915,3.6249999999999893,0.04999999999999982,0.6249999999999978,,,
OSK,Oshkosh Corp,US,USD,USD,"NEW YORK STOCK EXCHANGE, INC.",1985-10-02,9585.713723625,https://static2.finnhub.io/file/publicdatany/finnhubimage/stock_logo/OSK.png,61.74,Machinery,19205023400,https://www.oshkoshcorp.com,61.23,,20260816,AADP,c02fc7bbfee52cc2a47fcd9974463bce,152.89,0.54,154.76,150.36,152.12,152.35,2026-08-14 20:00:00,2026-08-14,0.3544,cadp_finnhub,0.22999999999998977,0.15119642387588073,4.399999999999977,2.926310188880006,1.8700000000000045,1.223101576296687,2.5299999999999727,1.6547844855778489,155.39,-2.5,-1.6088551386833132
LII,Lennox International Inc,US,USD,USD,"NEW YORK STOCK EXCHANGE, INC.",1999-07-28,15198.749120886052,https://static2.finnhub.io/file/publicdatany/finnhubimage/stock_logo/LII.png,34.56,Building,13026365400,https://www.lennox.com/,31.2,,20260816,AADP,c047c0b8ff90112d74b304939d03fac3,422.01,3.7,424.49,415.0,416.83,418.31,2026-08-14 20:00:00,2026-08-14,0.8845,cadp_finnhub,1.4800000000000182,0.3550608161600696,9.490000000000009,2.2867469879518096,2.480000000000018,0.5876637994360366,7.009999999999991,1.6610980782445894,423.28,-1.2699999999999818,-0.3000378000377958
JAZZ,Jazz Pharmaceuticals PLC,IE,USD,USD,NASDAQ NMS - GLOBAL MARKET,2012-01-18,16654.484581822097,https://static2.finnhub.io/file/publicdatany/finnhubimage/stock_logo/JAZZ.png,62.82,Pharmaceuticals,35316347800,https://www.jazzpharma.com/,60.69,,20260816,AADP,c06295d3d86deadd91a90806fa44e7cb,244.96,-0.89,245.35,240.631,243.59,245.85,2026-08-14 20:00:00,2026-08-14,-0.362,cadp_finnhub,2.259999999999991,0.9277884970647361,4.718999999999994,1.9610939571376897,0.38999999999998636,0.1592096668843837,4.329000000000008,1.7672273024167244,256.56,-11.599999999999994,-4.521359526036792
CBSH,Commerce Bancshares Inc,US,USD,USD,NASDAQ NMS - GLOBAL MARKET,1980-03-17,8473.973033136477,https://static2.finnhub.io/file/publicdatany/finnhubimage/stock_logo/CBSH.png,143.89,Banking,18162342000,https://www.commercebank.com/,140.15,,20260816,AADP,c06e9a0497bd492355ba0629ed12e11e,60.27,0.27,60.49,59.83,60.09,60.0,2026-08-14 20:00:00,2026-08-14,0.45,cadp_finnhub,-0.09000000000000341,-0.1497753369945139,0.6600000000000037,1.103125522313227,0.21999999999999886,0.36502405840384744,0.44000000000000483,0.7300481168077066,59.08,1.1900000000000048,2.0142180094786815
MTD,Mettler-toledo International Inc,US,USD,USD,"NEW YORK STOCK EXCHANGE, INC.",1997-11-14,28641.458217870353,https://static2.finnhub.io/file/publicdatany/finnhubimage/stock_logo/MTD.png,20.21,Life Sciences Tools & Services,13026587581,https://www.mt.com/,20.12,,20260816,AADP,c0b1141fd5bd119c53ccc0e7576029ff,1419.02,-11.74,1423.94,1402.61,1419.44,1430.76,2026-08-14 20:00:00,2026-08-14,-0.8205,cadp_finnhub,11.319999999999936,0.7974976046891686,21.330000000000155,1.5207363415347215,4.920000000000073,0.34671815760173025,16.410000000000082,1.1564319037081987,1429.46,-10.440000000000055,-0.7303457249590792
EVR,Evercore Inc,US,USD,USD,"NEW YORK STOCK EXCHANGE, INC.",2006-08-11,11765.78644986421,https://static2.finnhub.io/file/publicdatany/finnhubimage/stock_logo/EVR.png,41.27,Financial Services,12128573100,https://www.evercore.com/,37.79,,20260816,AADP,c0cd80b0f55269b6e949369d0a898f5f,307.38,-5.05,314.725,306.35,310.86,312.43,2026-08-14 20:00:00,2026-08-14,-1.6164,cadp_finnhub,1.5699999999999932,0.5050505050505029,8.375,2.7338012077688916,7.345000000000027,2.3895503936495635,1.0299999999999727,0.3350901164682064,307.18,0.19999999999998863,0.06510840549514572
ETR,Entergy Corp,US,USD,USD,"NEW YORK STOCK EXCHANGE, INC.",1949-05-31,50013.563192708425,https://static2.finnhub.io/file/publicdatany/finnhubimage/stock_logo/ETR.png,466.63,Utilities,13026587581,https://www.entergy.com,465.34,,20260816,AADP,c115bd7432335f000f108f124601eecb,107.84,0.93,108.07,106.495,106.59,106.91,2026-08-14 20:00:00,2026-08-14,0.8699,cadp_finnhub,0.3199999999999932,0.30021578009193467,1.5749999999999886,1.478942673364936,0.22999999999998977,0.21327893175073234,1.3449999999999989,1.2472181008902066,105.65,2.1899999999999977,2.0728821580690937
MKSI,MKS Incorporated,US,USD,USD,NASDAQ NMS - GLOBAL MARKET,2026-01-28,20600.28588038148,https://static2.finnhub.io/file/publicdatany/finnhubimage/stock_logo/MKSI.png,67.54,Semiconductors,19786455500,https://www.mks.com/,67.19,,20260816,AADP,c11aa264a38fd420e968aad705d0acc7,310.73,4.44,312.08,302.01,302.01,306.29,2026-08-14 20:00:00,2026-08-14,1.4496,cadp_finnhub,4.28000000000003,1.4171716168338895,10.069999999999993,3.3343266779245697,1.349999999999966,0.4344607858912773,8.720000000000027,2.8062948540533665,292.35,18.379999999999995,6.286984778518896
COF,Capital One Financial Corp,US,USD,USD,"NEW YORK STOCK EXCHANGE, INC.",1994-11-16,133592.45053697017,https://static2.finnhub.io/file/publicdatany/finnhubimage/stock_logo/COF.png,613.48,Financial Services,13026365400,https://www.capitalone.com/,601.39,,20260816,AADP,c12b176e329b5cdc84317a67e1a29c2a,227.34,3.51,228.14,224.41,225.95,223.83,2026-08-14 20:00:00,2026-08-14,1.5682,cadp_finnhub,-2.119999999999976,-0.9382606771409499,3.7299999999999898,1.662136268437231,0.799999999999983,0.35189583883169834,2.930000000000007,1.2888185097211255,217.76,9.580000000000013,4.399338721528294
FRPT,Freshpet Inc,US,USD,USD,NASDAQ NMS - GLOBAL MARKET,2014-11-07,3215.5659569268696,https://static2.finnhub.io/file/publicdatany/finnhubimage/stock_logo/FRPT.png,49.14,Food Products,12015204000,https://freshpet.com/,48.26,,20260816,AADP,c12eb7bc2f2fe18b24598072de4cac5a,72.76,0.03,73.66,72.23,72.82,72.73,2026-08-14 20:00:00,2026-08-14,0.0412,cadp_finnhub,-0.0899999999999892,-0.12359241966491241,1.4299999999999926,1.9797867921916,0.8999999999999915,1.2369433754810217,0.5300000000000011,0.728422210005499,,,
EME,EMCOR Group Inc,US,USD,USD,"NEW YORK STOCK EXCHANGE, INC.",2000-11-16,36033.37815071695,https://static2.finnhub.io/file/publicdatany/finnhubimage/stock_logo/EME.png,44.44,Construction,12038497800,https://www.emcorgroup.com/,43.79,,20260816,AADP,c149a10afe1e416820864efeff16810a,836.29,5.06,854.0999,830.955,832.54,831.23,2026-08-14 20:00:00,2026-08-14,0.6087,cadp_finnhub,-1.3099999999999454,-0.15734979700674387,23.144900000000007,2.785337352804906,17.809900000000084,2.129632065431858,5.334999999999923,0.6379366009398562,816.9,19.389999999999986,2.373607540702655
WD,Walker & Dunlop Inc,US,USD,USD,"NEW YORK STOCK EXCHANGE, INC.",2010-12-15,1684.63,https://static2.finnhub.io/file/publicdatany/finnhubimage/stock_logo/WD.png,34.33,Financial Services,13012155500,https://www.walkerdunlop.com,32.95,,20260816,AADP,c212d4332ad0e61d60e74d028b527cf8,42.56,-0.22,43.39,42.232,42.76,42.78,2026-08-14 20:00:00,2026-08-14,-0.5143,cadp_finnhub,0.020000000000003126,0.04677268475211208,1.1580000000000013,2.7419965902633106,0.8299999999999983,1.950187969924808,0.32800000000000296,0.7706766917293303,,,
EMR,Emerson Electric Co,US,USD,USD,"NEW YORK STOCK EXCHANGE, INC.",1944-09-05,88277.42812809265,https://static2.finnhub.io/file/publicdatany/finnhubimage/stock_logo/EMR.png,560.1,Electrical Equipment,13145532000,https://www.emerson.com/en-us,558.58,,20260816,AADP,c223011976210a64c69712a3bce3900b,163.17,-1.04,164.8,162.3,164.26,164.21,2026-08-14 20:00:00,2026-08-14,-0.6333,cadp_finnhub,-0.04999999999998295,-0.030439547059529375,2.5,1.5403573629081946,1.6300000000000239,0.9989581418152994,0.8699999999999761,0.5331862474719472,158.26,4.909999999999997,3.102489574118537
SNX,TD Synnex Corp,US,USD,USD,"NEW YORK STOCK EXCHANGE, INC.",2003-11-25,20183.186470890087,https://static2.finnhub.io/file/publicdatany/finnhubimage/stock_logo/SNX.png,79.96,Electrical Equipment,13026587581,https://www.techdata.com/in,75.98,,20260816,AADP,c246dfc6276ea9b97c2c8d9fb7610994,258.74,4.16,259.295,253.78,258.75,254.58,2026-08-14 20:00:00,2026-08-14,1.6341,cadp_finnhub,-4.1699999999999875,-1.6115942028985457,5.515000000000015,2.173142091575386,0.5550000000000068,0.21450104351859273,4.960000000000008,1.9169822988328082,252.42,6.320000000000022,2.5037635686554243
AMGN,Amgen Inc,US,USD,USD,NASDAQ NMS - GLOBAL MARKET,1983-06-17,222170.02841474002,https://static2.finnhub.io/file/publicdatany/finnhubimage/stock_logo/AMGN.png,539.71,Biotechnology,18009279800,https://www.amgen.com/,538.42,,20260816,AADP,c273e6b0726ee4aea67f7a74faa7a27c,,,,,,,,,,cadp_finnhub,,,,,,,,,,,
VC,Visteon Corp,US,USD,USD,NASDAQ NMS - GLOBAL MARKET,2011-01-08,2754.9683058679193,https://static2.finnhub.io/file/publicdatany/finnhubimage/stock_logo/VC.png,26.7,Auto Components,13026587581,https://www.visteon.com/,26.19,,20260816,AADP,c2e3d02e55cf16d7263a4c82d3f87230,108.22,0.975,108.46,106.4165,107.25,107.245,2026-08-14 20:00:00,2026-08-14,0.9091,cadp_finnhub,-0.0049999999999954525,-0.004662004662000422,2.0434999999999945,1.920284918222263,0.23999999999999488,0.2217704675660644,1.8034999999999997,1.6665126593975232,104.79,3.4299999999999926,3.2732130928523646
PDFS,PDF Solutions Inc,US,USD,USD,NASDAQ NMS - GLOBAL MARKET,2001-07-26,2070.3587109063183,https://static2.finnhub.io/file/publicdatany/finnhubimage/stock_logo/PDFS.png,41.86,Semiconductors,13026365400,https://www.pdf.com,37.4,,20260816,AADP,c2e79880712c1acc809780a85def00ce,50.9,0.55,51.16,49.67,49.915,50.35,2026-08-14 20:00:00,2026-08-14,1.0924,cadp_finnhub,0.4350000000000023,0.8714815185815933,1.4899999999999949,2.999798671230108,0.259999999999998,0.5108055009823144,1.2299999999999969,2.4165029469548074,,,
TRIP,Tripadvisor Inc,US,USD,USD,NASDAQ NMS - GLOBAL MARKET,2011-12-07,1254.3734815009595,https://static2.finnhub.io/file/publicdatany/finnhubimage/stock_logo/TRIP.png,116.36,Media,17818005800,https://ir.tripadvisor.com/,114.04,,20260816,AADP,c301560c03d0fe2d795842373bac2120,10.74,-0.23,11.1,10.7,11.02,10.97,2026-08-14 20:00:00,2026-08-14,-2.0966,cadp_finnhub,-0.049999999999998934,-0.45372050816695947,0.40000000000000036,3.7383177570093498,0.35999999999999943,3.351955307262564,0.040000000000000924,0.3724394785847386,,,
VLY,Valley National Bancorp,US,USD,USD,NASDAQ NMS - GLOBAL MARKET,1993-12-01,8026.594317304759,https://static2.finnhub.io/file/publicdatany/finnhubimage/stock_logo/VLY.png,553.07,Banking,19733058800,https://www.valley.com/,546.86,,20260816,AADP,c311121144614e093f1d3edef8597230,15.01,-0.01,15.15,14.96,15.04,15.02,2026-08-14 20:00:00,2026-08-14,-0.0666,cadp_finnhub,-0.019999999999999574,-0.13297872340425249,0.1899999999999995,1.2700534759358255,0.14000000000000057,0.9327115256495707,0.049999999999998934,0.3331112591605525,14.65,0.35999999999999943,2.4573378839590405
PNC,PNC Financial Services Group Inc,US,USD,USD,"NEW YORK STOCK EXCHANGE, INC.",1987-10-21,100757.2097288242,https://static2.finnhub.io/file/publicdatany/finnhubimage/stock_logo/PNC.png,399.0,Banking,18887622265,https://www.pnc.com/,397.63,,20260816,AADP,c320f1436506f6cccda56e8cbe7c650d,256.97,1.77,257.5625,254.9225,255.0,255.2,2026-08-14 20:00:00,2026-08-14,0.6936,cadp_finnhub,0.19999999999998863,0.07843137254901515,2.6399999999999864,1.03560886151673,0.5924999999999727,0.23057166206170862,2.0475000000000136,0.7967856169980982,253.0,3.9700000000000273,1.569169960474319
ALKS,Alkermes Plc,IE,USD,USD,NASDAQ NMS - GLOBAL MARKET,1991-07-16,8248.919306953483,https://static2.finnhub.io/file/publicdatany/finnhubimage/stock_logo/ALKS.png,167.76,Biotechnology,35317728000,https://www.alkermes.com/,164.68,,20260816,AADP,c331ff34dd498f4536d42f734a7db40b,49.06,-0.39,50.02,48.65,49.37,49.45,2026-08-14 20:00:00,2026-08-14,-0.7887,cadp_finnhub,0.0800000000000054,0.16204172574439013,1.3700000000000045,2.8160328879753433,0.9600000000000009,1.956787607011824,0.4100000000000037,0.8357113738279732,,,
GPI,Group 1 Automotive Inc,US,USD,USD,"NEW YORK STOCK EXCHANGE, INC.",1995-12-20,3176.9153808606093,https://static2.finnhub.io/file/publicdatany/finnhubimage/stock_logo/GPI.png,11.9,Retail,17136475700,https://www.group1auto.com/,11.51,,20260816,AADP,c36586309ca0c980924d25c66d81c3c0,263.95,0.94,265.42,260.01,262.61,263.01,2026-08-14 20:00:00,2026-08-14,0.3574,cadp_finnhub,0.39999999999997726,0.15231712425268545,5.410000000000025,2.0806892042613843,1.4700000000000273,0.5569236597840603,3.9399999999999977,1.4927069520742555,,,
GNW,Genworth Financial Inc,US,USD,USD,"NEW YORK STOCK EXCHANGE, INC.",2004-05-25,3711.3596160339853,https://static2.finnhub.io/file/publicdatany/finnhubimage/stock_logo/GNW.png,383.01,Insurance,18042816000,https://www.genworth.com/,373.73,,20260816,AADP,c396609f21e5c06a2fa78f1d1b7e0600,10.16,0.17,10.17,9.98,9.98,9.99,2026-08-14 20:00:00,2026-08-14,1.7017,cadp_finnhub,0.009999999999999787,0.10020040080160107,0.1899999999999995,1.903807615230456,0.009999999999999787,0.0984251968503916,0.17999999999999972,1.771653543307084,,,
THG,Hanover Insurance Group Inc,US,USD,USD,"NEW YORK STOCK EXCHANGE, INC.",1995-10-11,7976.61644574406,https://static2.finnhub.io/file/publicdatany/finnhubimage/stock_logo/THG.png,34.82,Insurance,13026587581,https://www.hanover.com/,34.48,,20260816,AADP,c3d6b04aece552fa5e8c61887a8423d5,225.29,2.1,225.38,222.66,223.73,223.19,2026-08-14 20:00:00,2026-08-14,0.9409,cadp_finnhub,-0.539999999999992,-0.24136235641174275,2.719999999999999,1.2215934608820618,0.09000000000000341,0.03994851080829305,2.6299999999999955,1.1673842602867395,230.2,-4.909999999999997,-2.132927888792353
NPO,Enpro Inc,US,USD,USD,"NEW YORK STOCK EXCHANGE, INC.",2002-05-24,7048.414230334632,https://static2.finnhub.io/file/publicdatany/finnhubimage/stock_logo/NPO.png,21.13,Machinery,17047311516,https://www.enproindustries.com/,20.98,,20260816,AADP,c3e6bbacd2df24adfdad394742551bd0,343.34,7.2,343.885,333.62,339.75,336.14,2026-08-14 20:00:00,2026-08-14,2.142,cadp_finnhub,-3.6100000000000136,-1.0625459896983116,10.264999999999986,3.0768539056411446,0.5450000000000159,0.1587347818489008,9.71999999999997,2.83101299003902,,,
SPG,Simon Property Group Inc,US,USD,USD,"NEW YORK STOCK EXCHANGE, INC.",1993-12-14,72285.68369298855,https://static2.finnhub.io/file/publicdatany/finnhubimage/stock_logo/942959049246.png,324.29,Real Estate,13176361600,https://www.simon.com/,318.4,,20260816,AADP,c4120475440c9f87815fd5237bcd5cec,219.58,-1.89,222.385,218.9,221.17,221.47,2026-08-14 20:00:00,2026-08-14,-0.8534,cadp_finnhub,0.30000000000001137,0.13564226613013128,3.484999999999985,1.5920511649154798,2.8049999999999784,1.2774387466982322,0.6800000000000068,0.3096821204116982,221.85,-2.269999999999982,-1.023213883254443
SPHR,Sphere Entertainment Co,US,USD,USD,"NEW YORK STOCK EXCHANGE, INC.",2020-04-09,5729.656864286714,https://static2.finnhub.io/file/publicdatany/finnhubimage/stock_logo/MSGE.png,35.79,Media,12124656000,https://www.sphereentertainmentco.com/,27.01,,20260816,AADP,c49f06b07b4c9fd9576e267521e11734,168.0,-8.38,178.8389,167.46,176.68,176.38,2026-08-14 20:00:00,2026-08-14,-4.7511,cadp_finnhub,-0.30000000000001137,-0.1697985057731556,11.378899999999987,6.794995819897282,10.838899999999995,6.4517261904761884,0.539999999999992,0.3214285714285667,,,
ZWS,Zurn Elkay Water Solutions Corp,US,USD,USD,"NEW YORK STOCK EXCHANGE, INC.",2012-03-29,8313.11,https://static2.finnhub.io/file/publicdatany/finnhubimage/stock_logo/ZWS.png,165.86,Building,13026587581,https://zurnelkay.com/,146.57,,20260816,AADP,c4c43486a7accaddddebd6f29043e256,50.97,0.24,51.0,49.8,50.39,50.73,2026-08-14 20:00:00,2026-08-14,0.4731,cadp_finnhub,0.3399999999999963,0.6747370510021756,1.2000000000000028,2.409638554216873,0.030000000000001137,0.058858151854034015,1.1700000000000017,2.295467922307243,,,
TREX,Trex Company Inc,US,USD,USD,"NEW YORK STOCK EXCHANGE, INC.",1999-04-08,5008.711355039232,https://static2.finnhub.io/file/publicdatany/finnhubimage/stock_logo/TREX.png,103.9,Building,15405426300,https://www.trex.com/,103.01,,20260816,AADP,c4da358f7dfe2bbc6810b009e8637d6d,49.63,-0.45,50.25,49.22,49.92,50.08,2026-08-14 20:00:00,2026-08-14,-0.8986,cadp_finnhub,0.1599999999999966,0.32051282051281366,1.0300000000000011,2.092645266151973,0.6199999999999974,1.249244408623811,0.4100000000000037,0.8261132379609182,49.17,0.46000000000000085,0.9355297945901989
UNFI,United Natural Foods Inc,US,USD,USD,"NEW YORK STOCK EXCHANGE, INC.",1996-11-01,2848.0308656665275,https://static2.finnhub.io/file/publicdatany/finnhubimage/stock_logo/UNFI.png,60.52,Retail,13026587581,https://www.unfi.com/,59.27,,20260816,AADP,c4fd27f323cd30c6fc6b0ce177485ca7,48.42,-0.16,48.66,47.84,48.19,48.58,2026-08-14 20:00:00,2026-08-14,-0.3294,cadp_finnhub,0.39000000000000057,0.8092965345507378,0.8199999999999932,1.7140468227424606,0.23999999999999488,0.49566294919453713,0.5799999999999983,1.1978521272201534,,,
WBD,Warner Bros Discovery Inc,US,USD,USD,NASDAQ NMS - GLOBAL MARKET,2005-07-06,63856.77,https://static2.finnhub.io/file/publicdatany/finnhubimage/stock_logo/942959073106.png,2507.14,Media,12125485555,https://www.wbd.com/,2400.88,,20260816,AADP,c5176b66b2191f0b756c6f8203c20c36,27.99,0.24,28.18,27.695,27.77,27.75,2026-08-14 20:00:00,2026-08-14,0.8649,cadp_finnhub,-0.019999999999999574,-0.07202016564637945,0.48499999999999943,1.7512186315219331,0.19000000000000128,0.6788138620936095,0.29499999999999815,1.0539478385137484,26.78,1.2099999999999973,4.5182972367438285
EYE,National Vision Holdings Inc,US,USD,USD,NASDAQ NMS - GLOBAL MARKET,2017-10-26,1806.6306516889185,https://static2.finnhub.io/file/publicdatany/finnhubimage/stock_logo/EYE.png,80.12,Retail,13026365400,https://www.nationalvision.com/,77.98,,20260816,AADP,c517b534337edbff12b3010310fababa,19.3,0.25,19.32,18.69,18.92,19.05,2026-08-14 20:00:00,2026-08-14,1.3123,cadp_finnhub,0.129999999999999,0.687103594080333,0.629999999999999,3.370786516853927,0.019999999999999574,0.10362694300517913,0.6099999999999994,3.160621761658028,,,
DUK,Duke Energy Corp,US,USD,USD,"NEW YORK STOCK EXCHANGE, INC.",2012-07-03,97345.82205111823,https://static2.finnhub.io/file/publicdatany/finnhubimage/stock_logo/DUK.png,779.6,Utilities,13026587581,https://www.duke-energy.com/,778.57,,20260816,AADP,c518171d360d52ed81f408640dc0b2dc,123.92,-0.57,124.43,123.01,123.18,124.49,2026-08-14 20:00:00,2026-08-14,-0.4579,cadp_finnhub,1.309999999999988,1.0634843318720473,1.4200000000000017,1.1543776928704996,0.5100000000000051,0.4115558424790228,0.9099999999999966,0.7343447385409915,124.85,-0.9299999999999926,-0.7448938726471707
VICR,Vicor Corp,US,USD,USD,NASDAQ NMS - GLOBAL MARKET,1952-01-16,10442.252738,https://static2.finnhub.io/file/publicdatany/finnhubimage/stock_logo/VICR.png,46.11,Electrical Equipment,13026587581,https://www.vicorpower.com/,25.71,,20260816,AADP,c52c4d347046ccc51a628ce7dffb6813,234.74,8.1,236.9999,224.21,226.0,226.64,2026-08-14 20:00:00,2026-08-14,3.5739,cadp_finnhub,0.6399999999999864,0.2831858407079586,12.789899999999989,5.704428883635872,2.2598999999999876,0.9627247167078418,10.530000000000001,4.485814092187101,221.2,13.54000000000002,6.121157323688979
HLI,Houlihan Lokey Inc,US,USD,USD,"NEW YORK STOCK EXCHANGE, INC.",2015-08-13,9016.782825623139,https://static2.finnhub.io/file/publicdatany/finnhubimage/stock_logo/HLI.png,69.89,Financial Services,13026365401,https://hl.com/,54.09,,20260816,AADP,c5478bd3aa433293d45429bdbb53717b,128.68,-3.53,133.3599,128.375,131.81,132.21,2026-08-14 20:00:00,2026-08-14,-2.67,cadp_finnhub,0.4000000000000057,0.3034671117517682,4.98490000000001,3.8830769230769313,4.6799000000000035,3.6368511035125923,0.3050000000000068,0.23702207025179267,128.78,-0.09999999999999432,-0.07765180928715197
CUBI,Customers Bancorp Inc,US,USD,USD,"NEW YORK STOCK EXCHANGE, INC.",2013-05-16,2771.7172429904936,https://static2.finnhub.io/file/publicdatany/finnhubimage/stock_logo/CUBI.png,33.77,Banking,14843597113,https://www.customersbank.com/,30.54,,20260816,AADP,c550a17d33210ea34b9ec33b9a6cbb7d,83.58,0.18,84.03,82.5,83.27,83.4,2026-08-14 20:00:00,2026-08-14,0.2158,cadp_finnhub,0.13000000000000966,0.15611865017414397,1.5300000000000011,1.8545454545454558,0.45000000000000284,0.538406317300793,1.0799999999999983,1.2921751615218933,,,
MTZ,MasTec Inc,US,USD,USD,"NEW YORK STOCK EXCHANGE, INC.",1980-03-17,21879.886245602367,https://static2.finnhub.io/file/publicdatany/finnhubimage/stock_logo/MTZ.png,79.02,Construction,13055991800,https://www.mastec.com/,63.17,,20260816,AADP,c57c08b751376ef3bc215232ed5726f4,297.59,11.48,298.37,284.32,287.915,286.11,2026-08-14 20:00:00,2026-08-14,4.0124,cadp_finnhub,-1.8050000000000068,-0.6269211399197703,14.050000000000011,4.941615081598203,0.7800000000000296,0.2621055815047648,13.269999999999982,4.459155213548836,268.28,29.310000000000002,10.925152825406293
INVH,Invitation Homes Inc,US,USD,USD,"NEW YORK STOCK EXCHANGE, INC.",2017-02-01,17937.22799,https://static2.finnhub.io/file/publicdatany/finnhubimage/stock_logo/950527954066.png,594.04,Real Estate,19724213600,https://www.invitationhomes.com/,587.78,,20260816,AADP,c5a7743eea6bb28c1a814d1e81d4d55c,30.29,-0.01,30.49,30.22,30.22,30.3,2026-08-14 20:00:00,2026-08-14,-0.033,cadp_finnhub,0.08000000000000185,0.26472534745202464,0.2699999999999996,0.8934480476505611,0.1999999999999993,0.6602839220864949,0.07000000000000028,0.23109937273027495,30.5,-0.21000000000000085,-0.6885245901639372
TXNM,TXNM Energy Inc,US,USD,USD,"NEW YORK STOCK EXCHANGE, INC.",1980-03-17,5935.456227656984,https://static2.finnhub.io/file/publicdatany/finnhubimage/stock_logo/PNM.png,110.71,Utilities,15052412700,https://www.txnmenergy.com/,101.63,,20260816,AADP,c5ced4b74ecaea42f8371632cb03886d,57.4,0.01,57.47,57.32,57.35,57.39,2026-08-14 20:00:00,2026-08-14,0.0174,cadp_finnhub,0.03999999999999915,0.06974716652135858,0.14999999999999858,0.26168876482902753,0.07000000000000028,0.12195121951219562,0.0799999999999983,0.1393728222996486,57.6,-0.20000000000000284,-0.34722222222222715
CAG,Conagra Brands Inc,US,USD,USD,"NEW YORK STOCK EXCHANGE, INC.",1973-01-09,7231.1270564619535,https://static2.finnhub.io/file/publicdatany/finnhubimage/stock_logo/CAG.png,478.57,Food Products,13026587581,https://www.conagrabrands.com/,475.03,,20260816,AADP,c61bca654e3a9352f962419e9866661c,15.62,0.23,15.66,15.39,15.42,15.39,2026-08-14 20:00:00,2026-08-14,1.4945,cadp_finnhub,-0.02999999999999936,-0.19455252918287524,0.2699999999999996,1.7543859649122777,0.040000000000000924,0.25608194622279723,0.22999999999999865,1.4724711907810413,,,
AGCO,AGCO Corp,US,USD,USD,"NEW YORK STOCK EXCHANGE, INC.",1992-06-16,7201.361883350782,https://static2.finnhub.io/file/publicdatany/finnhubimage/stock_logo/AGCO.png,72.41,Machinery,13026365400,https://www.agcocorp.com/,57.37,,20260816,AADP,c69d712619b8040876a47687ae74449d,101.33,1.88,101.36,98.7,98.76,99.45,2026-08-14 20:00:00,2026-08-14,1.8904,cadp_finnhub,0.6899999999999977,0.6986634264884545,2.6599999999999966,2.6950354609929046,0.030000000000001137,0.029606237047272416,2.6299999999999955,2.5954801144774455,100.87,0.45999999999999375,0.4560325171012132
HRMY,Harmony Biosciences Holdings Inc,US,USD,USD,NASDAQ NMS - GLOBAL MARKET,2020-08-19,2236.8598543865805,https://static2.finnhub.io/file/publicdatany/finnhubimage/stock_logo/950761678276.png,57.89,Pharmaceuticals,13026587581,https://www.harmonybiosciences.com/,51.14,,20260816,AADP,c6a90117e0855786e5d5035d817dc57e,38.12,-0.38,38.455,37.87,38.22,38.5,2026-08-14 20:00:00,2026-08-14,-0.987,cadp_finnhub,0.28000000000000114,0.7326007326007357,0.5850000000000009,1.5447583839450776,0.33500000000000085,0.8788037775445984,0.25,0.6558237145855195,,,
ADC,Agree Realty Corp,US,USD,USD,"NEW YORK STOCK EXCHANGE, INC.",1994-04-15,9406.807073153243,https://static2.finnhub.io/file/publicdatany/finnhubimage/stock_logo/942959032966.png,120.1,Real Estate,12487374190,https://agreerealty.com/,122.2,,20260816,AADP,c6b3a755ac2170cfd934d5f687e207b0,74.74,-0.37,75.39,74.635,75.08,75.11,2026-08-14 20:00:00,2026-08-14,-0.4926,cadp_finnhub,0.030000000000001137,0.0399573787959525,0.7549999999999955,1.0115897367186915,0.6500000000000057,0.8696815627508774,0.10499999999998977,0.1404870216751268,74.14,0.5999999999999943,0.8092797410304753
POWI,Power Integrations Inc,US,USD,USD,NASDAQ NMS - GLOBAL MARKET,1997-12-12,3598.953865865209,https://static2.finnhub.io/file/publicdatany/finnhubimage/stock_logo/POWI.png,55.72,Semiconductors,14084149200,https://www.power.com/,54.83,,20260816,AADP,c6c4d53da9439cff0e43706d5e19b9d1,62.75,0.44,63.425,61.2872,61.77,62.31,2026-08-14 20:00:00,2026-08-14,0.7061,cadp_finnhub,0.5399999999999991,0.8742107819329757,2.1377999999999986,3.488167186622979,0.6749999999999972,1.075697211155374,1.4628000000000014,2.3311553784860584,,,
HLNE,Hamilton Lane Inc,US,USD,USD,NASDAQ NMS - GLOBAL MARKET,2017-03-01,5575.403010227246,https://static2.finnhub.io/file/publicdatany/finnhubimage/stock_logo/HLNE.png,55.19,Financial Services,16109342222,https://www.hamiltonlane.com/en-us,38.34,,20260816,AADP,c6f9aa3fd5688e482e73c132a08dc98f,104.24,-2.95,107.19,103.8,107.19,107.19,2026-08-14 20:00:00,2026-08-14,-2.7521,cadp_finnhub,,,3.3900000000000006,3.265895953757226,2.950000000000003,2.8300076745970864,0.4399999999999977,0.4221028396009188,101.03,3.2099999999999937,3.1772740770068233
LNN,Lindsay Corp,US,USD,USD,"NEW YORK STOCK EXCHANGE, INC.",1988-10-12,1180.2008353634542,https://static2.finnhub.io/file/publicdatany/finnhubimage/stock_logo/942959044176.png,10.17,Machinery,14028296800,https://www.lindsay.com/,9.93,,20260816,AADP,c711ff968bee176a93c118a3bdf2991f,115.07,0.48,115.74,114.0293,114.65,114.59,2026-08-14 20:00:00,2026-08-14,0.4189,cadp_finnhub,-0.060000000000002274,-0.052333187963368756,1.7106999999999886,1.5002284500562473,0.6700000000000017,0.5822542800034777,1.0406999999999869,0.9044060137307612,,,
UTHR,United Therapeutics Corp,US,USD,USD,NASDAQ NMS - GLOBAL MARKET,1999-06-17,22774.52750741072,https://static2.finnhub.io/file/publicdatany/finnhubimage/stock_logo/UTHR.png,42.45,Biotechnology,13016089292,https://www.unither.com/,41.58,,20260816,AADP,c7272cb0b078f2434d73e004a03b8b27,499.73,-1.54,501.62,494.345,498.91,501.27,2026-08-14 20:00:00,2026-08-14,-0.3072,cadp_finnhub,2.359999999999957,0.47303120803350435,7.274999999999977,1.4716442969990549,1.8899999999999864,0.3782042302843508,5.384999999999991,1.0775818942228785,538.84,-39.110000000000014,-7.258184247643087
BALL,Ball Corp,US,USD,USD,"NEW YORK STOCK EXCHANGE, INC.",1973-12-17,16795.427119792494,https://static2.finnhub.io/file/publicdatany/finnhubimage/stock_logo/BLL.png,266.25,Packaging,13034693131,https://www.ball.com/,265.51,,20260816,AADP,c765fa06ca6d4740365bfb86b790cc5e,61.82,-0.11,62.04,60.9,61.57,61.93,2026-08-14 20:00:00,2026-08-14,-0.1776,cadp_finnhub,0.35999999999999943,0.584700341075198,1.1400000000000006,1.871921182266011,0.21999999999999886,0.35587188612099463,0.9200000000000017,1.488191523778715,62.58,-0.759999999999998,-1.21444550974752
UE,Urban Edge Properties,US,USD,USD,"NEW YORK STOCK EXCHANGE, INC.",2015-01-05,2725.812478494429,https://static2.finnhub.io/file/publicdatany/finnhubimage/stock_logo/950433180356.png,126.02,Real Estate,12129562556,https://uedge.com/,125.9,,20260816,AADP,c775c6642785881ed19f03ce8f17f08c,21.87,-0.12,22.135,21.84,21.99,21.99,2026-08-14 20:00:00,2026-08-14,-0.5457,cadp_finnhub,,,0.2950000000000017,1.3507326007326086,0.26500000000000057,1.2117055326931896,0.030000000000001137,0.13717421124829052,,,
VAL,Valaris Ltd,BM,USD,USD,"NEW YORK STOCK EXCHANGE, INC.",2021-05-03,5346.929836898792,https://static2.finnhub.io/file/publicdatany/finnhubimage/stock_logo/950801552456.png,69.25,Energy,442076594660,https://www.valaris.com/,60.88,,20260816,AADP,c78fb46257a34083f100f8b4fecc97a5,85.62,0.49,89.24,85.52,86.48,85.13,2026-08-14 20:00:00,2026-08-14,0.5756,cadp_finnhub,-1.3500000000000085,-1.5610545790934418,3.719999999999999,4.349859681945743,3.6199999999999903,4.227984115860769,0.10000000000000853,0.11679514132213095,85.55,0.07000000000000739,0.08182349503215358
WTFC,Wintrust Financial Corp,US,USD,USD,NASDAQ NMS - GLOBAL MARKET,1974-09-16,10769.26,https://static2.finnhub.io/file/publicdatany/finnhubimage/stock_logo/WTFC.png,67.46,Banking,18479399000,https://www.wintrust.com/,66.22,,20260816,AADP,c7c272539eb78b00dd490780d0fd0e13,162.47,0.02,163.315,160.22,162.13,162.45,2026-08-14 20:00:00,2026-08-14,0.0123,cadp_finnhub,0.3199999999999932,0.19737247887497267,3.094999999999999,1.931718886531019,0.8449999999999989,0.5200960177263488,2.25,1.3848710531174986,158.75,3.719999999999999,2.3433070866141725
FTV,Fortive Corp,US,USD,USD,"NEW YORK STOCK EXCHANGE, INC.",2016-06-13,18637.472404387874,https://static2.finnhub.io/file/publicdatany/finnhubimage/stock_logo/FTV.png,302.02,Machinery,13026587581,https://www.fortive.com/,300.71,,20260816,AADP,c83137adc12fda6bd1337ece065e4c09,61.62,-0.19,61.85,61.4301,61.69,61.81,2026-08-14 20:00:00,2026-08-14,-0.3074,cadp_finnhub,0.12000000000000455,0.19452099205706688,0.4198999999999984,0.6835411304881457,0.23000000000000398,0.3732554365465822,0.1898999999999944,0.3081791626095333,61.75,-0.13000000000000256,-0.21052631578947784
PRK,Park National Corp,US,USD,USD,NYSE MKT LLC,1990-08-31,3680.7448467331646,https://static2.finnhub.io/file/publicdatany/finnhubimage/stock_logo/PRK.png,18.06,Banking,16143498451,https://parknationalcorp.com/,17.66,,20260816,AADP,c844099008b61b40a686641af5c13905,207.79,0.18,209.36,206.455,207.41,207.61,2026-08-14 20:00:00,2026-08-14,0.0867,cadp_finnhub,0.20000000000001705,0.09642736608650357,2.905000000000001,1.4070862899905552,1.5700000000000216,0.7555705279368697,1.3349999999999795,0.6424755763029883,,,
SBAC,SBA Communications Corp,US,USD,USD,NASDAQ NMS - GLOBAL MARKET,1999-06-16,19518.77800195181,https://static2.finnhub.io/file/publicdatany/finnhubimage/stock_logo/950521363966.png,106.06,Real Estate,15619957670,https://sbasite.com/,105.1,,20260816,AADP,c85a7dad0ee3379494ea18576d80fd29,185.2,-0.99,187.625,181.36,187.21,186.19,2026-08-14 20:00:00,2026-08-14,-0.5317,cadp_finnhub,-1.0200000000000102,-0.5448426900272476,6.264999999999986,3.454455227172467,2.4250000000000114,1.3093952483801357,3.839999999999975,2.073434125269965,183.83,1.3699999999999761,0.7452537670673862
AZTA,Azenta Inc,US,USD,USD,NASDAQ NMS - GLOBAL MARKET,1995-02-02,1476.8134276942096,https://static2.finnhub.io/file/publicdatany/finnhubimage/stock_logo/AZTA.png,46.09,Life Sciences Tools & Services,18009279800,https://www.azenta.com/,45.63,,20260816,AADP,c85d7326fdebd8a70cc73b24037a1832,33.38,-0.53,33.91,32.97,33.84,33.91,2026-08-14 20:00:00,2026-08-14,-1.563,cadp_finnhub,0.06999999999999318,0.20685579196215476,0.9399999999999977,2.851076736427048,0.529999999999994,1.5877771120431217,0.4100000000000037,1.2282804074296094,,,
TDY,Teledyne Technologies Inc,US,USD,USD,"NEW YORK STOCK EXCHANGE, INC.",1999-11-23,32045.676223086743,https://static2.finnhub.io/file/publicdatany/finnhubimage/stock_logo/TDY.png,46.36,Electrical Equipment,18004831140,https://www.teledyne.com/,45.95,,20260816,AADP,c8a7b251b54c59580c7999e4d1aa16a7,679.67,6.01,681.0,672.64,673.44,673.66,2026-08-14 20:00:00,2026-08-14,0.8921,cadp_finnhub,0.2199999999999136,0.032668092183403656,8.360000000000014,1.2428639391056158,1.330000000000041,0.19568319919961763,7.029999999999973,1.0343254814836573,686.82,-7.150000000000091,-1.0410296729856572
NCLH,Norwegian Cruise Line Holdings Ltd,US,USD,USD,"NEW YORK STOCK EXCHANGE, INC.",2013-01-18,8839.366220327827,https://static2.finnhub.io/file/publicdatany/finnhubimage/stock_logo/NCLH.png,459.11,"Hotels, Restaurants & Leisure",13054364000,https://www.nclhltd.com/,456.03,,20260816,AADP,c8bc436f30b259290cd1e71a577bf804,19.01,-0.54,19.6,18.92,19.46,19.55,2026-08-14 20:00:00,2026-08-14,-2.7621,cadp_finnhub,0.08999999999999986,0.46248715313463434,0.6799999999999997,3.5940803382663833,0.5899999999999999,3.1036296685954747,0.08999999999999986,0.47343503419252947,18.55,0.46000000000000085,2.479784366576824
POOL,Pool Corp,US,USD,USD,NASDAQ NMS - GLOBAL MARKET,1995-10-13,7497.459753902475,https://static2.finnhub.io/file/publicdatany/finnhubimage/stock_logo/POOL.png,36.34,Distributors,13026365400,https://www.poolcorp.com/,35.05,,20260816,AADP,c8d356a76d3919e33f487d8d6828bdc7,194.84,-5.73,201.69,194.47,201.69,200.57,2026-08-14 20:00:00,2026-08-14,-2.8569,cadp_finnhub,-1.1200000000000045,-0.5553076503545067,7.219999999999999,3.712654908212063,6.849999999999994,3.515705194005335,0.37000000000000455,0.1898994046397067,,,
KN,Knowles Corp,US,USD,USD,"NEW YORK STOCK EXCHANGE, INC.",2014-02-14,3337.835712571719,https://static2.finnhub.io/file/publicdatany/finnhubimage/stock_logo/KN.png,85.41,Electrical Equipment,13026587581,https://www.knowles.com/,83.59,,20260816,AADP,c8e167bf79d92de0a3706e594841f2f2,38.51,0.71,39.24,37.7201,37.86,37.8,2026-08-14 20:00:00,2026-08-14,1.8783,cadp_finnhub,-0.060000000000002274,-0.1584786053882786,1.5198999999999998,4.0294166770501665,0.730000000000004,1.8956115294728748,0.7898999999999958,2.051155544014531,,,
ICUI,ICU Medical Inc,US,USD,USD,NASDAQ NMS - GLOBAL MARKET,1992-03-31,4612.816020476768,https://static2.finnhub.io/file/publicdatany/finnhubimage/stock_logo/ICUI.png,24.99,Health Care,13026365400,https://www.icumed.com/,24.51,,20260816,AADP,c91739efc1be4fea11e0d06df99c4ea1,182.98,-0.13,184.33,181.3,182.25,183.11,2026-08-14 20:00:00,2026-08-14,-0.071,cadp_finnhub,0.8600000000000136,0.47187928669410895,3.030000000000001,1.671263099834529,1.3500000000000227,0.7377855503333822,1.6799999999999784,0.9181331293037374,,,
LQDT,Liquidity Services Inc,US,USD,USD,NASDAQ NMS - GLOBAL MARKET,2006-02-23,1311.4825044651275,https://static2.finnhub.io/file/publicdatany/finnhubimage/stock_logo/LQDT.png,31.18,Commercial Services & Supplies,12024676868,https://liquidityservices.com/,23.43,,20260816,AADP,c92f7af17e9e1849d60e3c27a91e2684,43.47,0.53,43.53,42.93,43.04,42.94,2026-08-14 20:00:00,2026-08-14,1.2343,cadp_finnhub,-0.10000000000000142,-0.23234200743494754,0.6000000000000014,1.3976240391334764,0.060000000000002274,0.13802622498275194,0.5399999999999991,1.2422360248447184,,,
HMN,Horace Mann Educators Corp,US,USD,USD,"NEW YORK STOCK EXCHANGE, INC.",1991-11-15,2108.7047693810055,https://static2.finnhub.io/file/publicdatany/finnhubimage/stock_logo/HMN.png,40.38,Insurance,12177892500,https://www.horacemann.com/,39.65,,20260816,AADP,c93a99f40832bb32bf4430b1db636112,52.47,0.59,52.77,51.613,51.97,51.88,2026-08-14 20:00:00,2026-08-14,1.1372,cadp_finnhub,-0.0899999999999963,-0.1731768327881399,1.1570000000000036,2.2416832968438256,0.30000000000000426,0.571755288736429,0.8569999999999993,1.6333142748237075,,,
AVNT,Avient Corp,US,USD,USD,"NEW YORK STOCK EXCHANGE, INC.",2000-09-01,4190.237677477139,https://static2.finnhub.io/file/publicdatany/finnhubimage/stock_logo/942959040656.png,91.71,Chemicals,14409301000,https://www.avient.com/,90.93,,20260816,AADP,c98d80df18aaeb5ee068d47309dbd0c9,46.34,0.22,46.37,44.6298,45.9,46.12,2026-08-14 20:00:00,2026-08-14,0.477,cadp_finnhub,0.21999999999999886,0.47930283224400627,1.7401999999999944,3.8991884346333485,0.02999999999999403,0.06473888649113947,1.7102000000000004,3.6905481225722925,45.65,0.6900000000000048,1.5115005476451366
BLDR,Builders FirstSource Inc,US,USD,USD,"NEW YORK STOCK EXCHANGE, INC.",2005-06-22,8036.3791476737,https://static2.finnhub.io/file/publicdatany/finnhubimage/stock_logo/BLDR.png,107.56,Building,12148803500,https://www.bldr.com/,104.44,,20260816,AADP,c9b35105ff4ec35f375be5effa75ff35,72.51,-1.05,74.74,72.29,73.55,73.56,2026-08-14 20:00:00,2026-08-14,-1.4274,cadp_finnhub,0.010000000000005116,0.013596193065948493,2.4499999999999886,3.3891271268501706,2.2299999999999898,3.075437870638518,0.21999999999999886,0.303406426699764,74.69,-2.1799999999999926,-2.9187307537822904
CNK,Cinemark Holdings Inc,US,USD,USD,"NEW YORK STOCK EXCHANGE, INC.",2007-04-24,4316.5573798629775,https://static2.finnhub.io/file/publicdatany/finnhubimage/stock_logo/CNK.png,116.79,Media,13026365400,https://ir.cinemark.com/,103.88,,20260816,AADP,ca272e6fc0b7592aa380569ced23558e,37.38,-0.28,37.55,36.86,37.25,37.66,2026-08-14 20:00:00,2026-08-14,-0.7435,cadp_finnhub,0.4099999999999966,1.1006711409395882,0.6899999999999977,1.8719479110146438,0.1699999999999946,0.45478865703583354,0.5200000000000031,1.3911182450508377,,,
MTN,Vail Resorts Inc,US,USD,USD,"NEW YORK STOCK EXCHANGE, INC.",1997-02-04,5303.337894249063,https://static2.finnhub.io/file/publicdatany/finnhubimage/stock_logo/MTN.png,35.63,"Hotels, Restaurants & Leisure",13034041800,https://www.vailresorts.com/,34.97,,20260816,AADP,ca2a81faf2adc4638657dbfda063523f,148.3,2.88,149.05,145.16,145.68,145.42,2026-08-14 20:00:00,2026-08-14,1.9805,cadp_finnhub,-0.2600000000000193,-0.17847336628227575,3.890000000000015,2.679801598236439,0.75,0.5057316250842886,3.140000000000015,2.1173297370195647,146.26,2.0400000000000205,1.3947764255435666
DELL,Dell Technologies Inc,US,USD,USD,"NEW YORK STOCK EXCHANGE, INC.",2016-08-01,294170.484731719,https://static2.finnhub.io/file/publicdatany/finnhubimage/stock_logo/DELL.png,648.11,Technology,13026365400,https://www.dell.com/en-in,300.02,,20260816,AADP,cab35090b502ad5f96679a1c347118e5,490.81,-3.7,500.7608,488.65,496.0,494.51,2026-08-14 20:00:00,2026-08-14,-0.7482,cadp_finnhub,-1.490000000000009,-0.30040322580645346,12.11080000000004,2.478420137112461,9.950800000000015,2.02742405411463,2.160000000000025,0.4400888327458742,457.88,32.93000000000001,7.191840656940684
ELS,Equity LifeStyle Properties Inc,US,USD,USD,"NEW YORK STOCK EXCHANGE, INC.",1993-02-25,12647.192065303278,https://static2.finnhub.io/file/publicdatany/finnhubimage/stock_logo/942959044696.png,194.06,Real Estate,13122791400,https://equitylifestyle.gcs-web.com/,192.58,,20260816,AADP,cb0d62d63f6016c62652e499750641fb,65.61,0.6,65.72,64.855,65.15,65.01,2026-08-14 20:00:00,2026-08-14,0.9229,cadp_finnhub,-0.14000000000000057,-0.21488871834228787,0.8649999999999949,1.3337445069770948,0.10999999999999943,0.16765736930345898,0.7549999999999955,1.1507392165828312,64.58,1.0300000000000011,1.5949210281821016
KDP,Keurig Dr Pepper Inc,US,USD,USD,NASDAQ NMS - GLOBAL MARKET,2008-04-28,40830.39017009714,https://static2.finnhub.io/file/publicdatany/finnhubimage/stock_logo/KDP.png,1360.56,Beverages,13026587581,https://www.keurigdrpepper.com/,1292.7,,20260816,AADP,cb0f86fc1240d5244d54c40458922132,31.44,0.32,32.11,31.135,31.268,31.12,2026-08-14 20:00:00,2026-08-14,1.0283,cadp_finnhub,-0.1479999999999997,-0.4733273634386583,0.9749999999999979,3.131524008350724,0.6699999999999982,2.1310432569974496,0.3049999999999997,0.9701017811704826,30.01,1.4299999999999997,4.7650783072309215
TRUP,Trupanion Inc,US,USD,USD,NASDAQ NMS - GLOBAL MARKET,2014-07-18,1184.1216886931818,https://static2.finnhub.io/file/publicdatany/finnhubimage/stock_logo/TRUP.png,43.62,Insurance,18009279800,https://trupanion.com/,36.64,,20260816,AADP,cb4dc92cc0c6bf3274e3916049c3b75a,30.6,-0.4,31.29,30.43,31.065,31.0,2026-08-14 20:00:00,2026-08-14,-1.2903,cadp_finnhub,-0.06500000000000128,-0.2092386930629367,0.8599999999999994,2.82615839631942,0.6899999999999977,2.254901960784306,0.1700000000000017,0.5555555555555611,,,
LEN,Lennar Corp,US,USD,USD,"NEW YORK STOCK EXCHANGE, INC.",1972-07-27,21193.479828920066,https://static2.finnhub.io/file/publicdatany/finnhubimage/stock_logo/LEN.png,240.9,Consumer products,13026587581,https://www.lennar.com/,196.04,,20260816,AADP,cb5006e031c50cd3cc6c6c02083c3664,86.83,-0.71,87.79,86.24,86.99,87.54,2026-08-14 20:00:00,2026-08-14,-0.8111,cadp_finnhub,0.5500000000000114,0.6322565812162448,1.5500000000000114,1.797309833024132,0.960000000000008,1.105608660601184,0.5900000000000034,0.6794886559944759,85.6,1.230000000000004,1.436915887850472
SXT,Sensient Technologies Corp,US,USD,USD,"NEW YORK STOCK EXCHANGE, INC.",1981-05-22,5527.632498538132,https://static2.finnhub.io/file/publicdatany/finnhubimage/stock_logo/SXT.png,42.57,Chemicals,14142716755,https://www.sensient.com/,41.99,,20260816,AADP,cb5902af36ca005c77ec1895035aa31e,133.47,3.48,133.88,129.255,129.99,129.99,2026-08-14 20:00:00,2026-08-14,2.6771,cadp_finnhub,,,4.625,3.5781981354686474,0.4099999999999966,0.30718513523638014,4.215000000000003,3.158013036637449,,,
WTRG,Essential Utilities Inc,US,USD,USD,"NEW YORK STOCK EXCHANGE, INC.",1981-05-22,11444.59,https://static2.finnhub.io/file/publicdatany/finnhubimage/stock_logo/WTRG.png,283.63,Utilities,16105278000,https://www.essential.co/,282.92,,20260816,AADP,cbadcbe84ed42c5e5a33375d2e7130e0,40.38,-0.08,40.57,40.05,40.38,40.46,2026-08-14 20:00:00,2026-08-14,-0.1977,cadp_finnhub,0.0799999999999983,0.1981178801386783,0.5200000000000031,1.2983770287141154,0.18999999999999773,0.4705299653293653,0.3300000000000054,0.8172362555720788,40.25,0.13000000000000256,0.3229813664596337
ICHR,Ichor Holdings Ltd,US,USD,USD,NASDAQ NMS - GLOBAL MARKET,2016-12-09,2558.8731516154903,https://static2.finnhub.io/file/publicdatany/finnhubimage/stock_logo/ICHR.png,34.87,Semiconductors,15108975200,https://www.ichorsystems.com/,34.31,,20260816,AADP,cc316f5e675dbeb751553877c131fe9f,71.05,-0.14,72.13,68.75,69.69,71.19,2026-08-14 20:00:00,2026-08-14,-0.1967,cadp_finnhub,1.5,2.152389151958674,3.3799999999999955,4.91636363636363,1.0799999999999983,1.5200562983814192,2.299999999999997,3.237156931738209,,,
SN,Sharkninja Inc,US,USD,USD,"NEW YORK STOCK EXCHANGE, INC.",2023-07-31,26134.48917290413,https://static2.finnhub.io/file/publicdatany/finnhubimage/stock_logo/950866487406.png,141.52,Consumer products,16172430235,https://ir.sharkninja.com/overview/default.aspx,83.25,,20260816,AADP,cc33553d62652dd8ffcd520539eb7496,185.1,-3.49,190.28,182.78,187.52,188.59,2026-08-14 20:00:00,2026-08-14,-1.8506,cadp_finnhub,1.0699999999999932,0.5706058020477779,7.5,4.103293576977787,5.180000000000007,2.7984873041599174,2.319999999999993,1.2533765532144752,187.17,-2.069999999999993,-1.1059464657797689
BFS,Saul Centers Inc,US,USD,USD,"NEW YORK STOCK EXCHANGE, INC.",1993-08-19,834.4606250647929,https://static2.finnhub.io/file/publicdatany/finnhubimage/stock_logo/942959048826.png,24.54,Real Estate,13019866207,https://www.saulcenters.com/,12.93,,20260816,AADP,cc350af75048d847ca3444aa80060343,34.8,-0.2,35.36,34.665,34.96,35.0,2026-08-14 20:00:00,2026-08-14,-0.5714,cadp_finnhub,0.03999999999999915,0.1144164759725376,0.6950000000000003,2.0049040819270165,0.5600000000000023,1.609195402298857,0.134999999999998,0.38793103448275296,,,
NHI,National Health Investors Inc,US,USD,USD,"NEW YORK STOCK EXCHANGE, INC.",1991-07-24,3649.87196298355,https://static2.finnhub.io/file/publicdatany/finnhubimage/stock_logo/942959045906.png,48.47,Real Estate,16158909100,https://www.nhireit.com,47.3,,20260816,AADP,cc35c985b00db77d87598da5862feee2,72.95,1.68,73.54,71.47,71.47,71.27,2026-08-14 20:00:00,2026-08-14,2.3572,cadp_finnhub,-0.20000000000000284,-0.2798376941374043,2.0700000000000074,2.8963201343221034,0.5900000000000034,0.8087731322823899,1.480000000000004,2.028786840301582,,,
EPC,Edgewell Personal Care Co,US,USD,USD,"NEW YORK STOCK EXCHANGE, INC.",2000-03-27,1308.0033887261736,https://static2.finnhub.io/file/publicdatany/finnhubimage/stock_logo/EPC.png,46.08,Consumer products,12039445500,https://edgewell.com/,45.43,,20260816,AADP,ccba43700eaa186a68dced976785016b,28.42,-0.05,28.67,27.93,28.41,28.47,2026-08-14 20:00:00,2026-08-14,-0.1756,cadp_finnhub,0.05999999999999872,0.2111932418162574,0.740000000000002,2.649480844969574,0.25,0.8796622097114707,0.490000000000002,1.7241379310344898,,,
EWBC,East West Bancorp Inc,US,USD,USD,NASDAQ NMS - GLOBAL MARKET,1999-02-08,18042.40832,https://static2.finnhub.io/file/publicdatany/finnhubimage/stock_logo/EWBC.png,137.01,Banking,13026587581,https://investor.eastwestbank.com/,135.76,,20260816,AADP,cccd110f7c5d7526c3d2bf6d00512766,136.6,0.64,137.305,135.67,135.67,135.96,2026-08-14 20:00:00,2026-08-14,0.4707,cadp_finnhub,0.29000000000002046,0.21375396181913506,1.6350000000000193,1.2051300950836734,0.7050000000000125,0.5161054172767295,0.9300000000000068,0.6808199121522744,131.7,4.900000000000006,3.720577069096436
CAH,Cardinal Health Inc,US,USD,USD,"NEW YORK STOCK EXCHANGE, INC.",1983-08-04,55366.26528748802,https://static2.finnhub.io/file/publicdatany/finnhubimage/stock_logo/CAH.png,234.21,Health Care,16147573033,https://www.cardinalhealth.com/en.html,233.56,,20260816,AADP,cd2cd23174d9cc00be8db0fcd5a57f24,235.17,3.93,235.27,229.33,230.91,231.24,2026-08-14 20:00:00,2026-08-14,1.6995,cadp_finnhub,0.3300000000000125,0.1429128231778669,5.939999999999998,2.5901539266559097,0.10000000000002274,0.042522430582141744,5.839999999999975,2.4833099459965027,237.18,-2.0100000000000193,-0.8474576271186522
OTTR,Otter Tail Corp,US,USD,USD,NASDAQ NMS - GLOBAL MARKET,1980-03-17,3937.8273617287487,https://static2.finnhub.io/file/publicdatany/finnhubimage/stock_logo/OTTR.png,41.98,Utilities,18664108780,https://www.ottertail.com/,41.09,,20260816,AADP,cd3a8c5dc4abb19dd38ca3f0a642524e,92.87,0.0,93.24,92.17,92.39,92.87,2026-08-14 20:00:00,2026-08-14,0.0,cadp_finnhub,0.480000000000004,0.51953674640113,1.0699999999999932,1.1608983400238615,0.36999999999999034,0.39840637450198163,0.7000000000000028,0.7537417895983664,,,
CART,Maplebear Inc,US,USD,USD,NASDAQ NMS - GLOBAL MARKET,2023-09-19,11791.445532827227,https://static2.finnhub.io/file/publicdatany/finnhubimage/stock_logo/950400489496.png,235.03,Retail,18882467822,https://www.instacart.com/,208.76,,20260816,AADP,cd7bd28b07dafee425ad42cbb4d3cfed,48.88,-1.2,49.96,48.15,49.96,50.08,2026-08-14 20:00:00,2026-08-14,-2.3962,cadp_finnhub,0.11999999999999744,0.24019215372297326,1.8100000000000023,3.7590861889927356,1.0799999999999983,2.2094926350245463,0.730000000000004,1.493453355155491,50.56,-1.6799999999999997,-3.3227848101265813
PTGX,Protagonist Therapeutics Inc,US,USD,USD,NASDAQ NMS - GLOBAL MARKET,2016-08-11,9438.996691438364,https://static2.finnhub.io/file/publicdatany/finnhubimage/stock_logo/PTGX.png,64.31,Biotechnology,13026365401,https://www.protagonist-inc.com/,62.52,,20260816,AADP,cd7d32a089ee03be52712fe5377367ab,155.1,3.68,155.53,149.17,150.23,151.42,2026-08-14 20:00:00,2026-08-14,2.4303,cadp_finnhub,1.1899999999999977,0.7921187512480847,6.360000000000014,4.263591875041908,0.4300000000000068,0.27724049000645185,5.930000000000007,3.8233397807865934,,,
RGEN,Repligen Corp,US,USD,USD,NASDAQ NMS - GLOBAL MARKET,1986-04-29,9249.798154184648,https://static2.finnhub.io/file/publicdatany/finnhubimage/stock_logo/RGEN.png,56.44,Life Sciences Tools & Services,13026587581,https://www.repligen.com/,53.2,,20260816,AADP,cda23ac0a20eb7cb7a20844f01a124e6,166.83,-0.66,168.015,165.05,167.49,167.49,2026-08-14 20:00:00,2026-08-14,-0.3941,cadp_finnhub,,,2.964999999999975,1.796425325658876,1.1849999999999739,0.7103039021758519,1.7800000000000011,1.0669543847029916,161.07,5.760000000000019,3.5760849320171477
BA,Boeing Co,US,USD,USD,"NEW YORK STOCK EXCHANGE, INC.",1934-09-05,185278.53620364497,https://static2.finnhub.io/file/publicdatany/finnhubimage/stock_logo/BA.png,790.37,Aerospace & Defense,17034146338,https://www.boeing.com,789.65,,20260816,AADP,cdc808a220bdc6bf385f5f7eaa43c185,231.67,1.34,233.43,229.88,231.63,230.33,2026-08-14 20:00:00,2026-08-14,0.5818,cadp_finnhub,-1.299999999999983,-0.5612399084747153,3.5500000000000114,1.5442839742474384,1.7600000000000193,0.7597012992618896,1.789999999999992,0.7726507532265688,232.43,-0.7600000000000193,-0.3269801660715137
HNI,HNI Corp,US,USD,USD,"NEW YORK STOCK EXCHANGE, INC.",1998-07-02,3587.4350777705054,https://static2.finnhub.io/file/publicdatany/finnhubimage/stock_logo/HNI.png,71.99,Commercial Services & Supplies,15632727400,https://www.hnicorp.com/,70.38,,20260816,AADP,cdecfe4d95fc3f1d54e43e1b43409c84,48.86,-0.5,49.44,48.53,49.04,49.36,2026-08-14 20:00:00,2026-08-14,-1.013,cadp_finnhub,0.3200000000000003,0.652528548123981,0.9099999999999966,1.8751287863177344,0.5799999999999983,1.187065083913218,0.3299999999999983,0.6753990994678638,,,
PRDO,Perdoceo Education Corp,US,USD,USD,NASDAQ NMS - GLOBAL MARKET,1998-01-29,2122.5010897596303,https://static2.finnhub.io/file/publicdatany/finnhubimage/stock_logo/PRDO.png,62.7,Diversified Consumer Services,18009279800,https://www.perdoceoed.com/,61.91,,20260816,AADP,cdf350b88db64f3a773b676adf80eeea,32.01,0.13,32.1,31.365,32.1,31.88,2026-08-14 20:00:00,2026-08-14,0.4078,cadp_finnhub,-0.22000000000000242,-0.6853582554517209,0.735000000000003,2.3433763749402297,0.09000000000000341,0.2811621368322506,0.6449999999999996,2.014995313964385,,,
DUOL,Duolingo Inc,US,USD,USD,NASDAQ NMS - GLOBAL MARKET,2021-07-28,6104.661414992657,https://static2.finnhub.io/file/publicdatany/finnhubimage/stock_logo/DUOL.png,46.59,Diversified Consumer Services,14123476116,https://www.duolingo.com/,39.55,,20260816,AADP,ce91debf53cabe0c4d41bd3770109a59,132.83,-11.27,143.93,132.57,143.4,144.1,2026-08-14 20:00:00,2026-08-14,-7.821,cadp_finnhub,0.6999999999999886,0.48814504881449694,11.360000000000014,8.569057856226909,11.099999999999994,8.35654596100278,0.2600000000000193,0.1957389144018816,130.9,1.9300000000000068,1.4744079449961855
SLG,SL Green Realty Corp,US,USD,USD,"NEW YORK STOCK EXCHANGE, INC.",1997-08-15,4305.903857342627,https://static2.finnhub.io/file/publicdatany/finnhubimage/stock_logo/942959048606.png,70.85,Real Estate,12125942700,https://slgreen.com/,70.64,,20260816,AADP,ce965d542cd129ee7c4b7d2642359ddb,56.09,-1.54,57.98,56.08,57.61,57.63,2026-08-14 20:00:00,2026-08-14,-2.6722,cadp_finnhub,0.020000000000003126,0.03471619510502192,1.8999999999999986,3.3880171184022796,1.8899999999999935,3.369584596184691,0.010000000000005116,0.01782848992691231,,,
NGVT,Ingevity Corp,US,USD,USD,"NEW YORK STOCK EXCHANGE, INC.",2016-05-02,2675.289767806051,https://static2.finnhub.io/file/publicdatany/finnhubimage/stock_logo/NGVT.png,34.77,Chemicals,13023513367,https://www.ingevity.com/,33.98,,20260816,AADP,ced3125fb0a8ae124e088c649c67c2b3,76.77,1.44,76.78,74.7028,75.27,75.33,2026-08-14 20:00:00,2026-08-14,1.9116,cadp_finnhub,0.060000000000002274,0.07971303308091175,2.077200000000005,2.7806186648961013,0.010000000000005116,0.013025921583958728,2.0671999999999997,2.6927185098345707,,,
TALO,Talos Energy Inc,US,USD,USD,"NEW YORK STOCK EXCHANGE, INC.",2018-05-10,2400.963436539773,https://static2.finnhub.io/file/publicdatany/finnhubimage/stock_logo/TALO.png,166.93,Energy,13026587581,https://www.talosenergy.com/,125.22,,20260816,AADP,cee27fd447a2a17fa6d12759d230094b,15.77,0.32,15.9995,15.46,15.63,15.45,2026-08-14 20:00:00,2026-08-14,2.0712,cadp_finnhub,-0.1800000000000015,-1.1516314779270727,0.5394999999999985,3.4896507115135735,0.22949999999999982,1.455294863665186,0.3099999999999987,1.9657577679137523,,,
UFPT,UFP Technologies Inc,US,USD,USD,NASDAQ NMS - GLOBAL MARKET,1993-12-17,2429.476163103665,https://static2.finnhub.io/file/publicdatany/finnhubimage/stock_logo/942959082126.png,7.74,Health Care,13026365400,https://www.ufpt.com/,7.43,,20260816,AADP,cf23aa6a2c5acde85ea937c3405d7761,321.76,1.9,327.6,320.12,320.12,319.86,2026-08-14 20:00:00,2026-08-14,0.594,cadp_finnhub,-0.2599999999999909,-0.08121954267149535,7.480000000000018,2.3366237660877225,5.840000000000032,1.8150174042764893,1.6399999999999864,0.5096966683242126,,,
AUB,Atlantic Union Bankshares Corp,US,USD,USD,"NEW YORK STOCK EXCHANGE, INC.",1993-10-06,5929.59200984213,https://static2.finnhub.io/file/publicdatany/finnhubimage/stock_logo/942959082416.png,141.92,Banking,18009904828,https://www.atlanticunionbank.com/,140.54,,20260816,AADP,cf5a0f328910db01633c799b18b5238f,42.88,0.22,43.01,42.37,42.5,42.66,2026-08-14 20:00:00,2026-08-14,0.5157,cadp_finnhub,0.1599999999999966,0.3764705882352861,0.6400000000000006,1.510502714184566,0.12999999999999545,0.3031716417910342,0.5100000000000051,1.189365671641803,,,
HOMB,Home BancShares Inc,US,USD,USD,"NEW YORK STOCK EXCHANGE, INC.",2006-06-23,6205.547505577035,https://static2.finnhub.io/file/publicdatany/finnhubimage/stock_logo/HOMB.png,200.46,Banking,15013392929,https://www.homebancshares.com,187.66,,20260816,AADP,cf6cdbafa3e1f4fc90ac3ca7998efe4d,31.39,0.04,31.54,31.045,31.27,31.35,2026-08-14 20:00:00,2026-08-14,0.1276,cadp_finnhub,0.08000000000000185,0.25583626479053995,0.49499999999999744,1.5944596553390156,0.14999999999999858,0.477859190825099,0.34499999999999886,1.0990761388977346,30.76,0.629999999999999,2.0481144343302957
TER,Teradyne Inc,US,USD,USD,NASDAQ NMS - GLOBAL MARKET,1979-05-15,59301.60987018123,https://static2.finnhub.io/file/publicdatany/finnhubimage/stock_logo/TER.png,156.54,Semiconductors,19783702700,https://www.teradyne.com/,156.11,,20260816,AADP,cf8e9d86d2248c142c4b7a04d72f0b74,418.79,8.27,419.0,398.42,410.51,410.52,2026-08-14 20:00:00,2026-08-14,2.0145,cadp_finnhub,0.009999999999990905,0.0024359942510513524,20.579999999999984,5.165403343205658,0.20999999999997954,0.05014446381240706,20.370000000000005,4.8640129898039595,379.31,39.48000000000002,10.408373098521004
MO,Altria Group Inc,US,USD,USD,"NEW YORK STOCK EXCHANGE, INC.",1923-03-15,114126.99532489224,https://static2.finnhub.io/file/publicdatany/finnhubimage/stock_logo/MO.png,1669.89,Tobacco,18042742200,https://www.altria.com/,1667.71,,20260816,AADP,cfeffaf1f2b5b198ddecbe0757644ad3,,,,,,,,,,cadp_finnhub,,,,,,,,,,,
BYD,Boyd Gaming Corp,US,USD,USD,"NEW YORK STOCK EXCHANGE, INC.",1993-10-15,6060.914563804801,https://static2.finnhub.io/file/publicdatany/finnhubimage/stock_logo/BYD.png,74.33,"Hotels, Restaurants & Leisure",17027927200,https://www.boydgaming.com/,49.34,,20260816,AADP,d08a1614a6062b6d6045003868ce691f,84.13,0.87,84.255,82.955,83.36,83.26,2026-08-14 20:00:00,2026-08-14,1.0449,cadp_finnhub,-0.09999999999999432,-0.11996161228406228,1.2999999999999972,1.5671147007413626,0.125,0.14857957922263165,1.1749999999999972,1.396648044692734,81.46,2.6700000000000017,3.2776822980604
USB,US Bancorp,US,USD,USD,"NEW YORK STOCK EXCHANGE, INC.",1984-05-07,99618.52214435981,https://static2.finnhub.io/file/publicdatany/finnhubimage/stock_logo/USB.png,1558.0,Banking,13026587581,https://www.usbank.com/,1555.67,,20260816,AADP,d0bba73abaf29cfaca1bae34976ac89b,65.42,0.25,65.56,64.93,65.07,65.17,2026-08-14 20:00:00,2026-08-14,0.3836,cadp_finnhub,0.10000000000000853,0.15368065160597594,0.6299999999999955,0.9702756815031502,0.14000000000000057,0.21400183430143774,0.4899999999999949,0.7490064200550212,63.94,1.480000000000004,2.314670003127939
WRLD,World Acceptance Corp,US,USD,USD,NASDAQ NMS - GLOBAL MARKET,1991-11-26,844.0,https://static2.finnhub.io/file/publicdatany/finnhubimage/stock_logo/942959084896.png,4.66,Financial Services,18642989800,https://www.loansbyworld.com/,3.72,,20260816,AADP,d0f8879dbee66697f0e882d3ed08ebba,194.75,7.06,197.48,190.23,195.53,187.69,2026-08-14 20:00:00,2026-08-14,3.7615,cadp_finnhub,-7.840000000000003,-4.009614892855319,7.25,3.8111759449087947,2.7299999999999898,1.4017971758664902,4.52000000000001,2.320924261874203,,,
WEX,WEX Inc,US,USD,USD,"NEW YORK STOCK EXCHANGE, INC.",2005-02-16,6352.81,https://static2.finnhub.io/file/publicdatany/finnhubimage/stock_logo/WEX.png,34.08,Financial Services,12077738171,https://www.wexinc.com/,33.55,,20260816,AADP,d103452c6060f42eeb03dc39bc3132cc,191.78,-7.23,199.0,191.42,199.0,199.01,2026-08-14 20:00:00,2026-08-14,-3.633,cadp_finnhub,0.009999999999990905,0.0050251256281361335,7.5800000000000125,3.959878800543315,7.219999999999999,3.764730420273229,0.36000000000001364,0.18771509020753657,188.78,3.0,1.5891513931560546
APAM,Artisan Partners Asset Management Inc,US,USD,USD,"NEW YORK STOCK EXCHANGE, INC.",2013-03-07,3449.393531993031,https://static2.finnhub.io/file/publicdatany/finnhubimage/stock_logo/APAM.png,81.06,Financial Services,13026587581,https://www.apam.com/,69.36,,20260816,AADP,d1047316ffe4f91b97f72bfb483206b1,42.18,-0.5,42.65,41.965,42.65,42.68,2026-08-14 20:00:00,2026-08-14,-1.1715,cadp_finnhub,0.030000000000001137,0.07033997655334381,0.6849999999999952,1.6323126414869418,0.46999999999999886,1.114272166903743,0.2149999999999963,0.509720246562343,,,
TNDM,Tandem Diabetes Care Inc,US,USD,USD,NASDAQ NMS - GLOBAL MARKET,2013-11-13,1533.6809578531131,https://static2.finnhub.io/file/publicdatany/finnhubimage/stock_logo/TNDM.png,68.53,Health Care,13026365400,https://www.tandemdiabetes.com/,67.71,,20260816,AADP,d105fbd4afe1ebac36f27700dd0f65e1,22.72,-0.41,22.92,22.355,22.92,23.13,2026-08-14 20:00:00,2026-08-14,-1.7726,cadp_finnhub,0.2099999999999973,0.9162303664921347,0.5650000000000013,2.5273987922165118,0.20000000000000284,0.8802816901408576,0.36499999999999844,1.6065140845070356,,,
IDCC,InterDigital Inc,US,USD,USD,NASDAQ NMS - GLOBAL MARKET,1981-11-12,8891.718003924363,https://static2.finnhub.io/file/publicdatany/finnhubimage/stock_logo/IDCC.png,25.85,Technology,13022813600,https://www.interdigital.com/,25.4,,20260816,AADP,d12d3a07631a920131bc37d464ac00ce,343.65,-0.42,347.1099,341.3,344.07,344.07,2026-08-14 20:00:00,2026-08-14,-0.1221,cadp_finnhub,,,5.8098999999999705,1.7022853794315764,3.4599000000000046,1.0068092536010491,2.349999999999966,0.683835297541093,344.56,-0.910000000000025,-0.2641049454376669
WWD,Woodward Inc,US,USD,USD,NASDAQ NMS - GLOBAL MARKET,1993-10-28,21228.18,https://static2.finnhub.io/file/publicdatany/finnhubimage/stock_logo/WWD.png,59.58,Aerospace & Defense,13026365400,https://www.woodward.com/,58.89,,20260816,AADP,d138971f5da13eb96ba60510f16cbd6f,370.56,12.02,371.0,357.7,359.67,358.54,2026-08-14 20:00:00,2026-08-14,3.3525,cadp_finnhub,-1.1299999999999955,-0.3141768843662233,13.300000000000011,3.7181996086105706,0.4399999999999977,0.11873920552676968,12.860000000000014,3.470423143350608,356.11,14.449999999999989,4.057734969531883
STEP,StepStone Group Inc,US,USD,USD,NASDAQ NMS - GLOBAL MARKET,2020-09-16,5600.60450081224,https://static2.finnhub.io/file/publicdatany/finnhubimage/stock_logo/950763838296.png,120.68,Financial Services,13026587581,https://www.stepstonegroup.com,77.63,,20260816,AADP,d1893579b26b953dcd3188bdc6a8140d,50.4,-1.56,53.02,50.05,51.87,51.96,2026-08-14 20:00:00,2026-08-14,-3.0023,cadp_finnhub,0.09000000000000341,0.1735106998264959,2.970000000000006,5.934065934065947,2.6200000000000045,5.1984126984127075,0.3500000000000014,0.6944444444444473,,,
CTS,CTS Corp,US,USD,USD,"NEW YORK STOCK EXCHANGE, INC.",1980-03-17,1891.2769360860248,https://static2.finnhub.io/file/publicdatany/finnhubimage/stock_logo/942959036306.png,28.56,Electrical Equipment,15745233800,https://www.ctscorp.com/,27.95,,20260816,AADP,d1c624e8a74154ba20e1adc31e31ebc9,63.47,0.9,64.23,62.4,62.48,62.57,2026-08-14 20:00:00,2026-08-14,1.4384,cadp_finnhub,0.09000000000000341,0.14404609475032557,1.8300000000000054,2.9326923076923164,0.7600000000000051,1.1974161020954863,1.0700000000000003,1.685835827950213,,,
JLL,Jones Lang LaSalle Inc,US,USD,USD,"NEW YORK STOCK EXCHANGE, INC.",1997-07-17,16672.271117140037,https://static2.finnhub.io/file/publicdatany/finnhubimage/stock_logo/JLL.png,46.39,Real Estate,13127825800,https://www.jll.com/en-us/,45.54,,20260816,AADP,d215c147ec068ae9e995c001fa02f74c,375.0,5.48,375.71,366.26,369.28,369.52,2026-08-14 20:00:00,2026-08-14,1.483,cadp_finnhub,0.2400000000000091,0.0649913344887373,9.449999999999989,2.580134330803251,0.7099999999999795,0.18933333333332789,8.740000000000009,2.330666666666669,362.38,12.620000000000005,3.4825321485733225
PFS,Provident Financial Services Inc,US,USD,USD,"NEW YORK STOCK EXCHANGE, INC.",2003-01-16,3187.4728618472723,https://static2.finnhub.io/file/publicdatany/finnhubimage/stock_logo/PFS.png,130.31,Banking,12013331000,https://www.provident.bank/,126.43,,20260816,AADP,d24d05713140e9f9e736eade5895e36d,24.64,-0.37,24.89,24.61,24.69,25.01,2026-08-14 20:00:00,2026-08-14,-1.4794,cadp_finnhub,0.3200000000000003,1.2960712839206168,0.28000000000000114,1.1377488825680664,0.25,1.0146103896103895,0.030000000000001137,0.12175324675325137,,,
PRVA,Privia Health Group Inc,US,USD,USD,NASDAQ NMS - GLOBAL MARKET,2021-04-29,2828.9778156886364,https://static2.finnhub.io/file/publicdatany/finnhubimage/stock_logo/950715461096.png,126.01,Health Care,15713668850,https://www.priviahealth.com/,118.12,,20260816,AADP,d26b0455a2ad8f7d2ce3d461f4d73b58,22.0,0.24,22.25,21.55,21.72,21.76,2026-08-14 20:00:00,2026-08-14,1.1029,cadp_finnhub,0.0400000000000027,0.18416206261511373,0.6999999999999993,3.2482598607888593,0.25,1.1363636363636365,0.4499999999999993,2.0454545454545423,,,
CME,CME Group Inc,US,USD,USD,NASDAQ NMS - GLOBAL MARKET,2002-12-06,94806.66737618955,https://static2.finnhub.io/file/publicdatany/finnhubimage/stock_logo/CME.png,359.58,Financial Services,13026587581,https://www.cmegroup.com/,357.93,,20260816,AADP,d27a55f56302273f286613a91faa8a81,269.8,2.59,271.09,265.56,266.88,267.21,2026-08-14 20:00:00,2026-08-14,0.9693,cadp_finnhub,0.3299999999999841,0.1236510791366847,5.529999999999973,2.0823919264949438,1.2899999999999636,0.47813194959227706,4.240000000000009,1.5715344699777645,263.66,6.139999999999986,2.3287567321550426
IVT,Inventrust Properties Corp,US,USD,USD,"NEW YORK STOCK EXCHANGE, INC.",2014-02-20,2591.223225906306,https://static2.finnhub.io/file/publicdatany/finnhubimage/stock_logo/942970476236.png,77.94,Real Estate,18553770510,https://www.inventrustproperties.com/,77.18,,20260816,AADP,d28748e4703b11ad01f161338375c216,33.63,0.07,33.98,33.41,33.82,33.56,2026-08-14 20:00:00,2026-08-14,0.2086,cadp_finnhub,-0.259999999999998,-0.768775872264926,0.5700000000000003,1.7060760251421738,0.3499999999999943,1.040737436812353,0.22000000000000597,0.654177817424936,,,
STE,STERIS plc,IE,USD,USD,"NEW YORK STOCK EXCHANGE, INC.",2015-11-03,23143.275087844977,https://static2.finnhub.io/file/publicdatany/finnhubimage/stock_logo/STE.png,97.46,Health Care,35312322000,https://www.steris.com/,97.14,,20260816,AADP,d2d34d35f833ad52c038ca933b29ef44,233.28,-2.79,238.24,232.43,236.54,236.07,2026-08-14 20:00:00,2026-08-14,-1.1819,cadp_finnhub,-0.46999999999999886,-0.1986978946478392,5.810000000000002,2.4996773222045356,4.960000000000008,2.126200274348426,0.8499999999999943,0.36436899862825545,237.47,-4.189999999999998,-1.7644334021139505
WU,Western Union Co,US,USD,USD,"NEW YORK STOCK EXCHANGE, INC.",2006-09-20,2402.63,https://static2.finnhub.io/file/publicdatany/finnhubimage/stock_logo/WU.png,312.44,Financial Services,13026587581,https://www.westernunion.com/corporate/about-us.html,308.94,,20260816,AADP,d2e35fb8300d5f4ceb5c899e376cfc8e,7.45,-0.04,7.51,7.3,7.46,7.49,2026-08-14 20:00:00,2026-08-14,-0.534,cadp_finnhub,0.03000000000000025,0.4021447721179658,0.20999999999999996,2.876712328767123,0.05999999999999961,0.8053691275167733,0.15000000000000036,2.013422818791951,,,
INTC,Intel Corp,US,USD,USD,NASDAQ NMS - GLOBAL MARKET,1971-10-13,512722.5874589911,https://static2.finnhub.io/file/publicdatany/finnhubimage/stock_logo/INTC.png,5044.0,Semiconductors,13026587581,https://www.intel.com/,4303.66,,20260816,AADP,d32a882d646b48d522e6bbde6650609a,102.5,-2.06,106.87,102.05,104.48,104.56,2026-08-14 20:00:00,2026-08-14,-1.9702,cadp_finnhub,0.0799999999999983,0.07656967840734906,4.820000000000007,4.723174914257725,4.3700000000000045,4.263414634146346,0.45000000000000284,0.43902439024390516,101.65,0.8499999999999943,0.8362026561731375
SEDG,Solaredge Technologies Inc,IL,USD,USD,NASDAQ NMS - GLOBAL MARKET,2015-03-26,1954.057563839608,https://static2.finnhub.io/file/publicdatany/finnhubimage/stock_logo/SEDG.png,60.82,Semiconductors,13026365401,https://www.solaredge.com/,60.09,,20260816,AADP,d32da96055f0ecb52c035bfa19237dd4,32.42,0.24,33.49,32.16,32.2,32.18,2026-08-14 20:00:00,2026-08-14,0.7458,cadp_finnhub,-0.020000000000003126,-0.06211180124224573,1.3300000000000054,4.1355721393035,1.0700000000000003,3.300431832202345,0.2600000000000051,0.8019740900678751,,,
BMRN,BioMarin Pharmaceutical Inc,US,USD,USD,NASDAQ NMS - GLOBAL MARKET,1999-07-23,12333.47987407566,https://static2.finnhub.io/file/publicdatany/finnhubimage/stock_logo/BMRN.png,193.28,Biotechnology,14155066700,https://www.biomarin.com/,192.6,,20260816,AADP,d33b7455a9584c5e7dc176b376191970,67.36,-1.17,68.53,67.12,68.53,68.53,2026-08-14 20:00:00,2026-08-14,-1.7073,cadp_finnhub,,,1.4099999999999966,2.100715137067933,1.1700000000000017,1.7369358669833757,0.23999999999999488,0.35629453681709455,63.81,3.549999999999997,5.563391317975235
FDX,FedEx Corp,US,USD,USD,"NEW YORK STOCK EXCHANGE, INC.",1978-12-28,75367.66917556967,https://static2.finnhub.io/file/publicdatany/finnhubimage/stock_logo/FDX.png,236.58,Logistics & Transportation,13026587581,https://www.fedex.com/en-us/home.html,218.74,,20260816,AADP,d33cb9efc33569d7f124040189c1476d,334.64,-4.71,341.69,333.49,339.03,339.35,2026-08-14 20:00:00,2026-08-14,-1.3879,cadp_finnhub,0.32000000000005,0.0943869274105684,8.199999999999989,2.4588443431587117,7.050000000000011,2.106741573033711,1.1499999999999773,0.3436528807076193,318.57,16.069999999999993,5.044417239539189
CRGY,Crescent Energy Co,US,USD,USD,"NEW YORK STOCK EXCHANGE, INC.",2021-12-08,3822.77062722948,https://static2.finnhub.io/file/publicdatany/finnhubimage/stock_logo/950805151806.png,330.25,Energy,13023389130,https://www.crescentenergyco.com/,286.16,,20260816,AADP,d3645acc5830ab1b567b9fc5cb5cc2f7,12.2,0.3,12.305,11.976,12.08,11.9,2026-08-14 20:00:00,2026-08-14,2.521,cadp_finnhub,-0.17999999999999972,-1.4900662251655605,0.32899999999999885,2.7471609886439445,0.10500000000000043,0.8606557377049215,0.22399999999999842,1.836065573770479,,,
SYF,Synchrony Financial,US,USD,USD,"NEW YORK STOCK EXCHANGE, INC.",2014-07-31,25570.894475637087,https://static2.finnhub.io/file/publicdatany/finnhubimage/stock_logo/SYF.png,325.37,Financial Services,12035856730,https://www.synchrony.com/,324.19,,20260816,AADP,d373b632c9308cb885f49560104ccbc0,81.0,0.92,81.09,79.98,80.0,80.08,2026-08-14 20:00:00,2026-08-14,1.1489,cadp_finnhub,0.0799999999999983,0.09999999999999788,1.1099999999999994,1.3878469617404343,0.09000000000000341,0.11111111111111532,1.019999999999996,1.2592592592592544,78.59,2.4099999999999966,3.0665479068583745
RYN,Rayonier Inc,US,USD,USD,"NEW YORK STOCK EXCHANGE, INC.",1994-02-17,6588.890274877274,https://static2.finnhub.io/file/publicdatany/finnhubimage/stock_logo/942959048046.png,300.75,Real Estate,19043579100,https://www.rayonier.com/,297.16,,20260816,AADP,d38f199084344d3bc7a30eb8f658d090,21.57,-0.19,21.92,21.48,21.75,21.76,2026-08-14 20:00:00,2026-08-14,-0.8732,cadp_finnhub,0.010000000000001563,0.04597701149426006,0.4400000000000013,2.0484171322160205,0.3500000000000014,1.6226240148354263,0.08999999999999986,0.4172461752433929,21.6,-0.030000000000001137,-0.13888888888889414
NAVI,Navient Corp,US,USD,USD,NASDAQ NMS - GLOBAL MARKET,2014-04-17,853.4238256733403,https://static2.finnhub.io/file/publicdatany/finnhubimage/stock_logo/NAVI.png,93.99,Financial Services,17038103000,https://www.navient.com/,91.84,,20260816,AADP,d3bd066961424b81b1b0c75b5be721b5,9.17,-0.07,9.31,8.9,9.23,9.24,2026-08-14 20:00:00,2026-08-14,-0.7576,cadp_finnhub,0.009999999999999787,0.10834236186348632,0.41000000000000014,4.606741573033709,0.14000000000000057,1.5267175572519145,0.2699999999999996,2.94438386041439,,,
LTH,"Life Time Group Holdings, Inc",US,USD,USD,"NEW YORK STOCK EXCHANGE, INC.",2021-10-07,9789.868357974241,https://static2.finnhub.io/file/publicdatany/finnhubimage/stock_logo/950460447606.png,222.6,"Hotels, Restaurants & Leisure",18004831140,https://ir.lifetime.life/,163.32,,20260816,AADP,d3fa16b3396800b18caef3e138da3ce6,45.26,0.95,45.28,44.1,44.22,44.31,2026-08-14 20:00:00,2026-08-14,2.144,cadp_finnhub,0.09000000000000341,0.20352781546812168,1.1799999999999997,2.6757369614512463,0.020000000000003126,0.04418912947415627,1.1599999999999966,2.5629695095006557,,,
CCOI,Cogent Communications Holdings Inc,US,USD,USD,NASDAQ NMS - GLOBAL MARKET,2002-02-05,496.7704139321723,https://static2.finnhub.io/file/publicdatany/finnhubimage/stock_logo/CCOI.png,50.08,Telecommunication,18009279800,https://www.cogentco.com/,47.96,,20260816,AADP,d40628f20e4dbebabfa60f93e5b809a0,11.31,0.96,11.47,10.05,10.17,10.35,2026-08-14 20:00:00,2026-08-14,9.2754,cadp_finnhub,0.17999999999999972,1.769911504424776,1.42,14.129353233830845,0.16000000000000014,1.4146772767462434,1.2599999999999998,11.140583554376656,,,
AZO,Autozone Inc,US,USD,USD,"NEW YORK STOCK EXCHANGE, INC.",1991-04-02,51054.123043336534,https://static2.finnhub.io/file/publicdatany/finnhubimage/stock_logo/AZO.png,16.33,Retail,19014956500,https://www.autozone.com/,16.27,,20260816,AADP,d4779542793a717a3578e3e62f54cb0a,3025.0,-15.37,3053.9699,3007.8,3052.28,3040.37,2026-08-14 20:00:00,2026-08-14,-0.5055,cadp_finnhub,-11.91000000000031,-0.39020011270264554,46.16989999999987,1.5350056519715363,28.969900000000052,0.9576826446281008,17.199999999999818,0.568595041322308,3067.41,-42.409999999999854,-1.3825996524755366
WLY,John Wiley & Sons Inc,US,USD,USD,"NEW YORK STOCK EXCHANGE, INC.",1995-07-12,2668.27,https://static2.finnhub.io/file/publicdatany/finnhubimage/stock_logo/942959084856.png,50.76,Media,12017486000,https://www.wiley.com/,37.88,,20260816,AADP,d4d12c31de7693e40ed04efa07e75e80,51.39,-0.43,52.3,51.26,52.3,51.82,2026-08-14 20:00:00,2026-08-14,-0.8298,cadp_finnhub,-0.4799999999999969,-0.9177820267686366,1.0399999999999991,2.028872415138508,0.9099999999999966,1.7707725238373158,0.13000000000000256,0.25296750340533675,,,
VTOL,Bristow Group Inc,US,USD,USD,"NEW YORK STOCK EXCHANGE, INC.",2013-01-22,1323.2402459575133,https://static2.finnhub.io/file/publicdatany/finnhubimage/stock_logo/950007880316.png,29.61,Energy,13026587581,https://www.bristowgroup.com/,28.64,,20260816,AADP,d4d7054a7dc7a3157252e47b82a2c821,46.53,0.05,47.14,46.37,46.52,46.48,2026-08-14 20:00:00,2026-08-14,0.1076,cadp_finnhub,-0.04000000000000625,-0.08598452278591197,0.7700000000000031,1.6605563942204078,0.6099999999999994,1.3109821620459907,0.1600000000000037,0.34386417365141564,,,
DAR,Darling Ingredients Inc,US,USD,USD,"NEW YORK STOCK EXCHANGE, INC.",1997-09-12,9441.873774645184,https://static2.finnhub.io/file/publicdatany/finnhubimage/stock_logo/DAR.png,158.93,Food Products,13026587581,https://www.darlingii.com/,156.66,,20260816,AADP,d510b738eb150023b2b2636b2c7ebfee,67.04,1.3,67.68,65.86,66.35,65.74,2026-08-14 20:00:00,2026-08-14,1.9775,cadp_finnhub,-0.6099999999999994,-0.9193669932177837,1.8200000000000074,2.76343759489828,0.6400000000000006,0.9546539379474948,1.1800000000000068,1.7601431980907023,59.41,7.63000000000001,12.842955731358375
XYZ,Block Inc,US,USD,USD,"NEW YORK STOCK EXCHANGE, INC.",2015-11-19,49156.0,https://static2.finnhub.io/file/publicdatany/finnhubimage/stock_logo/SQ.png,595.18,Financial Services,13026587581,https://squareup.com,525.19,,20260816,AADP,d5196675283252d875a9c013547c6d59,82.88,-0.21,83.41,82.39,82.87,83.09,2026-08-14 20:00:00,2026-08-14,-0.2527,cadp_finnhub,0.21999999999999886,0.2654760468203196,1.019999999999996,1.2380143221264668,0.5300000000000011,0.6394787644787658,0.4899999999999949,0.5912162162162101,79.0,3.8799999999999955,4.911392405063285
PRSU,Pursuit Attractions and Hospitality Inc,US,USD,USD,"NEW YORK STOCK EXCHANGE, INC.",2004-06-22,1245.1538852242502,https://static2.finnhub.io/file/publicdatany/finnhubimage/stock_logo/942959052076.png,27.32,"Hotels, Restaurants & Leisure",13026587581,https://www.viad.com/,20.34,,20260816,AADP,d5253d28e2a0caa6cf868c69a0947e3e,47.96,0.78,48.585,46.75,47.0,47.18,2026-08-14 20:00:00,2026-08-14,1.6532,cadp_finnhub,0.17999999999999972,0.38297872340425476,1.8350000000000009,3.9251336898395737,0.625,1.3031693077564637,1.2100000000000009,2.5229357798165157,,,
NSP,Insperity Inc,US,USD,USD,"NEW YORK STOCK EXCHANGE, INC.",1997-01-29,2006.0155433101838,https://static2.finnhub.io/file/publicdatany/finnhubimage/stock_logo/NSP.png,38.17,Professional Services,13026365400,https://www.insperity.com/,35.81,,20260816,AADP,d52b16e18cfdb8717d4a403473a2db6f,52.2,-1.57,54.28,51.65,54.28,53.77,2026-08-14 20:00:00,2026-08-14,-2.9198,cadp_finnhub,-0.509999999999998,-0.9395725865880581,2.6300000000000026,5.091965150048408,2.0799999999999983,3.9846743295019125,0.5500000000000043,1.0536398467433032,,,
GPC,Genuine Parts Co,US,USD,USD,"NEW YORK STOCK EXCHANGE, INC.",1986-08-20,18697.91989390813,https://static2.finnhub.io/file/publicdatany/finnhubimage/stock_logo/GPC.png,137.86,Distributors,16789345000,https://www.genpt.com/,137.27,,20260816,AADP,d531400a5a6051e2736afd65ccc7a3ee,135.03,-0.32,135.875,133.995,134.82,135.35,2026-08-14 20:00:00,2026-08-14,-0.2364,cadp_finnhub,0.5300000000000011,0.39311674825693604,1.8799999999999955,1.4030374267696522,0.8449999999999989,0.6257868621787742,1.0349999999999966,0.7664963341479646,135.63,-0.5999999999999943,-0.4423800044237959
AFL,Aflac Inc,US,USD,USD,"NEW YORK STOCK EXCHANGE, INC.",1974-06-15,63424.609450536314,https://static2.finnhub.io/file/publicdatany/finnhubimage/stock_logo/AFL.png,508.98,Insurance,17063233431,https://www.aflac.com/,453.74,,20260816,AADP,d5597a6223016bfe310fbce46b0d60c5,121.45,0.35,121.905,120.725,120.97,121.1,2026-08-14 20:00:00,2026-08-14,0.289,cadp_finnhub,0.12999999999999545,0.10746466065966392,1.1800000000000068,0.9774280389314615,0.4549999999999983,0.37463976945244815,0.7250000000000085,0.5969534787978662,124.61,-3.1599999999999966,-2.5359120455822137
WTS,Watts Water Technologies Inc,US,USD,USD,"NEW YORK STOCK EXCHANGE, INC.",1986-08-21,11490.47,https://static2.finnhub.io/file/publicdatany/finnhubimage/stock_logo/WTS.png,33.39,Machinery,13026587581,https://www.watts.com/,27.18,,20260816,AADP,d56023b3b867098b9f19704487cbca49,384.42,1.37,386.35,378.595,381.82,383.05,2026-08-14 20:00:00,2026-08-14,0.3577,cadp_finnhub,1.2300000000000182,0.32214132313656124,7.7549999999999955,2.0483630264530683,1.9300000000000068,0.5020550439623346,5.824999999999989,1.5152697570365716,384.1,0.3199999999999932,0.08331163759437468
AAL,American Airlines Group Inc,US,USD,USD,NASDAQ NMS - GLOBAL MARKET,2013-12-09,10551.800812575171,https://static2.finnhub.io/file/publicdatany/finnhubimage/stock_logo/AAL.png,661.97,Airlines,16822789000,https://americanairlines.gcs-web.com/,651.67,,20260816,AADP,d56758fd0cce97e42e9b5875ca5d2ccd,14.83,-0.23,15.16,14.79,15.01,15.06,2026-08-14 20:00:00,2026-08-14,-1.5272,cadp_finnhub,0.05000000000000071,0.3331112591605644,0.370000000000001,2.5016903313049426,0.33000000000000007,2.2252191503708705,0.040000000000000924,0.2697235333782935,15.0,-0.16999999999999993,-1.1333333333333329
KGS,Kodiak Gas Services Inc,US,USD,USD,"NEW YORK STOCK EXCHANGE, INC.",2023-06-29,6045.0430612785785,https://static2.finnhub.io/file/publicdatany/finnhubimage/stock_logo/950679432956.png,100.89,Energy,18003166660,https://ir.kodiakgas.com/,100.26,,20260816,AADP,d586e06f13cb821f15b6a188cad3a2a4,65.35,2.96,65.49,62.2,62.33,62.39,2026-08-14 20:00:00,2026-08-14,4.7444,cadp_finnhub,0.060000000000002274,0.09626183218354288,3.289999999999992,5.289389067524103,0.14000000000000057,0.21423106350420898,3.1499999999999915,4.82019892884467,,,
PECO,Phillips Edison & Co Inc,US,USD,USD,NASDAQ NMS - GLOBAL MARKET,2020-07-20,5749.825048035365,https://static2.finnhub.io/file/publicdatany/finnhubimage/stock_logo/950006267626.png,128.7,Real Estate,15135541110,https://www.phillipsedison.com/,127.97,,20260816,AADP,d5d0ba539e116c41798c23d82ed1fa19,40.5,0.07,40.91,40.385,40.44,40.43,2026-08-14 20:00:00,2026-08-14,0.1731,cadp_finnhub,-0.00999999999999801,-0.024727992087037614,0.5249999999999986,1.2999876191655282,0.4099999999999966,1.0123456790123373,0.11500000000000199,0.28395061728395554,,,
MRSH,Marsh & McLennan Companies Inc,US,USD,USD,"NEW YORK STOCK EXCHANGE, INC.",1969-06-04,91457.53733114389,https://static2.finnhub.io/file/publicdatany/finnhubimage/stock_logo/MMC.png,477.21,Insurance,12123455000,https://www.marshmclennan.com/,476.73,,20260816,AADP,d5e55d32f3127e2678d0b7c446110bb5,187.82,-0.87,189.86,187.03,188.68,188.69,2026-08-14 20:00:00,2026-08-14,-0.4611,cadp_finnhub,0.009999999999990905,0.005299978800079979,2.8300000000000125,1.5131262364326645,2.0400000000000205,1.086146310297104,0.789999999999992,0.4206154829091641,190.79,-2.969999999999999,-1.5566853608679696
PANW,Palo Alto Networks Inc,US,USD,USD,NASDAQ NMS - GLOBAL MARKET,2012-07-20,296545.8919442495,https://static2.finnhub.io/file/publicdatany/finnhubimage/stock_logo/PANW.png,815.0,Technology,13026365400,https://www.paloaltonetworks.com/,808.69,,20260816,AADP,d5f07df4bb989b1235250ed6398650a5,384.27,-11.73,397.3061,380.8455,396.76,396.0,2026-08-14 20:00:00,2026-08-14,-2.9621,cadp_finnhub,-0.7599999999999909,-0.1915515676983544,16.4606,4.322120124827522,13.036100000000033,3.3924324042990692,3.4244999999999663,0.8911702709032625,385.04,-0.7700000000000387,-0.19997922293788659
L,Loews Corp,US,USD,USD,"NEW YORK STOCK EXCHANGE, INC.",1959-03-13,23617.535072736417,https://static2.finnhub.io/file/publicdatany/finnhubimage/stock_logo/L.png,205.77,Insurance,12125212000,https://www.loews.com/,166.82,,20260816,AADP,d60abd7c28beb7a27f29351446c15aab,113.03,0.31,113.29,112.16,112.46,112.72,2026-08-14 20:00:00,2026-08-14,0.275,cadp_finnhub,0.2600000000000051,0.2311933131780234,1.1300000000000097,1.0074893009985821,0.2600000000000051,0.23002742634699205,0.8700000000000045,0.7697071573918469,115.53,-2.5,-2.1639401021379725
RAMP,Liveramp Holdings Inc,US,USD,USD,"NEW YORK STOCK EXCHANGE, INC.",1983-12-14,2298.6581412139076,https://static2.finnhub.io/file/publicdatany/finnhubimage/stock_logo/RAMP.png,60.79,Technology,13026587581,https://liveramp.com/,58.11,,20260816,AADP,d60d9542750b359ac11a34d1b7f8bf0e,37.85,-0.07,37.95,37.82,37.9,37.92,2026-08-14 20:00:00,2026-08-14,-0.1846,cadp_finnhub,0.020000000000003126,0.05277044854882092,0.13000000000000256,0.34373347435220136,0.10000000000000142,0.26420079260238155,0.030000000000001137,0.07926023778071634,,,
PKG,Packaging Corp of America,US,USD,USD,"NEW YORK STOCK EXCHANGE, INC.",2000-01-28,22812.817852154305,https://static2.finnhub.io/file/publicdatany/finnhubimage/stock_logo/PKG.png,89.1,Packaging,13026587581,https://www.packagingcorp.com,86.08,,20260816,AADP,d62c0392dbf5970ade197ed8d5e9726e,255.48,-1.57,256.695,253.6877,256.66,257.05,2026-08-14 20:00:00,2026-08-14,-0.6108,cadp_finnhub,0.38999999999998636,0.15195199875320903,3.0072999999999865,1.1854339016042112,1.2150000000000034,0.47557538750587264,1.7922999999999831,0.7015421950837574,255.91,-0.4300000000000068,-0.16802782228127344
SRPT,Sarepta Therapeutics Inc,US,USD,USD,NASDAQ NMS - GLOBAL MARKET,1997-06-04,1772.421498,https://static2.finnhub.io/file/publicdatany/finnhubimage/stock_logo/SRPT.png,105.58,Biotechnology,16172744000,https://www.sarepta.com/,101.13,,20260816,AADP,d63a9762751e1cc702e27d696d760f3f,18.1,-0.32,18.26,17.69,18.22,18.42,2026-08-14 20:00:00,2026-08-14,-1.7372,cadp_finnhub,0.20000000000000284,1.0976948408342637,0.5700000000000003,3.2221594120972314,0.16000000000000014,0.8839779005524869,0.41000000000000014,2.2651933701657465,,,
NXRT,NexPoint Residential Trust Inc,US,USD,USD,"NEW YORK STOCK EXCHANGE, INC.",2015-03-19,654.9120689903731,https://static2.finnhub.io/file/publicdatany/finnhubimage/stock_logo/950440103326.png,25.49,Real Estate,19726284100,https://www.nexpointliving.com,21.33,,20260816,AADP,d63e2b6372954bbd8cddd3b0bec75292,24.5,-0.4,25.065,24.49,24.82,24.9,2026-08-14 20:00:00,2026-08-14,-1.6064,cadp_finnhub,0.0799999999999983,0.32232070910555316,0.5750000000000028,2.3478971008575042,0.5650000000000013,2.306122448979597,0.010000000000001563,0.040816326530618625,,,
OUT,OUTFRONT Media Inc,US,USD,USD,"NEW YORK STOCK EXCHANGE, INC.",2014-03-28,5494.942465211558,https://static2.finnhub.io/file/publicdatany/finnhubimage/stock_logo/950400543486.png,176.06,Real Estate,12122976400,https://www.outfront.com/,162.39,,20260816,AADP,d67c8996fb91efc4c5a4c74becc48140,30.24,0.47,30.335,29.6251,29.7,29.77,2026-08-14 20:00:00,2026-08-14,1.5788,cadp_finnhub,0.07000000000000028,0.23569023569023667,0.7099000000000011,2.3962788311263123,0.09500000000000242,0.3141534391534472,0.6148999999999987,2.0333994708994667,,,
TTC,Toro Co,US,USD,USD,"NEW YORK STOCK EXCHANGE, INC.",1978-01-01,9488.670726354067,https://static2.finnhub.io/file/publicdatany/finnhubimage/stock_logo/TTC.png,95.23,Machinery,13026587581,https://www.thetorocompany.com,93.63,,20260816,AADP,d67eb43862170418eb0b7a80644dd089,98.38,1.71,98.39,96.09,96.27,96.67,2026-08-14 20:00:00,2026-08-14,1.7689,cadp_finnhub,0.4000000000000057,0.41549807832139374,2.299999999999997,2.3935893433239643,0.010000000000005116,0.01016466761537418,2.289999999999992,2.3277088839194877,99.87,-1.490000000000009,-1.4919395213778002
SIRI,Sirius XM Holdings Inc,US,USD,USD,NASDAQ NMS - GLOBAL MARKET,1968-01-16,10081.67053255221,https://static2.finnhub.io/file/publicdatany/finnhubimage/stock_logo/SIRI.png,336.62,Media,13026587581,https://www.siriusxm.com/,180.81,,20260816,AADP,d6890cff6a0037e271a458154303995e,28.46,0.47,28.635,28.0,28.1,27.99,2026-08-14 20:00:00,2026-08-14,1.6792,cadp_finnhub,-0.11000000000000298,-0.39145907473310665,0.6350000000000016,2.2678571428571486,0.1750000000000007,0.6148981026001431,0.46000000000000085,1.616303583977515,29.91,-1.4499999999999993,-4.847876964226009
TYL,Tyler Technologies Inc,US,USD,USD,"NEW YORK STOCK EXCHANGE, INC.",1980-03-17,12795.537550861329,https://static2.finnhub.io/file/publicdatany/finnhubimage/stock_logo/TYL.png,40.95,Technology,18009279800,https://www.tylertech.com/,40.74,,20260816,AADP,d6a4c41dc7092c2d25a41ce8f0798435,328.64,-0.31,335.0,324.93,333.25,328.95,2026-08-14 20:00:00,2026-08-14,-0.0942,cadp_finnhub,-4.300000000000011,-1.2903225806451648,10.069999999999993,3.0991290431785288,6.360000000000014,1.935248296007794,3.7099999999999795,1.128894839337871,312.45,16.189999999999998,5.181629060649703
NRG,NRG Energy Inc,US,USD,USD,"NEW YORK STOCK EXCHANGE, INC.",2004-02-05,24832.164607686012,https://static2.finnhub.io/file/publicdatany/finnhubimage/stock_logo/NRG.png,210.99,Utilities,13026587581,https://www.nrg.com/,201.65,,20260816,AADP,d6bf8d7fe58b166068f9e59f655c7d21,126.24,6.49,126.27,120.0,120.0,119.75,2026-08-14 20:00:00,2026-08-14,5.4196,cadp_finnhub,-0.25,-0.20833333333333334,6.269999999999996,5.224999999999997,0.030000000000001137,0.023764258555133984,6.239999999999995,4.942965779467677,118.13,8.11,6.8653178701430635
EL,Estee Lauder Companies Inc,US,USD,USD,"NEW YORK STOCK EXCHANGE, INC.",1995-11-17,31964.58094864604,https://static2.finnhub.io/file/publicdatany/finnhubimage/stock_logo/EL.png,361.79,Consumer products,12125724200,https://www.elcompanies.com/en,246.21,,20260816,AADP,d6f0742b2b6ed37035ece266016a6b80,86.1,-1.22,87.48,85.97,86.64,87.32,2026-08-14 20:00:00,2026-08-14,-1.3972,cadp_finnhub,0.6799999999999926,0.784856879039696,1.5100000000000051,1.7564266604629581,1.3800000000000097,1.6027874564460043,0.12999999999999545,0.1509872241579506,87.19,-1.0900000000000034,-1.250143365064805
CELH,Celsius Holdings Inc,US,USD,USD,NASDAQ NMS - GLOBAL MARKET,2006-10-10,7099.1330890361805,https://static2.finnhub.io/file/publicdatany/finnhubimage/stock_logo/942972006286.png,255.64,Beverages,15612762239,https://www.celsiusholdingsinc.com/,182.55,,20260816,AADP,d7049a18ba436d9a72b7da23073d527b,29.09,0.31,29.7607,28.06,28.86,28.78,2026-08-14 20:00:00,2026-08-14,1.0771,cadp_finnhub,-0.0799999999999983,-0.2772002772002713,1.7007000000000012,6.060940841054887,0.6707000000000001,2.3056033001031286,1.0300000000000011,3.540735647989004,27.21,1.879999999999999,6.909224549797864
R,Ryder System Inc,US,USD,USD,"NEW YORK STOCK EXCHANGE, INC.",1960-09-19,10054.16528321438,https://static2.finnhub.io/file/publicdatany/finnhubimage/stock_logo/R.png,38.35,Road & Rail,13055003726,https://www.ryder.com/,37.08,,20260816,AADP,d70ad686c82cd9f1242baf90884250a3,263.96,0.79,266.22,260.55,261.37,263.17,2026-08-14 20:00:00,2026-08-14,0.3002,cadp_finnhub,1.8000000000000114,0.6886788843402116,5.670000000000016,2.1761658031088142,2.2600000000000477,0.8561903318684831,3.409999999999968,1.2918624033944417,264.0,-0.040000000000020464,-0.015151515151522903
TTMI,TTM Technologies Inc,US,USD,USD,NASDAQ NMS - GLOBAL MARKET,2000-09-21,14454.917907452387,https://static2.finnhub.io/file/publicdatany/finnhubimage/stock_logo/TTMI.png,103.85,Electrical Equipment,13026587581,https://www.ttm.com/,101.65,,20260816,AADP,d70dccab71b2c4b360fae71bb2099c6c,140.0,1.12,145.8,137.0,138.8,138.88,2026-08-14 20:00:00,2026-08-14,0.8065,cadp_finnhub,0.07999999999998408,0.0576368876080577,8.800000000000011,6.423357664233585,5.800000000000011,4.142857142857151,3.0,2.142857142857143,137.21,2.789999999999992,2.033379491290716
EFX,Equifax Inc,US,USD,USD,"NEW YORK STOCK EXCHANGE, INC.",1971-05-11,21448.04278528062,https://static2.finnhub.io/file/publicdatany/finnhubimage/stock_logo/EFX.png,117.48,Professional Services,14048858000,https://www.equifax.com/,116.64,,20260816,AADP,d73378be77f02adea3fa3b3ace95ff36,180.85,-4.73,187.19,180.765,187.09,185.58,2026-08-14 20:00:00,2026-08-14,-2.5488,cadp_finnhub,-1.509999999999991,-0.807098188037838,6.425000000000011,3.5543385057948234,6.340000000000003,3.5056676803981217,0.08500000000000796,0.047000276472218945,181.52,-0.6700000000000159,-0.3691053327457117
LUMN,Lumen Technologies Inc,US,USD,USD,"NEW YORK STOCK EXCHANGE, INC.",1978-10-24,6436.21961540339,https://static2.finnhub.io/file/publicdatany/finnhubimage/stock_logo/LUMN.png,1030.31,Telecommunication,13183889000,https://www.lumen.com/en-us/home.html,946.92,,20260816,AADP,d7411bd3b90b892a8381d8297daef85f,6.72,0.32,6.8,6.37,6.43,6.4,2026-08-14 20:00:00,2026-08-14,5.0,cadp_finnhub,-0.02999999999999936,-0.4665629860031005,0.4299999999999997,6.750392464678175,0.08000000000000007,1.1904761904761916,0.34999999999999964,5.208333333333328,,,
DPZ,Domino's Pizza Inc,US,USD,USD,NASDAQ NMS - GLOBAL MARKET,2004-07-13,11611.156193389226,https://static2.finnhub.io/file/publicdatany/finnhubimage/stock_logo/DPZ.png,33.08,"Hotels, Restaurants & Leisure",13026587581,https://www.dominos.com/,32.91,,20260816,AADP,d75ad38c01952158b2c7a684110e930c,346.27,-4.61,352.62,346.01,352.21,350.88,2026-08-14 20:00:00,2026-08-14,-1.3138,cadp_finnhub,-1.329999999999984,-0.37761562704068147,6.610000000000014,1.910349411866713,6.350000000000023,1.8338290929043877,0.2599999999999909,0.0750859156149799,351.07,-4.800000000000011,-1.367248696841089
ALL,Allstate Corp,US,USD,USD,"NEW YORK STOCK EXCHANGE, INC.",1993-06-03,67513.070639566,https://static2.finnhub.io/file/publicdatany/finnhubimage/stock_logo/ALL.png,257.42,Insurance,13026587581,https://www.allstateinvestors.com/,255.92,,20260816,AADP,d7935b8d307061ea6e73d71f44b3984c,,,,,,,,,,cadp_finnhub,,,,,,,,,,,
MUR,Murphy Oil Corp,US,USD,USD,"NEW YORK STOCK EXCHANGE, INC.",1961-12-04,4784.628066510896,https://static2.finnhub.io/file/publicdatany/finnhubimage/stock_logo/MUR.png,143.35,Energy,12816759000,https://www.murphyoilcorp.com/,134.99,,20260816,AADP,d79df44e93c622938d990fb8c0c62331,34.57,-0.22,35.22,34.435,34.77,34.79,2026-08-14 20:00:00,2026-08-14,-0.6324,cadp_finnhub,0.01999999999999602,0.05752085130858792,0.7849999999999966,2.279657325395663,0.6499999999999986,1.8802429852473201,0.134999999999998,0.39051200462828467,35.49,-0.9200000000000017,-2.592279515356443
C,Citigroup Inc,US,USD,USD,"NEW YORK STOCK EXCHANGE, INC.",1986-10-30,231512.5212161859,https://static2.finnhub.io/file/publicdatany/finnhubimage/stock_logo/C.png,1705.58,Banking,12125591000,http://www.citigroup.com/,1699.43,,20260816,AADP,d7c7dd2203cfc4de1509a76b6e69636d,139.33,0.6,140.28,138.16,138.16,138.73,2026-08-14 20:00:00,2026-08-14,0.4325,cadp_finnhub,0.5699999999999932,0.4125651418645,2.1200000000000045,1.534452808338162,0.9499999999999886,0.6818344936481652,1.170000000000016,0.839733007966709,134.56,4.77000000000001,3.5448870392390086
ABCB,Ameris Bancorp,US,USD,USD,"NEW YORK STOCK EXCHANGE, INC.",1994-05-19,5903.571482600635,https://static2.finnhub.io/file/publicdatany/finnhubimage/stock_logo/ABCB.png,67.29,Banking,12298901111,https://www.amerisbank.com/,63.41,,20260816,AADP,d7fad47fd8becfc6a2ffa415e0f90c9a,89.77,0.38,90.13,88.525,89.27,89.39,2026-08-14 20:00:00,2026-08-14,0.4251,cadp_finnhub,0.12000000000000455,0.13442365856391236,1.6049999999999898,1.8130471618186836,0.35999999999999943,0.40102484126099974,1.2449999999999903,1.3868775760276155,,,
YOU,Clear Secure Inc,US,USD,USD,"NEW YORK STOCK EXCHANGE, INC.",2021-06-30,7497.28,https://static2.finnhub.io/file/publicdatany/finnhubimage/stock_logo/950802031546.png,133.64,Technology,13026365400,https://www.clearme.com,93.1,,20260816,AADP,d802c8188b2373e5dae21bd3691dfbeb,45.45,-0.22,45.9299,44.96,45.7,45.67,2026-08-14 20:00:00,2026-08-14,-0.4817,cadp_finnhub,-0.030000000000001137,-0.06564551422319723,0.9699000000000026,2.157250889679721,0.47990000000000066,1.0558855885588572,0.490000000000002,1.0781078107810824,,,
DKS,DICK'S Sporting Goods Inc,US,USD,USD,"NEW YORK STOCK EXCHANGE, INC.",2002-10-16,18691.786774725806,https://static2.finnhub.io/file/publicdatany/finnhubimage/stock_logo/DKS.png,89.5,Retail,17242733400,https://www.dickssportinggoods.com/,62.96,,20260816,AADP,d81581448b478e4ee17455849cd478c4,201.97,-0.29,203.75,200.0,200.37,202.26,2026-08-14 20:00:00,2026-08-14,-0.1434,cadp_finnhub,1.8899999999999864,0.9432549782901564,3.75,1.875,1.7800000000000011,0.8813190077734323,1.9699999999999989,0.9753923850076739,208.84,-6.8700000000000045,-3.2895996935453
NEOG,Neogen Corp,US,USD,USD,NASDAQ NMS - GLOBAL MARKET,1989-08-23,2501.1025341743366,https://static2.finnhub.io/file/publicdatany/finnhubimage/stock_logo/NEOG.png,217.67,Health Care,15173729200,https://www.neogen.com/,215.61,,20260816,AADP,d833c95332d50d22c38bc3307c82b017,11.65,-0.24,12.085,11.57,11.89,11.89,2026-08-14 20:00:00,2026-08-14,-2.0185,cadp_finnhub,,,0.5150000000000006,4.451166810717377,0.4350000000000005,3.733905579399146,0.08000000000000007,0.6866952789699576,,,
MDLZ,Mondelez International Inc,US,USD,USD,NASDAQ NMS - GLOBAL MARKET,2001-06-13,79909.64284032478,https://static2.finnhub.io/file/publicdatany/finnhubimage/stock_logo/MDLZ.png,1276.31,Food Products,18479434000,https://www.mondelezinternational.com/,1273.0,,20260816,AADP,d8a584d05b196f1e2ae7e002ed491521,63.61,0.08,63.775,63.3,63.43,63.53,2026-08-14 20:00:00,2026-08-14,0.1259,cadp_finnhub,0.10000000000000142,0.15765410688948672,0.4750000000000014,0.7503949447077432,0.16499999999999915,0.2593931771733991,0.3100000000000023,0.487344757113665,61.53,2.0799999999999983,3.38046481391191
ROAD,Construction Partners Inc,US,USD,USD,NASDAQ NMS - GLOBAL MARKET,2018-05-04,6769.4705202787545,https://static2.finnhub.io/file/publicdatany/finnhubimage/stock_logo/950010784786.png,56.53,Construction,13346739763,https://www.constructionpartners.net/,47.15,,20260816,AADP,d8d29283ba6123fed45b59e618b2cd05,121.55,2.955,122.8,116.765,118.53,118.595,2026-08-14 20:00:00,2026-08-14,2.4917,cadp_finnhub,0.06499999999999773,0.05483843752636271,6.034999999999997,5.168500835010488,1.25,1.0283833813245578,4.784999999999997,3.9366515837104044,,,
MSA,MSA Safety Inc,US,USD,USD,"NEW YORK STOCK EXCHANGE, INC.",2004-07-12,7491.518206784904,https://static2.finnhub.io/file/publicdatany/finnhubimage/stock_logo/MSA.png,38.62,Commercial Services & Supplies,16142803338,https://in.msasafety.com/,36.23,,20260816,AADP,d8f6aaee60627b2ef40b8ca47040d5a5,189.13,-0.64,190.13,187.28,188.77,189.77,2026-08-14 20:00:00,2026-08-14,-0.3373,cadp_finnhub,1.0,0.5297451925623775,2.8499999999999943,1.5217855617257552,1.0,0.5287368476709142,1.8499999999999943,0.9781631681911882,194.19,-5.060000000000002,-2.605695452906948
EPAM,Epam Systems Inc,US,USD,USD,"NEW YORK STOCK EXCHANGE, INC.",2012-02-08,5090.176709587408,https://static2.finnhub.io/file/publicdatany/finnhubimage/stock_logo/EPAM.png,52.24,Technology,12677599000,https://www.epam.com/,50.55,,20260816,AADP,d916a10a0038aa9ea7e0c46f83985c06,100.5,-1.05,102.63,99.37,102.63,101.55,2026-08-14 20:00:00,2026-08-14,-1.034,cadp_finnhub,-1.0799999999999983,-1.0523238819058738,3.259999999999991,3.2806682097212345,2.1299999999999955,2.1194029850746223,1.1299999999999955,1.1243781094527319,,,
TDW,Tidewater Inc,US,USD,USD,"NEW YORK STOCK EXCHANGE, INC.",1981-05-22,4121.806028101999,https://static2.finnhub.io/file/publicdatany/finnhubimage/stock_logo/942959050866.png,49.73,Energy,17134705300,https://www.tdw.com/,48.82,,20260816,AADP,d91716025f2020ad708d945e4e65cb57,94.28,2.76,95.315,92.254,92.5,91.52,2026-08-14 20:00:00,2026-08-14,3.0157,cadp_finnhub,-0.980000000000004,-1.0594594594594637,3.060999999999993,3.3180133110759344,1.0349999999999966,1.0977938056851895,2.0259999999999962,2.1489181162494657,,,
UPWK,Upwork Inc,US,USD,USD,NASDAQ NMS - GLOBAL MARKET,2018-10-03,1195.0380406528661,https://static2.finnhub.io/file/publicdatany/finnhubimage/stock_logo/UPWK.png,123.52,Professional Services,16503167500,https://www.upwork.com/,117.1,,20260816,AADP,d9457207bcc074c610f0cf6a313746f7,8.485,-0.175,8.73,8.345,8.68,8.66,2026-08-14 20:00:00,2026-08-14,-2.0208,cadp_finnhub,-0.019999999999999574,-0.2304147465437739,0.3849999999999998,4.613541042540441,0.245000000000001,2.8874484384207544,0.1399999999999988,1.6499705362404102,,,
UAA,Under Armour Inc,US,USD,USD,"NEW YORK STOCK EXCHANGE, INC.",2005-11-18,2579.64642593125,https://static2.finnhub.io/file/publicdatany/finnhubimage/stock_logo/UAA.png,426.32,"Textiles, Apparel & Luxury Goods",14104546758,https://www.underarmour.com/,188.28,,20260816,AADP,d98baacc0acec6298c68b146bab4d932,5.36,0.01,5.415,5.29,5.38,5.35,2026-08-14 20:00:00,2026-08-14,0.1869,cadp_finnhub,-0.03000000000000025,-0.5576208178438709,0.125,2.3629489603024574,0.054999999999999716,1.0261194029850693,0.07000000000000028,1.3059701492537366,,,
BAC,Bank of America Corp,US,USD,USD,"NEW YORK STOCK EXCHANGE, INC.",1979-06-05,441731.92496597697,https://static2.finnhub.io/file/publicdatany/finnhubimage/stock_logo/BAC.png,7017.97,Banking,13026587581,https://www.bankofamerica.com,6492.71,,20260816,AADP,d99cf6f1b9cbe353ebb2b264543016c2,64.49,0.4,64.55,63.81,64.04,64.09,2026-08-14 20:00:00,2026-08-14,0.6241,cadp_finnhub,0.04999999999999716,0.07807620237351211,0.7399999999999949,1.1596928381131404,0.060000000000002274,0.09303768026050904,0.6799999999999926,1.0544270429523843,63.17,1.3199999999999932,2.089599493430415
PSX,Phillips 66,US,USD,USD,"NEW YORK STOCK EXCHANGE, INC.",2012-04-12,81364.35433633444,https://static2.finnhub.io/file/publicdatany/finnhubimage/stock_logo/PSX.png,400.94,Energy,18009279800,https://www.phillips66.com/,400.0,,20260816,AADP,d9c7fb2a741bfbed8ffadf66a1a1883d,233.61,1.0,236.14,229.4175,232.66,232.61,2026-08-14 20:00:00,2026-08-14,0.4299,cadp_finnhub,-0.04999999999998295,-0.021490587122832867,6.722499999999997,2.9302472566390954,2.5299999999999727,1.0830015838362965,4.192500000000024,1.7946577629382405,215.52,18.090000000000003,8.393652561247217
MSFT,Microsoft Corp,US,USD,USD,NASDAQ NMS - GLOBAL MARKET,1986-03-13,3712698.340823031,https://static2.finnhub.io/file/publicdatany/finnhubimage/stock_logo/MSFT.png,7425.55,Technology,14258828080,https://www.microsoft.com/en-in/,7417.87,,20260816,AADP,d9db23e4dffe9205093c42c0f8b1c17d,495.4,-1.48,500.01,493.92,496.355,496.88,2026-08-14 20:00:00,2026-08-14,-0.2979,cadp_finnhub,0.5249999999999773,0.10577107110837551,6.089999999999975,1.2329931972789065,4.610000000000014,0.9305611626968133,1.4799999999999613,0.29874848607185334,499.99,-4.590000000000032,-0.9180183603672136
VCYT,Veracyte Inc,US,USD,USD,NASDAQ NMS - GLOBAL MARKET,2013-10-30,3710.032396,https://static2.finnhub.io/file/publicdatany/finnhubimage/stock_logo/VCYT.png,79.79,Biotechnology,13026587581,https://www.veracyte.com/,79.33,,20260816,AADP,da1f4f387012a665fb60cd7d296b448e,41.25,-1.35,43.125,41.0,42.54,42.6,2026-08-14 20:00:00,2026-08-14,-3.169,cadp_finnhub,0.060000000000002274,0.1410437235543072,2.125,5.182926829268292,1.875,4.545454545454546,0.25,0.6060606060606061,,,
MCD,McDonald's Corp,US,USD,USD,"NEW YORK STOCK EXCHANGE, INC.",1965-04-21,195019.65517460916,https://static2.finnhub.io/file/publicdatany/finnhubimage/stock_logo/MCD.png,710.51,"Hotels, Restaurants & Leisure",13026365400,https://www.mcdonalds.com/,708.6,,20260816,AADP,da34c31cf24fbdb06f7ea8829f223721,272.83,0.58,275.34,271.27,272.33,272.25,2026-08-14 20:00:00,2026-08-14,0.213,cadp_finnhub,-0.07999999999998408,-0.029376124554762267,4.069999999999993,1.5003502045932073,2.509999999999991,0.9199868049701246,1.5600000000000023,0.5717846277901999,273.72,-0.8900000000000432,-0.32514978810464823
SBRA,Sabra Health Care REIT Inc,US,USD,USD,NASDAQ NMS - GLOBAL MARKET,2010-11-06,5374.936289683404,https://static2.finnhub.io/file/publicdatany/finnhubimage/stock_logo/950011791976.png,252.19,Real Estate,18883938248,https://sabrahealth.com/,248.55,,20260816,AADP,da69064a1df8a7e79f0f2b0569bec3fd,20.32,0.17,20.345,19.71,19.85,20.15,2026-08-14 20:00:00,2026-08-14,0.8437,cadp_finnhub,0.29999999999999716,1.511335012594444,0.634999999999998,3.221714865550472,0.02499999999999858,0.12303149606298512,0.6099999999999994,3.0019685039370048,21.02,-0.6999999999999993,-3.3301617507136028
NOG,Northern Oil and Gas Inc,US,USD,USD,"NEW YORK STOCK EXCHANGE, INC.",2006-02-21,2349.737866863905,https://static2.finnhub.io/file/publicdatany/finnhubimage/stock_logo/NOG.png,108.78,Energy,13026587581,https://www.northernoil.com/,105.7,,20260816,AADP,da9c1e139ccd5f7f744779de08328e1f,24.5,0.05,25.02,24.415,24.71,24.45,2026-08-14 20:00:00,2026-08-14,0.2045,cadp_finnhub,-0.26000000000000156,-1.0522055847834948,0.6050000000000004,2.4779848453819393,0.5199999999999996,2.122448979591835,0.08500000000000085,0.3469387755102076,,,
PTEN,Patterson-UTI Energy Inc,US,USD,USD,NASDAQ NMS - GLOBAL MARKET,1993-11-02,3764.268912913432,https://static2.finnhub.io/file/publicdatany/finnhubimage/stock_logo/PTEN.png,379.62,Energy,12817657100,https://patenergy.com/,364.28,,20260816,AADP,daa1e3cf096902075179741959ba737d,11.37,0.47,11.415,10.99,11.015,10.9,2026-08-14 20:00:00,2026-08-14,4.3119,cadp_finnhub,-0.11500000000000021,-1.044030866999548,0.42499999999999893,3.867151956323921,0.04499999999999993,0.3957783641160944,0.379999999999999,3.3421284080914604,,,
CUBE,CubeSmart,US,USD,USD,"NEW YORK STOCK EXCHANGE, INC.",2004-10-22,9405.026701920431,https://static2.finnhub.io/file/publicdatany/finnhubimage/stock_logo/942958993586.png,226.41,Real Estate,16105355700,https://www.cubesmart.com/,224.02,,20260816,AADP,daa57159ed18c41156a114e30cc3e54a,41.48,-0.27,42.03,41.455,41.46,41.75,2026-08-14 20:00:00,2026-08-14,-0.6467,cadp_finnhub,0.28999999999999915,0.6994693680656033,0.5750000000000028,1.387046194668925,0.5500000000000043,1.3259402121504444,0.02499999999999858,0.06027000964319812,41.77,-0.29000000000000625,-0.6942781900885953
HZO,MarineMax Inc,US,USD,USD,"NEW YORK STOCK EXCHANGE, INC.",2005-02-17,788.0551287856532,https://static2.finnhub.io/file/publicdatany/finnhubimage/stock_logo/HZO.png,22.09,Retail,13023513367,https://www.marinemax.com/,19.56,,20260816,AADP,dae142d189a2b76c486c53c3b11e3447,52.02,-0.02,52.14,52.0,52.1,52.04,2026-08-14 20:00:00,2026-08-14,-0.0384,cadp_finnhub,-0.060000000000002274,-0.1151631477927107,0.14000000000000057,0.26923076923077033,0.11999999999999744,0.23068050749711155,0.020000000000003126,0.03844675124952542,,,
LPG,Dorian LPG Ltd,US,USD,USD,"NEW YORK STOCK EXCHANGE, INC.",2014-05-08,1957.7355075331227,https://static2.finnhub.io/file/publicdatany/finnhubimage/stock_logo/LPG.png,42.78,Energy,12036749900,https://dorianlpg.com/,36.76,,20260816,AADP,daee49765a90abfb97706061d6744bcc,47.37,1.74,47.37,45.7057,46.13,45.63,2026-08-14 20:00:00,2026-08-14,3.8133,cadp_finnhub,-0.5,-1.0838933448948622,1.6642999999999972,3.6413401391948867,,,1.6642999999999972,3.5134051087185925,,,
ALLY,Ally Financial Inc,US,USD,USD,"NEW YORK STOCK EXCHANGE, INC.",2014-04-10,13299.610271761232,https://static2.finnhub.io/file/publicdatany/finnhubimage/stock_logo/ALLY.png,304.2,Financial Services,13026587581,https://www.ally.com/,272.75,,20260816,AADP,db111ef0e1ba927fc736ca533af58664,44.91,0.31,45.15,44.37,44.55,44.6,2026-08-14 20:00:00,2026-08-14,0.6951,cadp_finnhub,0.05000000000000426,0.11223344556678848,0.7800000000000011,1.7579445571332009,0.240000000000002,0.5344021376085549,0.5399999999999991,1.2024048096192368,43.72,1.1899999999999977,2.721866422689839
MTCH,Match Group Inc,US,USD,USD,NASDAQ NMS - GLOBAL MARKET,1992-12-28,8553.069643240646,https://static2.finnhub.io/file/publicdatany/finnhubimage/stock_logo/MTCH.png,233.27,Media,12145769352,https://www.mtch.com/,231.53,,20260816,AADP,db1ad244e55d6b30ec11f55d20a224b7,37.95,0.67,38.49,37.34,37.53,37.28,2026-08-14 20:00:00,2026-08-14,1.7972,cadp_finnhub,-0.25,-0.6661337596589395,1.1499999999999986,3.0798071772897657,0.5399999999999991,1.4229249011857685,0.6099999999999994,1.6073781291172577,,,
AMTM,Amentum Holdings Inc,US,USD,USD,"NEW YORK STOCK EXCHANGE, INC.",2024-09-24,6051.715154135905,https://static2.finnhub.io/file/publicdatany/finnhubimage/stock_logo/950892968026.png,244.32,Professional Services,17035790410,,152.52,,20260816,AADP,db6e8f6adc43a4b980f7a994bd957e60,21.47,-0.2,21.98,21.2501,21.69,21.67,2026-08-14 20:00:00,2026-08-14,-0.9229,cadp_finnhub,-0.019999999999999574,-0.0922083909635757,0.7299000000000007,3.4348073656124,0.5100000000000016,2.3754075454122106,0.2198999999999991,1.0242198416394928,,,
WSC,WillScot Holdings Corp,US,USD,USD,NASDAQ NMS - GLOBAL MARKET,2015-10-16,4349.3,https://static2.finnhub.io/file/publicdatany/finnhubimage/stock_logo/WSC.png,180.99,Construction,13026587581,https://investors.willscot.com/,176.26,,20260816,AADP,dbf337c808bc82ab4d03791bc80ef22c,23.76,0.77,24.23,22.86,22.9,22.99,2026-08-14 20:00:00,2026-08-14,3.3493,cadp_finnhub,0.08999999999999986,0.39301310043668064,1.370000000000001,5.993000874890643,0.46999999999999886,1.9781144781144733,0.9000000000000021,3.7878787878787965,,,
GPK,Graphic Packaging Holding Co,US,USD,USD,"NEW YORK STOCK EXCHANGE, INC.",1992-12-10,3582.4658859898905,https://static2.finnhub.io/file/publicdatany/finnhubimage/stock_logo/GPK.png,295.89,Packaging,18009279800,https://www.graphicpkg.com/,291.3,,20260816,AADP,dc1cfcf19450f28d0fba5ce9ae56ceef,11.4,-0.44,11.805,11.35,11.8,11.84,2026-08-14 20:00:00,2026-08-14,-3.7162,cadp_finnhub,0.03999999999999915,0.3389830508474504,0.45500000000000007,4.008810572687225,0.40499999999999936,3.552631578947363,0.05000000000000071,0.4385964912280764,12.14,-0.7400000000000002,-6.095551894563428
IDXX,IDEXX Laboratories Inc,US,USD,USD,NASDAQ NMS - GLOBAL MARKET,1991-06-21,46218.519846400995,https://static2.finnhub.io/file/publicdatany/finnhubimage/stock_logo/IDXX.png,78.88,Health Care,12075560300,https://www.idexx.com/,78.67,,20260816,AADP,dc35733b43e2785e0226acf1c0ac4a01,550.96,-15.97,569.14,549.185,569.14,566.93,2026-08-14 20:00:00,2026-08-14,-2.8169,cadp_finnhub,-2.2100000000000364,-0.3883051621745153,19.95500000000004,3.6335661024973445,18.17999999999995,3.299695077682581,1.775000000000091,0.32216494845362476,595.76,-44.799999999999955,-7.519806633543702
RCUS,Arcus Biosciences Inc,US,USD,USD,"NEW YORK STOCK EXCHANGE, INC.",2018-03-15,3644.2811543635726,https://static2.finnhub.io/file/publicdatany/finnhubimage/stock_logo/950517794166.png,125.77,Biotechnology,15106946200,https://arcusbio.com/,88.73,,20260816,AADP,dc5d3379be00e3dfdcef32aaca7cfef3,29.48,0.62,29.68,27.97,28.55,28.86,2026-08-14 20:00:00,2026-08-14,2.1483,cadp_finnhub,0.3099999999999987,1.0858143607705735,1.7100000000000009,6.113693242760103,0.1999999999999993,0.6784260515603775,1.5100000000000016,5.122116689280873,,,
OGS,ONE Gas Inc,US,USD,USD,"NEW YORK STOCK EXCHANGE, INC.",2014-01-16,5042.330140202713,https://static2.finnhub.io/file/publicdatany/finnhubimage/stock_logo/OGS.png,62.76,Utilities,19189477000,https://www.onegas.com/,62.08,,20260816,AADP,dc9376d7c421a8408479bd7e45054f85,80.98,-0.03,81.52,80.53,80.81,81.01,2026-08-14 20:00:00,2026-08-14,-0.037,cadp_finnhub,0.20000000000000284,0.2474941220146057,0.9899999999999949,1.2293555196820996,0.539999999999992,0.6668313163744036,0.45000000000000284,0.555692763645348,80.22,0.7600000000000051,0.9473946646721579
CDW,CDW Corp,US,USD,USD,NASDAQ NMS - GLOBAL MARKET,2013-06-27,16978.617744083887,https://static2.finnhub.io/file/publicdatany/finnhubimage/stock_logo/CDW.png,127.75,Electrical Equipment,18009279800,https://www.cdw.com/,127.17,,20260816,AADP,dce137f28f5549feb045a959b73b9886,139.42,-2.63,142.97,138.75,142.97,142.05,2026-08-14 20:00:00,2026-08-14,-1.8515,cadp_finnhub,-0.9199999999999875,-0.6434916416031248,4.219999999999999,3.0414414414414406,3.5500000000000114,2.546263089944062,0.6699999999999875,0.4805623296514041,136.43,2.9899999999999807,2.19160008795718
FHI,Federated Hermes Inc,US,USD,USD,"NEW YORK STOCK EXCHANGE, INC.",1998-05-13,4715.543490506878,https://static2.finnhub.io/file/publicdatany/finnhubimage/stock_logo/FHI.png,75.91,Financial Services,14122881900,https://www.federatedhermes.com/us/home.do,72.68,,20260816,AADP,dd0b126bee3f0322b99cfb783fd8d25e,64.13,0.58,64.2,62.83,63.62,63.55,2026-08-14 20:00:00,2026-08-14,0.9127,cadp_finnhub,-0.07000000000000028,-0.11002829298962635,1.3700000000000045,2.180487028489582,0.07000000000000739,0.10915328239514642,1.2999999999999972,2.0271323873382148,62.91,1.2199999999999989,1.9392783341281177
NTAP,NetApp Inc,US,USD,USD,NASDAQ NMS - GLOBAL MARKET,1995-11-21,37190.31767693587,https://static2.finnhub.io/file/publicdatany/finnhubimage/stock_logo/NTAP.png,196.23,Technology,14088226000,https://www.netapp.com/,195.44,,20260816,AADP,dd94be9df543e6279c3395a13e963b8f,207.08,2.09,208.085,201.89,204.99,204.99,2026-08-14 20:00:00,2026-08-14,1.0196,cadp_finnhub,,,6.195000000000022,3.068502649957909,1.0049999999999955,0.4853196832142145,5.190000000000026,2.506277767046565,189.52,17.560000000000002,9.265512874630646
SM,SM Energy Co,US,USD,USD,"NEW YORK STOCK EXCHANGE, INC.",1992-12-16,6923.942726687108,https://static2.finnhub.io/file/publicdatany/finnhubimage/stock_logo/SM.png,239.75,Energy,13038618140,https://www.sm-energy.com/,237.44,,20260816,AADP,de7205f9f4c506b363060f03b1f45562,33.75,1.33,34.28,32.72,32.72,32.42,2026-08-14 20:00:00,2026-08-14,4.1024,cadp_finnhub,-0.29999999999999716,-0.9168704156479132,1.5600000000000023,4.7677261613692,0.5300000000000011,1.5703703703703737,1.0300000000000011,3.0518518518518554,,,
USLM,United States Lime & Minerals Inc,US,USD,USD,NASDAQ NMS - GLOBAL MARKET,1980-03-17,3374.899108666667,https://static2.finnhub.io/file/publicdatany/finnhubimage/stock_logo/942959082566.png,28.68,Construction,19729918400,http://www.uslm.com/,10.74,,20260816,AADP,dec179401bccc3b5bb7c9cbcc3177ad3,117.41,0.01,118.415,116.735,116.9,117.4,2026-08-14 20:00:00,2026-08-14,0.0085,cadp_finnhub,0.5,0.42771599657827203,1.6800000000000068,1.4391570651475623,1.0050000000000097,0.8559747892002468,0.6749999999999972,0.5749084405076205,,,
VTR,Ventas Inc,US,USD,USD,"NEW YORK STOCK EXCHANGE, INC.",1992-04-02,45383.33218518179,https://static2.finnhub.io/file/publicdatany/finnhubimage/stock_logo/942959052106.png,512.95,Real Estate,13026587581,https://www.ventasreit.com/,510.36,,20260816,AADP,deeba67aa9121aa1dd171d1781552bc8,91.52,1.23,91.615,90.155,90.19,90.29,2026-08-14 20:00:00,2026-08-14,1.3623,cadp_finnhub,0.10000000000000853,0.11087703736557106,1.4599999999999937,1.6194331983805599,0.09499999999999886,0.10380244755244632,1.3649999999999949,1.4914772727272672,93.36,-1.8400000000000034,-1.9708654670094294
AMRX,Amneal Pharmaceuticals Inc,US,USD,USD,NASDAQ NMS - GLOBAL MARKET,2009-11-18,5792.670216677366,https://static2.finnhub.io/file/publicdatany/finnhubimage/stock_logo/950869535146.png,319.33,Pharmaceuticals,19089473120,https://amneal.com/,150.41,,20260816,AADP,deeeb5ecf361e6af6d88ff2fb4964841,18.15,0.88,18.17,16.87,17.07,17.27,2026-08-14 20:00:00,2026-08-14,5.0955,cadp_finnhub,0.1999999999999993,1.1716461628588126,1.3000000000000007,7.705986959098995,0.020000000000003126,0.11019283746558196,1.2799999999999976,7.05234159779613,,,
SANM,Sanmina Corp,US,USD,USD,NASDAQ NMS - GLOBAL MARKET,1993-04-14,10865.791950375326,https://static2.finnhub.io/file/publicdatany/finnhubimage/stock_logo/SANM.png,53.6,Electrical Equipment,18009279800,https://www.sanmina.com/,50.78,,20260816,AADP,def5bec8b1e1d406757a57bf3c68bc51,210.84,4.28,211.12,205.0,207.0,206.56,2026-08-14 20:00:00,2026-08-14,2.072,cadp_finnhub,-0.4399999999999977,-0.21256038647342887,6.1200000000000045,2.985365853658539,0.28000000000000114,0.13280212483399786,5.840000000000003,2.7698728893948035,199.15,11.689999999999998,5.869947275922669
CPB,Campbell's Co,US,USD,USD,NASDAQ NMS - GLOBAL MARKET,1954-11-16,6873.6536180518615,https://static2.finnhub.io/file/publicdatany/finnhubimage/stock_logo/CPB.png,298.21,Food Products,18563424800,https://www.campbells.com/,186.42,,20260816,AADP,deffa8d6f4f939be0bd48c018279d787,23.17,-0.11,23.33,23.03,23.28,23.28,2026-08-14 20:00:00,2026-08-14,-0.4725,cadp_finnhub,,,0.29999999999999716,1.3026487190620806,0.1599999999999966,0.690548122572277,0.14000000000000057,0.6042296072507577,,,
ACN,Accenture PLC,IE,USD,USD,"NEW YORK STOCK EXCHANGE, INC.",2001-07-19,107530.47299134966,https://static2.finnhub.io/file/publicdatany/finnhubimage/stock_logo/ACN.png,611.94,Technology,35316462000,https://www.accenture.com/ie-en/,611.66,,20260816,AADP,df464055ac92e2fdba89e8adfaef7ccb,176.89,-1.6,180.5,173.91,180.04,178.49,2026-08-14 20:00:00,2026-08-14,-0.8964,cadp_finnhub,-1.549999999999983,-0.8609197956009682,6.590000000000003,3.7893163130354806,3.6100000000000136,2.04081632653062,2.9799999999999898,1.684662784781497,178.25,-1.3600000000000136,-0.7629733520336682
EXE,Expand Energy Corp,US,USD,USD,NASDAQ NMS - GLOBAL MARKET,2021-02-09,21492.81110904785,https://static2.finnhub.io/file/publicdatany/finnhubimage/stock_logo/CHK.png,231.5,Energy,14058488000,https://www.expandenergy.com/,230.72,,20260816,AADP,df5fbf805665549c98e6b454faf88e9f,94.78,0.1,95.69,94.42,95.41,94.68,2026-08-14 20:00:00,2026-08-14,0.1056,cadp_finnhub,-0.7299999999999898,-0.7651189602766899,1.269999999999996,1.3450540139800846,0.9099999999999966,0.960118168389952,0.35999999999999943,0.37982696771470714,93.64,1.1400000000000006,1.2174284493806071
WSM,Williams-Sonoma Inc,US,USD,USD,"NEW YORK STOCK EXCHANGE, INC.",1983-07-08,27472.64,https://static2.finnhub.io/file/publicdatany/finnhubimage/stock_logo/WSM.png,117.75,Retail,14154217900,https://www.williams-sonomainc.com/,115.38,,20260816,AADP,df83899e5de63dc6d6a03899be2f7ae9,241.58,-0.86,244.12,239.48,244.1,242.44,2026-08-14 20:00:00,2026-08-14,-0.3547,cadp_finnhub,-1.6599999999999966,-0.6800491601802526,4.640000000000015,1.9375313178553593,2.539999999999992,1.0514115406904512,2.1000000000000227,0.8692772580511725,251.78,-10.199999999999989,-4.051155770911109
HLX,Helix Energy Solutions Group Inc,US,USD,USD,"NEW YORK STOCK EXCHANGE, INC.",1997-07-01,1414.8715449541285,https://static2.finnhub.io/file/publicdatany/finnhubimage/stock_logo/HLX.png,147.3,Energy,12816180400,https://www.helixesg.com/,137.28,,20260816,AADP,df9a8a6e7af7f77b5d301844f1e0ffca,10.43,0.31,10.515,10.091,10.11,10.12,2026-08-14 20:00:00,2026-08-14,3.0632,cadp_finnhub,0.009999999999999787,0.09891196834816803,0.42400000000000126,4.201763948072553,0.08500000000000085,0.8149568552253197,0.3390000000000004,3.250239693192717,,,
DORM,Dorman Products Inc,US,USD,USD,NASDAQ NMS - GLOBAL MARKET,1991-03-12,4181.591277646533,https://static2.finnhub.io/file/publicdatany/finnhubimage/stock_logo/942959077186.png,29.88,Auto Components,12159971800,https://www.dormanproducts.com/,26.05,,20260816,AADP,dffd3cef85072e96cd9f7ab94348607f,136.39,3.31,136.72,131.78,132.49,133.08,2026-08-14 20:00:00,2026-08-14,2.4872,cadp_finnhub,0.5900000000000034,0.4453166276700154,4.939999999999998,3.748672029139473,0.3300000000000125,0.24195322237701627,4.609999999999985,3.380013197448483,,,
CHE,Chemed Corp,US,USD,USD,"NEW YORK STOCK EXCHANGE, INC.",1971-05-27,7224.0282664517945,https://static2.finnhub.io/file/publicdatany/finnhubimage/stock_logo/CHE.png,13.06,Health Care,15137626690,https://www.chemed.com/,12.79,,20260816,AADP,e0330b4b28aa4e5e3ccf92c26e3a88a1,532.88,-4.29,539.25,525.0,535.27,537.17,2026-08-14 20:00:00,2026-08-14,-0.7986,cadp_finnhub,1.8999999999999773,0.35496104769555126,14.25,2.7142857142857144,6.3700000000000045,1.195391082420058,7.8799999999999955,1.4787569434018908,549.48,-16.600000000000023,-3.0210380723593255
EXP,Eagle Materials Inc,US,USD,USD,"NEW YORK STOCK EXCHANGE, INC.",1994-04-12,6573.414955712926,https://static2.finnhub.io/file/publicdatany/finnhubimage/stock_logo/EXP.png,30.68,Construction,12144322000,https://www.eaglematerials.com/,30.3,,20260816,AADP,e056c88f4830b3d698de37c63b05b521,208.52,-0.3,210.92,205.375,210.92,208.82,2026-08-14 20:00:00,2026-08-14,-0.1437,cadp_finnhub,-2.0999999999999943,-0.9956381566470672,5.5449999999999875,2.699939135727322,2.3999999999999773,1.1509687320161026,3.1450000000000102,1.5082486092461203,213.76,-5.239999999999981,-2.4513473053892127
CSR,Centerspace,US,USD,USD,"NEW YORK STOCK EXCHANGE, INC.",1997-10-17,951.8924958864286,https://static2.finnhub.io/file/publicdatany/finnhubimage/stock_logo/942959155686.png,16.8,Real Estate,17018374738,https://www.centerspacehomes.com/,16.69,,20260816,AADP,e0b0ee739f04a0068624e4b056c899c0,55.84,-0.09,56.38,55.64,55.9,55.93,2026-08-14 20:00:00,2026-08-14,-0.1609,cadp_finnhub,0.030000000000001137,0.05366726296959058,0.740000000000002,1.3299784327821746,0.5399999999999991,0.9670487106017176,0.20000000000000284,0.3581661891117529,,,
ESAB,ESAB Corp,US,USD,USD,"NEW YORK STOCK EXCHANGE, INC.",2022-03-21,5592.59401171749,https://static2.finnhub.io/file/publicdatany/finnhubimage/stock_logo/950814819796.png,60.88,Machinery,13022529160,https://esabcorporation.com/,56.84,,20260816,AADP,e14128b84961afc1f2337459d94cbc8d,84.81,-0.31,86.62,84.16,85.16,85.12,2026-08-14 20:00:00,2026-08-14,-0.3642,cadp_finnhub,-0.03999999999999204,-0.04697040864254585,2.460000000000008,2.9230038022813787,1.8100000000000023,2.1341822898243157,0.6500000000000057,0.7664190543568042,91.86,-7.049999999999997,-7.674722403657737
ZTS,Zoetis Inc,US,USD,USD,"NEW YORK STOCK EXCHANGE, INC.",2013-02-01,31873.91,https://static2.finnhub.io/file/publicdatany/finnhubimage/stock_logo/ZTS.png,419.23,Pharmaceuticals,13026587581,https://www.zoetis.com/,418.57,,20260816,AADP,e1638a2612d503b611e7f69e7048a51a,73.79,-2.05,76.37,73.61,75.52,75.84,2026-08-14 20:00:00,2026-08-14,-2.7031,cadp_finnhub,0.3200000000000074,0.42372881355933184,2.760000000000005,3.749490558348058,2.5799999999999983,3.496408727469844,0.18000000000000682,0.2439354926141846,72.66,1.1300000000000097,1.555188549408216
GME,GameStop Corp,US,USD,USD,"NEW YORK STOCK EXCHANGE, INC.",2002-02-12,8596.9242159896,https://static2.finnhub.io/file/publicdatany/finnhubimage/stock_logo/GME.png,448.69,Retail,13026587581,https://news.gamestop.com/,409.09,,20260816,AADP,e19a13f8379aa392f3beda4c3c53fde1,18.66,0.09,18.79,18.44,18.65,18.57,2026-08-14 20:00:00,2026-08-14,0.4847,cadp_finnhub,-0.0799999999999983,-0.42895442359248415,0.34999999999999787,1.8980477223427212,0.129999999999999,0.6966773847802733,0.21999999999999886,1.1789924973204655,19.16,-0.5,-2.6096033402922756
EQT,EQT Corp,US,USD,USD,"NEW YORK STOCK EXCHANGE, INC.",1950-06-05,32332.920629544184,https://static2.finnhub.io/file/publicdatany/finnhubimage/stock_logo/EQT.png,625.52,Energy,14125535700,https://www.eqt.com/,619.5,,20260816,AADP,e1b04d918fa47ac9b04cdf4e66184f2a,54.42,0.34,55.145,54.18,54.35,54.08,2026-08-14 20:00:00,2026-08-14,0.6287,cadp_finnhub,-0.2700000000000031,-0.4967801287948539,0.9650000000000034,1.7811000369139967,0.7250000000000014,1.3322307975009213,0.240000000000002,0.44101433296582504,51.69,2.730000000000004,5.281485780615213
GNRC,Generac Holdings Inc,US,USD,USD,"NEW YORK STOCK EXCHANGE, INC.",2010-02-11,12522.329094337814,https://static2.finnhub.io/file/publicdatany/finnhubimage/stock_logo/GNRC.png,59.01,Electrical Equipment,18009279800,https://investors.generac.com/,57.93,,20260816,AADP,e1cf5d771971e5a08645bedb355f23c8,219.3,2.64,221.09,215.0,216.57,216.66,2026-08-14 20:00:00,2026-08-14,1.2185,cadp_finnhub,0.09000000000000341,0.04155700235489838,6.090000000000003,2.8325581395348856,1.789999999999992,0.8162334701322352,4.300000000000011,1.9607843137254954,212.22,7.0800000000000125,3.3361605880689913
ENVA,Enova International Inc,US,USD,USD,"NEW YORK STOCK EXCHANGE, INC.",2014-10-30,6290.324548972027,https://static2.finnhub.io/file/publicdatany/finnhubimage/stock_logo/ENVA.png,24.9,Financial Services,13026587581,https://www.enova.com/,23.79,,20260816,AADP,e22ace613e26674c026fdcf5372439ba,265.45,3.53,267.4499,262.205,264.0,261.92,2026-08-14 20:00:00,2026-08-14,1.3477,cadp_finnhub,-2.079999999999984,-0.7878787878787818,5.24490000000003,2.000305104784436,1.999900000000025,0.7533998869843757,3.2450000000000045,1.2224524392540985,,,
ST,Sensata Technologies Holding PLC,US,USD,USD,"NEW YORK STOCK EXCHANGE, INC.",2010-03-11,6792.158768729766,https://static2.finnhub.io/file/publicdatany/finnhubimage/stock_logo/ST.png,145.54,Electrical Equipment,15082363800,https://www.sensata.com/,144.31,,20260816,AADP,e22d5eb454bfe74ed9896c973c599b2e,46.23,0.81,46.33,45.198,45.38,45.42,2026-08-14 20:00:00,2026-08-14,1.7834,cadp_finnhub,0.03999999999999915,0.08814455707359882,1.131999999999998,2.5045355989203015,0.10000000000000142,0.2163097555699793,1.0319999999999965,2.232316677482147,46.67,-0.44000000000000483,-0.9427898007285298
XYL,Xylem Inc,US,USD,USD,"NEW YORK STOCK EXCHANGE, INC.",2011-10-13,27275.93,https://static2.finnhub.io/file/publicdatany/finnhubimage/stock_logo/XYL.png,233.49,Machinery,12028699150,https://www.xylem.com/,232.67,,20260816,AADP,e24021cea23034b3df9fddc5224b800a,119.68,-0.64,120.32,119.0001,120.08,120.32,2026-08-14 20:00:00,2026-08-14,-0.5319,cadp_finnhub,0.23999999999999488,0.19986675549633154,1.3198999999999899,1.1091587317993765,0.6399999999999864,0.5347593582887586,0.6799000000000035,0.5680982620320885,121.31,-1.6299999999999955,-1.3436649905201512
MMI,Marcus & Millichap Inc,US,USD,USD,"NEW YORK STOCK EXCHANGE, INC.",2013-10-31,1190.6305312174186,https://static2.finnhub.io/file/publicdatany/finnhubimage/stock_logo/MMI.png,37.82,Real Estate,13026587581,https://www.marcusmillichap.com/,36.37,,20260816,AADP,e25708d1e485a3e3bc0e7444f34a1316,31.58,-0.19,31.82,31.33,31.82,31.77,2026-08-14 20:00:00,2026-08-14,-0.598,cadp_finnhub,-0.05000000000000071,-0.15713387806411286,0.490000000000002,1.563996169805305,0.240000000000002,0.7599746675110892,0.25,0.7916402786573782,,,
DCOM,Dime Community Bancshares Inc,US,USD,USD,NASDAQ NMS - GLOBAL MARKET,1988-09-13,1780.3938490221462,https://static2.finnhub.io/file/publicdatany/finnhubimage/stock_logo/942959127076.png,44.16,Banking,17187826200,https://www.dime.com/,42.41,,20260816,AADP,e2afddd9c739bcb38943fa559a19a67e,40.96,-0.24,41.42,40.94,40.98,41.2,2026-08-14 20:00:00,2026-08-14,-0.5825,cadp_finnhub,0.22000000000000597,0.5368472425573596,0.480000000000004,1.172447484123117,0.46000000000000085,1.123046875000002,0.020000000000003126,0.04882812500000763,,,
FBK,FB Financial Corp,US,USD,USD,"NEW YORK STOCK EXCHANGE, INC.",2016-09-16,3040.6698987543577,https://static2.finnhub.io/file/publicdatany/finnhubimage/stock_logo/950011529126.png,49.98,Banking,16153130080,https://investors.firstbankonline.com/,48.9,,20260816,AADP,e320b31a85432149e42b1570566b0977,61.8,-0.28,62.4,60.635,61.84,62.08,2026-08-14 20:00:00,2026-08-14,-0.451,cadp_finnhub,0.23999999999999488,0.3880983182406127,1.7650000000000006,2.9108600643192886,0.6000000000000014,0.9708737864077693,1.1649999999999991,1.885113268608413,,,
ARR,ARMOUR Residential REIT Inc,US,USD,USD,"NEW YORK STOCK EXCHANGE, INC.",2007-12-03,2361.104591296677,https://static2.finnhub.io/file/publicdatany/finnhubimage/stock_logo/942982091006.png,141.55,Real Estate,17726174340,https://www.armourreit.com/,141.3,,20260816,AADP,e366c5683a119f99fbdfd66088a807f7,16.74,0.02,16.87,16.725,16.75,16.72,2026-08-14 20:00:00,2026-08-14,0.1196,cadp_finnhub,-0.030000000000001137,-0.1791044776119471,0.14499999999999957,0.8669656203288464,0.13000000000000256,0.7765830346475661,0.014999999999997016,0.08960573476700727,,,
RUN,Sunrun Inc,US,USD,USD,NASDAQ NMS - GLOBAL MARKET,2015-08-05,2456.639276034115,https://static2.finnhub.io/file/publicdatany/finnhubimage/stock_logo/RUN.png,238.55,Electrical Equipment,13026365400,https://www.sunrun.com/,231.7,,20260816,AADP,e38c4ca9a8aa7764a308a7feb0c4e93c,10.19,0.33,10.41,9.875,9.885,9.86,2026-08-14 20:00:00,2026-08-14,3.3469,cadp_finnhub,-0.025000000000000355,-0.25290844714213817,0.5350000000000001,5.417721518987343,0.22000000000000064,2.1589793915603597,0.3149999999999995,3.0912659470068644,,,
DFIN,Donnelley Financial Solutions Inc,US,USD,USD,"NEW YORK STOCK EXCHANGE, INC.",2016-09-21,1164.855446990492,https://static2.finnhub.io/file/publicdatany/finnhubimage/stock_logo/DFIN.png,24.98,Financial Services,13026587581,https://www.dfinsolutions.com/,23.15,,20260816,AADP,e3b42db4f3a3993296b0a873da215a1f,48.99,-0.63,49.97,48.59,49.86,49.62,2026-08-14 20:00:00,2026-08-14,-1.2696,cadp_finnhub,-0.240000000000002,-0.48134777376655036,1.3799999999999955,2.840090553611845,0.9799999999999969,2.0004082465809283,0.3999999999999986,0.8164931618697665,,,
ALRM,Alarm.com Holdings Inc,US,USD,USD,NASDAQ NMS - GLOBAL MARKET,2015-06-26,2845.4673705793216,https://static2.finnhub.io/file/publicdatany/finnhubimage/stock_logo/ALRM.png,49.46,Technology,13026587581,https://www.alarm.com,46.71,,20260816,AADP,e4001edd8fdc8f2a5d729cbd9e1ac1bb,55.57,-0.22,56.31,55.13,56.24,55.79,2026-08-14 20:00:00,2026-08-14,-0.3943,cadp_finnhub,-0.45000000000000284,-0.8001422475106736,1.1799999999999997,2.1403954289860323,0.740000000000002,1.3316537700197983,0.4399999999999977,0.7917941335252794,,,
MPWR,Monolithic Power Systems Inc,US,USD,USD,NASDAQ NMS - GLOBAL MARKET,2004-11-19,68875.88017462536,https://static2.finnhub.io/file/publicdatany/finnhubimage/stock_logo/MPWR.png,49.13,Semiconductors,13026587581,http://www.monolithicpower.com/,47.27,,20260816,AADP,e41a894152b8a0851c3c8b3e9ecff6ad,1402.01,39.46,1404.14,1355.11,1360.0,1362.55,2026-08-14 20:00:00,2026-08-14,2.896,cadp_finnhub,2.5499999999999545,0.18749999999999664,49.0300000000002,3.618156459623219,2.130000000000109,0.15192473662813455,46.90000000000009,3.345197252516037,1381.1,20.910000000000082,1.5140105712837653
PVH,PVH Corp,US,USD,USD,"NEW YORK STOCK EXCHANGE, INC.",1920-03-25,4038.1469507399192,https://static2.finnhub.io/file/publicdatany/finnhubimage/stock_logo/PVH.png,46.11,"Textiles, Apparel & Luxury Goods",12123813500,https://www.pvh.com/,45.6,,20260816,AADP,e47047ae23b5352a87874818d080fe29,82.47,0.81,82.785,80.99,81.81,81.66,2026-08-14 20:00:00,2026-08-14,0.9919,cadp_finnhub,-0.15000000000000568,-0.1833516685001903,1.7950000000000017,2.216323002839859,0.3149999999999977,0.38195707530010636,1.480000000000004,1.7945919728386126,87.58,-5.109999999999999,-5.834665448732586
AXP,American Express Co,US,USD,USD,"NEW YORK STOCK EXCHANGE, INC.",1977-05-18,230219.87294624408,https://static2.finnhub.io/file/publicdatany/finnhubimage/stock_logo/AXP.png,675.31,Financial Services,12126402000,https://www.americanexpress.com/,522.7,,20260816,AADP,e47cae6147aeee8f148b8eb21e9d5337,,,,,,,,,,cadp_finnhub,,,,,,,,,,,
HWC,Hancock Whitney Corp,US,USD,USD,NASDAQ NMS - GLOBAL MARKET,1991-06-28,6297.858085254041,https://static2.finnhub.io/file/publicdatany/finnhubimage/stock_logo/HWC.png,81.16,Banking,15042995208,https://www.hancockwhitney.com/,80.35,,20260816,AADP,e47da7d148bd6c6b11c28cb85dd03db6,79.78,0.41,80.13,79.14,79.3,79.37,2026-08-14 20:00:00,2026-08-14,0.5166,cadp_finnhub,0.07000000000000739,0.08827238335435988,0.9899999999999949,1.2509476876421466,0.3499999999999943,0.4387064427174659,0.6400000000000006,0.8022060666833799,77.6,2.180000000000007,2.809278350515473
GXO,GXO Logistics Inc,US,USD,USD,"NEW YORK STOCK EXCHANGE, INC.",2021-07-22,5531.236997105085,https://static2.finnhub.io/file/publicdatany/finnhubimage/stock_logo/GXO.png,115.05,Logistics & Transportation,12034891287,https://gxo.com/,113.85,,20260816,AADP,e4850a23af73ade1d49d1d4c9b2217de,48.58,0.22,48.94,48.14,48.3,48.36,2026-08-14 20:00:00,2026-08-14,0.4549,cadp_finnhub,0.060000000000002274,0.12422360248447675,0.7999999999999972,1.6618196925633508,0.35999999999999943,0.741045697818031,0.4399999999999977,0.905722519555368,48.23,0.3500000000000014,0.7256894049346909
UPBD,Upbound Group Inc,US,USD,USD,NASDAQ NMS - GLOBAL MARKET,1983-11-21,1156.0772737719117,https://static2.finnhub.io/file/publicdatany/finnhubimage/stock_logo/RCII.png,58.29,Retail,13026587581,https://www.rentacenter.com/,55.98,,20260816,AADP,e4dcd0a040d47e3b2411ec8eb9f98c8e,19.62,-0.055,19.71,19.42,19.64,19.675,2026-08-14 20:00:00,2026-08-14,-0.2795,cadp_finnhub,0.03500000000000014,0.17820773930753636,0.28999999999999915,1.4933058702368647,0.08999999999999986,0.4587155963302745,0.1999999999999993,1.0193679918450524,,,
AMP,Ameriprise Financial Inc,US,USD,USD,"NEW YORK STOCK EXCHANGE, INC.",2005-09-15,48758.17220588507,https://static2.finnhub.io/file/publicdatany/finnhubimage/stock_logo/AMP.png,88.4,Financial Services,16126718001,https://www.ameriprise.com/,88.22,,20260816,AADP,e51899e11c689e635e5ff408fd1ab923,,,,,,,,,,cadp_finnhub,,,,,,,,,,,
WMT,Walmart Inc,US,USD,USD,NASDAQ NMS - GLOBAL MARKET,1972-08-25,884142.59,https://static2.finnhub.io/file/publicdatany/finnhubimage/stock_logo/WMT.png,7958.08,Retail,15012734000,https://corporate.walmart.com/,4386.8,,20260816,AADP,e52caabcda6878a3faf8771fba6f8dea,115.27,-0.45,116.45,114.635,115.655,115.72,2026-08-14 20:00:00,2026-08-14,-0.3889,cadp_finnhub,0.06499999999999773,0.05620163417059161,1.8149999999999977,1.583286081912154,1.1800000000000068,1.0236835256354704,0.6349999999999909,0.5508805413377209,112.66,2.6099999999999994,2.3167051304810933
EGP,Eastgroup Properties Inc,US,USD,USD,"NEW YORK STOCK EXCHANGE, INC.",1980-03-17,10902.001704936994,https://static2.finnhub.io/file/publicdatany/finnhubimage/stock_logo/942959038866.png,53.77,Real Estate,16013543555,https://www.eastgroup.net/,53.22,,20260816,AADP,e575082368272a23ce1346a4bb9f91bd,203.06,-2.0,206.445,202.52,206.445,205.06,2026-08-14 20:00:00,2026-08-14,-0.9753,cadp_finnhub,-1.384999999999991,-0.6708808641526756,3.924999999999983,1.938080189610894,3.384999999999991,1.6669949768541272,0.539999999999992,0.2659312518467409,201.86,1.1999999999999886,0.5944714158327498
LIN,Linde PLC,GB,USD,USD,NASDAQ NMS - GLOBAL MARKET,2018-10-31,225871.0537975264,https://static2.finnhub.io/file/publicdatany/finnhubimage/stock_logo/950838588696.png,462.35,Chemicals,,https://www.linde.com/,461.14,,20260816,AADP,e5ad3e9f8847a9b85f0058717a2403c8,482.74,4.54,483.485,477.13,479.09,478.2,2026-08-14 20:00:00,2026-08-14,0.9494,cadp_finnhub,-0.8899999999999864,-0.18576885345133198,6.355000000000018,1.331922117661857,0.7450000000000045,0.15432738119899003,5.610000000000014,1.1621162530554778,489.98,-7.240000000000009,-1.4776113310747396
CVX,Chevron Corp,US,USD,USD,"NEW YORK STOCK EXCHANGE, INC.",1921-06-24,371552.47313493886,https://static2.finnhub.io/file/publicdatany/finnhubimage/stock_logo/CVX.png,1991.6,Energy,18328541000,https://www.chevron.com/,1897.3,,20260816,AADP,e67de8a659cf7f6b10868bd4c51c2aef,200.0,2.3,201.63,198.355,198.87,197.7,2026-08-14 20:00:00,2026-08-14,1.1634,cadp_finnhub,-1.170000000000016,-0.5883240307738804,3.2750000000000057,1.6510801341030001,1.6299999999999955,0.8149999999999977,1.6450000000000102,0.8225000000000051,194.91,5.090000000000003,2.611461700271922
SHO,Sunstone Hotel Investors Inc,US,USD,USD,"NEW YORK STOCK EXCHANGE, INC.",2004-10-21,2064.1071515748454,https://static2.finnhub.io/file/publicdatany/finnhubimage/stock_logo/942959115686.png,186.29,Real Estate,19493304000,https://www.sunstonehotels.com/,174.84,,20260816,AADP,e6980a593f39a2766b82affd13593215,10.94,0.05,11.05,10.2923,10.86,10.89,2026-08-14 20:00:00,2026-08-14,0.4591,cadp_finnhub,0.030000000000001137,0.27624309392266244,0.7577000000000016,7.361814171759487,0.11000000000000121,1.0054844606947093,0.6477000000000004,5.920475319926878,,,
NXST,Nexstar Media Group Inc,US,USD,USD,NASDAQ NMS - GLOBAL MARKET,2003-11-24,5917.840720121189,https://static2.finnhub.io/file/publicdatany/finnhubimage/stock_logo/NXST.png,30.54,Media,18009279800,https://www.nexstar.tv/,28.4,,20260816,AADP,e6c7729373826fe04cda6aab50b06c31,189.57,0.92,190.49,186.935,187.08,188.65,2026-08-14 20:00:00,2026-08-14,0.4877,cadp_finnhub,1.5699999999999932,0.8392131708360022,3.555000000000007,1.9017305480514655,0.9200000000000159,0.4853088568866466,2.634999999999991,1.389987867278573,193.78,-4.210000000000008,-2.172566828362064
HIMS,Hims & Hers Health Inc,US,USD,USD,"NEW YORK STOCK EXCHANGE, INC.",2019-09-09,7311.748740869859,https://static2.finnhub.io/file/publicdatany/finnhubimage/stock_logo/HIMS.png,231.46,Health Care,14158510195,https://www.forhims.com/,209.81,,20260816,AADP,e72d07c387ba91f44d462771b9bf4a3d,28.15,-0.62,29.3,28.105,29.15,28.77,2026-08-14 20:00:00,2026-08-14,-2.155,cadp_finnhub,-0.379999999999999,-1.3036020583190362,1.1950000000000003,4.251912471090554,1.1500000000000021,4.085257548845479,0.04499999999999815,0.159857904085251,31.1,-2.950000000000003,-9.485530546623803
AMT,American Tower Corp,US,USD,USD,"NEW YORK STOCK EXCHANGE, INC.",1998-06-05,80396.7460232042,https://static2.finnhub.io/file/publicdatany/finnhubimage/stock_logo/942959033886.png,465.96,Real Estate,13026587581,https://www.americantower.com/,465.25,,20260816,AADP,e775bc88625aa645a5cb165cace0b1b1,,,,,,,,,,cadp_finnhub,,,,,,,,,,,
RCL,Royal Caribbean Cruises Ltd,US,USD,USD,"NEW YORK STOCK EXCHANGE, INC.",1993-04-28,85822.3893103728,https://static2.finnhub.io/file/publicdatany/finnhubimage/stock_logo/RCL.png,267.45,"Hotels, Restaurants & Leisure",13055396000,https://www.royalcaribbeangroup.com/,262.52,,20260816,AADP,e7d7acd87e4ecb0c7414d9648261fddb,305.0,-4.88,313.0,304.9,308.5,309.88,2026-08-14 20:00:00,2026-08-14,-1.5748,cadp_finnhub,1.3799999999999955,0.44732576985413147,8.100000000000023,2.656608724171867,8.0,2.622950819672131,0.10000000000002274,0.03278688524590909,320.2,-15.199999999999989,-4.747033104309803
REYN,Reynolds Consumer Products Inc,US,USD,USD,NASDAQ NMS - GLOBAL MARKET,2020-01-31,5590.177119259034,https://static2.finnhub.io/file/publicdatany/finnhubimage/stock_logo/REYN.png,210.79,Consumer products,13026365400,https://www.reynoldsconsumerproducts.com/,54.44,,20260816,AADP,e7fc69f38bf43b94380f102d4855d408,26.25,-0.06,26.42,26.12,26.27,26.31,2026-08-14 20:00:00,2026-08-14,-0.2281,cadp_finnhub,0.03999999999999915,0.15226494099733212,0.3000000000000007,1.148545176110263,0.1700000000000017,0.6476190476190542,0.129999999999999,0.4952380952380915,,,
HON,Honeywell International Inc,US,USD,USD,NASDAQ NMS - GLOBAL MARKET,1985-09-19,78033.79978191864,https://static2.finnhub.io/file/publicdatany/finnhubimage/stock_logo/942965692746.png,316.94,Industrial Conglomerates,17046276200,https://www.honeywell.com/us/en,316.77,,20260816,AADP,e80bce61240b3a9d0ff599ab58aa9933,233.96,-0.03,234.795,232.39,232.39,233.99,2026-08-14 20:00:00,2026-08-14,-0.0128,cadp_finnhub,1.6000000000000227,0.688497783897768,2.405000000000001,1.0348982314213182,0.8349999999999795,0.35689861514787974,1.5700000000000216,0.6710548811762787,246.19,-12.22999999999999,-4.9677078679068964
ESS,Essex Property Trust Inc,US,USD,USD,"NEW YORK STOCK EXCHANGE, INC.",1994-06-07,18515.73731765187,https://static2.finnhub.io/file/publicdatany/finnhubimage/stock_logo/942959039476.png,64.27,Real Estate,16506557800,https://www.essexapartmenthomes.com/,63.8,,20260816,AADP,e812a0b9ff26d2bac967939a33e998f7,287.52,0.13,289.0,286.285,287.32,287.39,2026-08-14 20:00:00,2026-08-14,0.0452,cadp_finnhub,0.06999999999999318,0.024363079493245576,2.714999999999975,0.94835565957,1.4800000000000182,0.5147468002225996,1.2349999999999568,0.4295353366722165,283.21,4.310000000000002,1.521838918117299
BDX,Becton Dickinson and Co,US,USD,USD,"NEW YORK STOCK EXCHANGE, INC.",1963-09-25,48732.08349009003,https://static2.finnhub.io/file/publicdatany/finnhubimage/stock_logo/BDX.png,275.54,Health Care,12018476800,https://www.bd.com/,274.33,,20260816,AADP,e8243394066de5a895c508af3bcaa0c7,183.4,1.43,183.82,181.22,182.12,181.97,2026-08-14 20:00:00,2026-08-14,0.7858,cadp_finnhub,-0.15000000000000568,-0.08236327696024912,2.5999999999999943,1.4347202295552335,0.4199999999999875,0.22900763358777942,2.180000000000007,1.1886586695747037,179.63,3.7700000000000102,2.0987585592607085
WMB,Williams Companies Inc,US,USD,USD,"NEW YORK STOCK EXCHANGE, INC.",1967-12-04,86722.81,https://static2.finnhub.io/file/publicdatany/finnhubimage/stock_logo/WMB.png,1223.0,Energy,13026587581,https://www.williams.com/,1216.59,,20260816,AADP,e85305e4def2f2b27f1e4274c334b4e8,75.2,2.16,75.24,73.21,73.43,73.04,2026-08-14 20:00:00,2026-08-14,2.9573,cadp_finnhub,-0.39000000000000057,-0.5311180716328483,2.030000000000001,2.7728452397213514,0.03999999999999204,0.053191489361691546,1.990000000000009,2.646276595744693,71.43,3.769999999999996,5.277894442111151
CACI,CACI International Inc,US,USD,USD,"NEW YORK STOCK EXCHANGE, INC.",2002-08-16,14236.299041680386,https://static2.finnhub.io/file/publicdatany/finnhubimage/stock_logo/CACI.png,22.09,Professional Services,13026365400,https://www.caci.com/,21.85,,20260816,AADP,e87405e72aa7c49f96a561cd750c8902,670.54,0.54,677.0,659.94,671.94,670.0,2026-08-14 20:00:00,2026-08-14,0.0806,cadp_finnhub,-1.9400000000000546,-0.2887162544274867,17.059999999999945,2.585083492438698,6.460000000000036,0.9634026307155482,10.599999999999909,1.580815462164809,644.43,26.110000000000014,4.051642536815483
ASH,Ashland Inc,US,USD,USD,"NEW YORK STOCK EXCHANGE, INC.",1980-03-17,3500.903038167955,https://static2.finnhub.io/file/publicdatany/finnhubimage/stock_logo/ASH.png,45.79,Chemicals,13026587581,https://www.ashland.com/,45.23,,20260816,AADP,e89d1a32e902313687018af999fa0d83,73.71,0.36,73.8799,72.9,73.3,73.35,2026-08-14 20:00:00,2026-08-14,0.4908,cadp_finnhub,0.04999999999999716,0.06821282401091018,0.9799000000000007,1.3441700960219487,0.1699000000000126,0.23049789716458094,0.8099999999999881,1.0989010989010828,76.45,-2.740000000000009,-3.584041857423164
CENT,Central Garden & Pet Co,US,USD,USD,NASDAQ NMS - GLOBAL MARKET,1993-07-16,2506.376294571551,https://static2.finnhub.io/file/publicdatany/finnhubimage/stock_logo/CENT.png,62.57,Consumer products,13026365400,https://www.central.com/,8.11,,20260816,AADP,e8b7c93252231627829d6b3f32ef5e89,43.73,-0.71,44.95,43.56,44.53,44.44,2026-08-14 20:00:00,2026-08-14,-1.5977,cadp_finnhub,-0.09000000000000341,-0.20211093644734654,1.3900000000000006,3.1910009182736467,1.220000000000006,2.789846787102689,0.1699999999999946,0.3887491424651146,,,
RHI,Robert Half Inc,US,USD,USD,"NEW YORK STOCK EXCHANGE, INC.",1980-03-17,4374.94471779302,https://static2.finnhub.io/file/publicdatany/finnhubimage/stock_logo/RHI.png,102.29,Professional Services,13026587581,https://www.roberthalf.com/,98.42,,20260816,AADP,e8ddf7554e96397fa19fd277b3d9af7b,43.22,-0.56,44.4661,42.64,44.35,43.78,2026-08-14 20:00:00,2026-08-14,-1.2791,cadp_finnhub,-0.5700000000000003,-1.2852311161217593,1.8260999999999967,4.282598499061906,1.2460999999999984,2.883155946321144,0.5799999999999983,1.3419713095788948,,,
CZR,Caesars Entertainment Inc,US,USD,USD,NASDAQ NMS - GLOBAL MARKET,2014-09-19,6142.1689222262885,https://static2.finnhub.io/file/publicdatany/finnhubimage/stock_logo/CZR.png,203.72,"Hotels, Restaurants & Leisure",13026365400,https://www.caesars.com/,201.58,,20260816,AADP,e96fa614e5d61af0c9e060c84dff2ab8,29.75,0.09,29.85,29.64,29.79,29.66,2026-08-14 20:00:00,2026-08-14,0.3034,cadp_finnhub,-0.129999999999999,-0.43638804968109773,0.21000000000000085,0.7085020242915009,0.10000000000000142,0.3361344537815174,0.10999999999999943,0.36974789915966194,,,
IQV,IQVIA Holdings Inc,US,USD,USD,"NEW YORK STOCK EXCHANGE, INC.",2013-05-09,39290.02021874586,https://static2.finnhub.io/file/publicdatany/finnhubimage/stock_logo/IQV.png,164.6,Life Sciences Tools & Services,18009279800,https://ir.iqvia.com/,162.79,,20260816,AADP,e9f8f201c5c1726e57909d9f46b06755,236.66,-4.86,243.0,235.865,240.55,241.52,2026-08-14 20:00:00,2026-08-14,-2.0123,cadp_finnhub,0.9699999999999989,0.40324256911245016,7.134999999999991,3.025035507599682,6.340000000000003,2.6789487027803616,0.7949999999999875,0.33592495563254776,238.7,-2.039999999999992,-0.8546292417260126
RTX,RTX Corp,US,USD,USD,"NEW YORK STOCK EXCHANGE, INC.",1934-09-05,300590.5065976838,https://static2.finnhub.io/file/publicdatany/finnhubimage/stock_logo/RTX.png,1347.76,Aerospace & Defense,13026587581,https://www.rtx.com/,1346.49,,20260816,AADP,ea8bb6435690ed836a2f797beb9310b1,222.97,2.49,223.07,219.975,222.0,220.48,2026-08-14 20:00:00,2026-08-14,1.1294,cadp_finnhub,-1.5200000000000102,-0.6846846846846893,3.094999999999999,1.4069780656892823,0.09999999999999432,0.04484908283625345,2.9950000000000045,1.3432300309458693,224.12,-1.1500000000000057,-0.5131179725147268
CBRE,CBRE Group Inc,US,USD,USD,"NEW YORK STOCK EXCHANGE, INC.",2004-06-10,42909.26964131244,https://static2.finnhub.io/file/publicdatany/finnhubimage/stock_logo/CBRE.png,289.58,Real Estate,12149796100,https://www.cbre.us,288.04,,20260816,AADP,ea94162686e131ee84f386fccb524729,152.86,0.97,153.25,150.44,152.04,151.89,2026-08-14 20:00:00,2026-08-14,0.6386,cadp_finnhub,-0.15000000000000568,-0.09865824782952229,2.8100000000000023,1.8678542940707275,0.38999999999998636,0.2551354180295606,2.420000000000016,1.5831479785424676,148.18,4.680000000000007,3.158320960993391
PHIN,Phinia Inc,US,USD,USD,"NEW YORK STOCK EXCHANGE, INC.",2023-06-28,2744.5591667585786,https://static2.finnhub.io/file/publicdatany/finnhubimage/stock_logo/950865713976.png,37.02,Auto Components,12487321900,https://www.phinia.com/,35.77,,20260816,AADP,eaae3a14e5e0c587a1aabe711f16e509,74.49,0.77,75.43,73.5,74.01,73.72,2026-08-14 20:00:00,2026-08-14,1.0445,cadp_finnhub,-0.29000000000000625,-0.39183894068369984,1.9300000000000068,2.625850340136064,0.9400000000000119,1.2619143509196027,0.9899999999999949,1.3290374546918982,,,
SIG,Signet Jewelers Ltd,BM,USD,USD,"NEW YORK STOCK EXCHANGE, INC.",1988-07-14,3811.4489246765024,https://static2.finnhub.io/file/publicdatany/finnhubimage/stock_logo/SIG.png,39.33,Retail,14412965872,https://www.signetjewelers.com/our-home/default.aspx,38.72,,20260816,AADP,eab9028aae0f693e62642da7b520ab90,90.57,-1.99,92.23,89.78,92.23,92.56,2026-08-14 20:00:00,2026-08-14,-2.15,cadp_finnhub,0.3299999999999983,0.3578011493006595,2.450000000000003,2.7288928491869044,1.6600000000000108,1.8328364800706758,0.789999999999992,0.872253505575789,,,
KNF,Knife River Corp,US,USD,USD,"NEW YORK STOCK EXCHANGE, INC.",2023-05-25,3791.7965834454153,https://static2.finnhub.io/file/publicdatany/finnhubimage/stock_logo/950841678006.png,56.75,Construction,17015301400,https://www.kniferiver.com/,56.51,,20260816,AADP,eb0ac3b49020d26c8ca64c363155b424,66.4,0.48,67.215,65.33,65.93,65.92,2026-08-14 20:00:00,2026-08-14,0.7282,cadp_finnhub,-0.010000000000005116,-0.015167602002131223,1.8850000000000051,2.885351293433346,0.8149999999999977,1.2274096385542133,1.0700000000000074,1.611445783132541,66.8,-0.3999999999999915,-0.5988023952095681
HAE,Haemonetics Corp,US,USD,USD,"NEW YORK STOCK EXCHANGE, INC.",1979-10-17,3991.9750664841213,https://static2.finnhub.io/file/publicdatany/finnhubimage/stock_logo/HAE.png,45.45,Health Care,17818487100,https://www.haemonetics.com,44.83,,20260816,AADP,eb372810d9ef7a1efc5a482ae8921a64,90.8,0.42,91.49,89.82,90.61,90.38,2026-08-14 20:00:00,2026-08-14,0.4647,cadp_finnhub,-0.23000000000000398,-0.25383511753670013,1.6700000000000017,1.859274103763084,0.6899999999999977,0.7599118942731252,0.980000000000004,1.0792951541850264,87.84,2.9599999999999937,3.369763205828772
DGX,Quest Diagnostics Inc,US,USD,USD,"NEW YORK STOCK EXCHANGE, INC.",1996-12-17,26307.490280047798,https://static2.finnhub.io/file/publicdatany/finnhubimage/stock_logo/DGX.png,110.37,Health Care,13026587581,https://www.questdiagnostics.com/,109.83,,20260816,AADP,eb5de5a7ecc8c781d34984529356925a,234.4,-1.64,237.695,233.685,235.82,236.04,2026-08-14 20:00:00,2026-08-14,-0.6948,cadp_finnhub,0.21999999999999886,0.0932914935120002,4.009999999999991,1.7159851937437112,3.2949999999999875,1.4057167235494827,0.7150000000000034,0.3050341296928342,237.63,-3.2299999999999898,-1.3592559861970248
POST,Post Holdings Inc,US,USD,USD,"NEW YORK STOCK EXCHANGE, INC.",2012-01-27,3566.4344294522884,https://static2.finnhub.io/file/publicdatany/finnhubimage/stock_logo/POST.png,45.32,Food Products,13146447600,https://www.postholdings.com/,38.34,,20260816,AADP,eb655cc5bd8700b18c8e4b1080696dc2,80.95,0.41,81.435,79.5601,80.36,80.54,2026-08-14 20:00:00,2026-08-14,0.5091,cadp_finnhub,0.18000000000000682,0.22399203583873423,1.8748999999999967,2.35658326221309,0.48499999999999943,0.5991352686843724,1.3898999999999972,1.7169857936998112,78.69,2.260000000000005,2.8720294827805377
CRH,CRH PLC,IE,USD,USD,"NEW YORK STOCK EXCHANGE, INC.",1973-02-05,66847.78754566291,https://static2.finnhub.io/file/publicdatany/finnhubimage/stock_logo/CRH.L.png,668.2,Construction,35314041000,https://www.crh.com/,663.95,,20260816,AADP,eb7790f49a128d6e9dc5fb62e06695e3,97.15,-0.55,97.9999,96.545,97.74,97.7,2026-08-14 20:00:00,2026-08-14,-0.5629,cadp_finnhub,-0.03999999999999204,-0.0409249028033477,1.454899999999995,1.5069656636801438,0.849899999999991,0.8748327328872784,0.605000000000004,0.6227483273288769,100.48,-3.3299999999999983,-3.314092356687896
CDNS,Cadence Design Systems Inc,US,USD,USD,NASDAQ NMS - GLOBAL MARKET,1988-06-01,93424.3268493654,https://static2.finnhub.io/file/publicdatany/finnhubimage/stock_logo/CDNS.png,275.39,Technology,13026587581,https://www.cadence.com/en_US/home.html,274.55,,20260816,AADP,eb8b676cee8766f4244e3b24ee19a939,324.82,1.05,326.87,319.46,324.74,323.77,2026-08-14 20:00:00,2026-08-14,0.3243,cadp_finnhub,-0.9700000000000273,-0.2987004988606354,7.410000000000025,2.319539222437872,2.0500000000000114,0.6311187734745433,5.360000000000014,1.650144695523679,339.24,-14.420000000000016,-4.250677986086552
NSIT,Insight Enterprises Inc,US,USD,USD,NASDAQ NMS - GLOBAL MARKET,1995-01-24,4510.049177463368,https://static2.finnhub.io/file/publicdatany/finnhubimage/stock_logo/NSIT.png,30.2,Electrical Equipment,13026365400,https://www.insight.com/en_US/home.html,29.83,,20260816,AADP,ebad813d3790dd59e7ca718f3d4cf74f,154.25,-2.35,157.35,153.765,156.35,156.6,2026-08-14 20:00:00,2026-08-14,-1.5006,cadp_finnhub,0.25,0.1598976654940838,3.585000000000008,2.331479855623847,3.0999999999999943,2.0097244732576947,0.48500000000001364,0.31442463533226167,,,
LYFT,Lyft Inc,US,USD,USD,NASDAQ NMS - GLOBAL MARKET,2019-03-29,6629.256587109202,https://static2.finnhub.io/file/publicdatany/finnhubimage/stock_logo/LYFT.png,379.68,Road & Rail,13026587581,https://www.lyft.com/,374.3,,20260816,AADP,ebf1bd8a41b447605e5b616b76730a5f,17.48,0.35,17.6,17.155,17.22,17.13,2026-08-14 20:00:00,2026-08-14,2.0432,cadp_finnhub,-0.08999999999999986,-0.5226480836236925,0.4450000000000003,2.5939959195569817,0.120000000000001,0.686498855835246,0.3249999999999993,1.8592677345537716,,,
SWX,Southwest Gas Holdings Inc,US,USD,USD,"NEW YORK STOCK EXCHANGE, INC.",1980-03-17,6671.538821832576,https://static2.finnhub.io/file/publicdatany/finnhubimage/stock_logo/SWX.png,72.37,Utilities,13026587581,https://www.swgasholdings.com/,71.91,,20260816,AADP,ebf2565ed89df8f9f76dc37fbac60439,92.6,0.51,92.69,91.76,91.81,92.09,2026-08-14 20:00:00,2026-08-14,0.5538,cadp_finnhub,0.28000000000000114,0.30497767127763986,0.9299999999999926,1.0135135135135054,0.09000000000000341,0.09719222462203393,0.8399999999999892,0.9071274298056039,92.09,0.5099999999999909,0.5538060592898153
OGE,OGE Energy Corp,US,USD,USD,"NEW YORK STOCK EXCHANGE, INC.",1950-09-27,9713.452143148965,https://static2.finnhub.io/file/publicdatany/finnhubimage/stock_logo/OGE.png,206.58,Utilities,14055533000,https://www.oge.com/wps/portal/SignIn/!ut/p/z1/04_Sj9CPykssy0xPLMnMz0vMAfIjo8ziLYwMnA08TYy83L2NXA0cvV1cAk0DXAw9jc30wwkpiAJKG-AAjgZA_VGElBTkRhikOyoqAgAR4fQr/dz/d5/L2dBISEvZ0FBIS9nQSEh/,205.56,,20260816,AADP,ec084a1d662a0d3072a3ce0f8ae5bd9d,47.5,0.48,47.57,46.75,46.77,47.02,2026-08-14 20:00:00,2026-08-14,1.0208,cadp_finnhub,0.25,0.5345306820611503,0.8200000000000003,1.7540106951871666,0.07000000000000028,0.14736842105263218,0.75,1.5789473684210527,47.02,0.4799999999999969,1.020842194810712
ABG,Asbury Automotive Group Inc,US,USD,USD,"NEW YORK STOCK EXCHANGE, INC.",2002-03-14,3847.455087768507,https://static2.finnhub.io/file/publicdatany/finnhubimage/stock_logo/ABG.png,18.62,Retail,13026365400,https://www.asburyauto.com/,18.47,,20260816,AADP,ec20f14624cc0ab509b4bc551dcd65da,210.66,0.08,212.14,208.22,210.51,210.58,2026-08-14 20:00:00,2026-08-14,0.038,cadp_finnhub,0.0700000000000216,0.03325257707473356,3.9199999999999875,1.8826241475362537,1.4799999999999898,0.7025538782872827,2.4399999999999977,1.1582645020412028,,,
AMG,Affiliated Managers Group Inc,US,USD,USD,"NEW YORK STOCK EXCHANGE, INC.",1997-11-21,9764.54818180316,https://static2.finnhub.io/file/publicdatany/finnhubimage/stock_logo/AMG.png,26.41,Financial Services,13026587581,https://www.amg.com/,25.3,,20260816,AADP,ec491519e3827b96940aeedd32bc85a1,374.37,7.27,374.9,363.28,364.61,367.1,2026-08-14 20:00:00,2026-08-14,1.9804,cadp_finnhub,2.490000000000009,0.6829214777433447,11.620000000000005,3.1986346619687307,0.5299999999999727,0.14157117290380444,11.090000000000032,2.9623100141571257,369.7,4.670000000000016,1.2631863673248624
BSY,"Bentley Systems, Inc",US,USD,USD,NASDAQ NMS - GLOBAL MARKET,2020-09-23,10696.681363887728,https://static2.finnhub.io/file/publicdatany/finnhubimage/stock_logo/BSY.png,303.8,Technology,13026587581,https://www.bentley.com/,159.9,,20260816,AADP,ec4969f3deb79ff4e5eea6b96bb7c083,36.24,-0.32,37.1,35.77,36.84,36.56,2026-08-14 20:00:00,2026-08-14,-0.8753,cadp_finnhub,-0.28000000000000114,-0.760043431053206,1.3299999999999983,3.7181996086105626,0.8599999999999994,2.37306843267108,0.46999999999999886,1.2969094922737274,35.21,1.0300000000000011,2.925305310991199
GE,General Electric Co,US,USD,USD,"NEW YORK STOCK EXCHANGE, INC.",1892-06-23,383981.11748516007,https://static2.finnhub.io/file/publicdatany/finnhubimage/stock_logo/GE.png,1037.56,Aerospace & Defense,16174433000,https://www.ge.com/,1034.36,,20260816,AADP,ecc1fb26b0a75dc90c0fe6abf3616576,368.38,7.74,368.69,361.51,362.5,360.64,2026-08-14 20:00:00,2026-08-14,2.1462,cadp_finnhub,-1.8600000000000136,-0.5131034482758658,7.180000000000007,1.9861138004481225,0.3100000000000023,0.08415223410608673,6.8700000000000045,1.864922091318748,370.08,-1.6999999999999886,-0.4593601383484622
INVA,Innoviva Inc,US,USD,USD,NASDAQ NMS - GLOBAL MARKET,2004-10-05,1481.7549076973,https://static2.finnhub.io/file/publicdatany/finnhubimage/stock_logo/INVA.png,73.81,Pharmaceuticals,13026587581,https://www.inva.com/,73.08,,20260816,AADP,ecf4419a450b50944141eb8ae542243b,21.19,0.44,21.215,20.68,20.72,20.75,2026-08-14 20:00:00,2026-08-14,2.1205,cadp_finnhub,0.030000000000001137,0.1447876447876503,0.5350000000000001,2.5870406189555135,0.02499999999999858,0.11798017932986586,0.5100000000000016,2.4067956583294077,,,
IIPR,Innovative Industrial Properties Inc,US,USD,USD,"NEW YORK STOCK EXCHANGE, INC.",2016-11-29,1631.1210289933163,https://static2.finnhub.io/file/publicdatany/finnhubimage/stock_logo/950521446626.png,29.0,Real Estate,18589973332,https://innovativeindustrialproperties.com/,28.44,,20260816,AADP,ed06f5cec8d20d1f2b54c23790b509b3,55.99,-1.54,57.75,55.95,57.31,57.53,2026-08-14 20:00:00,2026-08-14,-2.6769,cadp_finnhub,0.21999999999999886,0.3838771593090191,1.7999999999999972,3.2171581769436943,1.759999999999998,3.1434184675834933,0.03999999999999915,0.07144132880871432,,,
RRC,Range Resources Corp,US,USD,USD,"NEW YORK STOCK EXCHANGE, INC.",1996-10-11,8945.251941834586,https://static2.finnhub.io/file/publicdatany/finnhubimage/stock_logo/RRC.png,233.68,Energy,13026365400,https://www.rangeresources.com/,229.81,,20260816,AADP,ed2af9b98a061f7443f60f8f8417e310,40.32,0.41,40.65,39.87,40.01,39.91,2026-08-14 20:00:00,2026-08-14,1.0273,cadp_finnhub,-0.10000000000000142,-0.24993751562109828,0.7800000000000011,1.9563581640331105,0.3299999999999983,0.8184523809523767,0.45000000000000284,1.1160714285714355,40.29,0.030000000000001137,0.0744601638123632
THRM,Gentherm Inc,US,USD,USD,NASDAQ NMS - GLOBAL MARKET,1993-06-10,1266.8969227272275,https://static2.finnhub.io/file/publicdatany/finnhubimage/stock_logo/THRM.png,30.71,Auto Components,12485040500,https://www.gentherm.com/,30.08,,20260816,AADP,ed470c4d2fb04bda6d4642fd457915e1,44.0,0.93,44.45,42.293,43.07,43.07,2026-08-14 20:00:00,2026-08-14,2.1593,cadp_finnhub,,,2.1570000000000036,5.100134774076097,0.45000000000000284,1.0227272727272791,1.7070000000000007,3.879545454545456,,,
CENX,Century Aluminum Co,US,USD,USD,NASDAQ NMS - GLOBAL MARKET,1996-03-28,5070.440399212621,https://static2.finnhub.io/file/publicdatany/finnhubimage/stock_logo/CENX.png,98.97,Metals & Mining,13026365400,https://centuryaluminum.com/,68.23,,20260816,AADP,edc2854af440ef4d16e9014d32d9f623,46.72,0.33,47.87,46.4,46.4,46.39,2026-08-14 20:00:00,2026-08-14,0.7114,cadp_finnhub,-0.00999999999999801,-0.021551724137926748,1.4699999999999989,3.1681034482758594,1.1499999999999986,2.461472602739723,0.3200000000000003,0.6849315068493157,,,
DECK,Deckers Outdoor Corp,US,USD,USD,"NEW YORK STOCK EXCHANGE, INC.",1993-10-01,13272.283887192601,https://static2.finnhub.io/file/publicdatany/finnhubimage/stock_logo/DECK.png,136.18,"Textiles, Apparel & Luxury Goods",18009279800,https://www.deckers.com/,134.88,,20260816,AADP,edcabb85eebe653291db2b78a6d649e4,93.09,-0.21,94.325,92.301,92.5,93.3,2026-08-14 20:00:00,2026-08-14,-0.2251,cadp_finnhub,0.7999999999999972,0.8648648648648618,2.024000000000001,2.1928256465260407,1.2349999999999994,1.3266731120421091,0.7890000000000015,0.847566870770224,97.44,-4.349999999999994,-4.464285714285709
COO,Cooper Companies Inc,US,USD,USD,NASDAQ NMS - GLOBAL MARKET,1983-01-21,14477.123188459222,https://static2.finnhub.io/file/publicdatany/finnhubimage/stock_logo/COO.png,195.03,Health Care,13026365400,https://www.coopercos.com/,193.82,,20260816,AADP,edd78707e16756588994a2c1d88b879c,76.17,-0.43,76.87,76.08,76.87,76.6,2026-08-14 20:00:00,2026-08-14,-0.5614,cadp_finnhub,-0.27000000000001023,-0.35124235722649955,0.7900000000000063,1.038380651945329,0.7000000000000028,0.9189969804384965,0.09000000000000341,0.11815675462781071,74.2,1.9699999999999989,2.6549865229110496
ADI,Analog Devices Inc,US,USD,USD,NASDAQ NMS - GLOBAL MARKET,1979-04-03,189929.8467702182,https://static2.finnhub.io/file/publicdatany/finnhubimage/stock_logo/ADI.png,487.09,Semiconductors,17813294700,https://www.analog.com/,485.88,,20260816,AADP,ee0a82a2e5bf60e491c1ef2203ed4e8a,,,,,,,,,,cadp_finnhub,,,,,,,,,,,
NVT,nVent Electric PLC,GB,USD,USD,"NEW YORK STOCK EXCHANGE, INC.",2018-04-16,26656.384747741206,https://static2.finnhub.io/file/publicdatany/finnhubimage/stock_logo/950586061836.png,161.72,Electrical Equipment,447632047700,https://investors.nvent.com/investor-relations/default.aspx,160.35,,20260816,AADP,ee31055375cdf14f3957120d14d6eda7,171.39,1.38,173.99,168.28,170.0,170.01,2026-08-14 20:00:00,2026-08-14,0.8117,cadp_finnhub,0.009999999999990905,0.005882352941171121,5.710000000000008,3.3931542666983643,2.6000000000000227,1.5170079934652096,3.109999999999985,1.8145749460295149,164.69,6.699999999999989,4.06824943833869
AGNT,eXp World Holdings Inc,US,USD,USD,NASDAQ NMS - GLOBAL MARKET,2011-01-14,733.6477553244551,https://static2.finnhub.io/file/publicdatany/finnhubimage/stock_logo/EXPI.png,164.32,Real Estate,13606854206,https://expworldholdings.com/,97.17,,20260816,AADP,ee34ae653a3a590047182b7741027c42,4.35,-0.15,4.49,4.31,4.38,4.5,2026-08-14 20:00:00,2026-08-14,-3.3333,cadp_finnhub,0.1200000000000001,2.739726027397263,0.1800000000000006,4.176334106728553,0.14000000000000057,3.218390804597714,0.040000000000000036,0.9195402298850583,,,
EVTC,Evertec Inc,PR,USD,USD,"NEW YORK STOCK EXCHANGE, INC.",2013-12-04,1839.3672477925018,https://static2.finnhub.io/file/publicdatany/finnhubimage/stock_logo/EVTC.png,61.62,Financial Services,17877599999,https://www.evertecinc.com/,60.65,,20260816,AADP,ee420f0058409951495680f7b5c48202,31.57,-0.41,31.98,31.47,31.73,31.98,2026-08-14 20:00:00,2026-08-14,-1.2821,cadp_finnhub,0.25,0.787897888433659,0.5100000000000016,1.620591039084848,0.41000000000000014,1.2987012987012991,0.10000000000000142,0.31675641431739443,,,
BDC,Belden Inc,US,USD,USD,"NEW YORK STOCK EXCHANGE, INC.",1993-09-30,5190.36527383265,https://static2.finnhub.io/file/publicdatany/finnhubimage/stock_logo/BDC.png,38.94,Electrical Equipment,13026365400,https://www.belden.com/,38.45,,20260816,AADP,ee44d9c354249f9dced43b1167d6430f,135.9,-1.26,137.845,135.21,137.21,137.16,2026-08-14 20:00:00,2026-08-14,-0.9186,cadp_finnhub,-0.05000000000001137,-0.036440492675469255,2.634999999999991,1.9488203535241408,1.9449999999999932,1.4311994113318567,0.6899999999999977,0.5077262693156716,132.82,3.0800000000000125,2.318927872308397
ASTH,Astrana Health Inc,US,USD,USD,NASDAQ NMS - GLOBAL MARKET,1999-04-09,1773.1031478159973,https://static2.finnhub.io/file/publicdatany/finnhubimage/stock_logo/AMEH.png,49.58,Health Care,13026587581,https://www.astranahealth.com/,38.24,,20260816,AADP,ee4513c6ad4d17ed52a33df37e121db0,40.81,3.02,40.895,37.69,37.69,37.79,2026-08-14 20:00:00,2026-08-14,7.9915,cadp_finnhub,0.10000000000000142,0.2653223666755145,3.2050000000000054,8.503581851950134,0.08500000000000085,0.20828228375398394,3.1200000000000045,7.64518500367558,,,
CYTK,Cytokinetics Inc,US,USD,USD,NASDAQ NMS - GLOBAL MARKET,2004-04-29,9551.44391858572,https://static2.finnhub.io/file/publicdatany/finnhubimage/stock_logo/CYTK.png,135.58,Biotechnology,13026365400,https://cytokinetics.com/,132.03,,20260816,AADP,ee5e2a1de7419bf165b311b5f2f26cdf,74.13,0.68,74.26,72.12,72.7,73.45,2026-08-14 20:00:00,2026-08-14,0.9258,cadp_finnhub,0.75,1.031636863823934,2.1400000000000006,2.967276760953966,0.13000000000000966,0.17536759746392777,2.009999999999991,2.7114528530959006,77.49,-3.3599999999999994,-4.336043360433604
FHN,First Horizon Corp,US,USD,USD,"NEW YORK STOCK EXCHANGE, INC.",1999-07-28,12083.769025191841,https://static2.finnhub.io/file/publicdatany/finnhubimage/stock_logo/FHN.png,474.62,Banking,19018186232,https://www.firsthorizon.com/First-Horizon-Corporation,469.55,,20260816,AADP,ee5eeab5aed2285cd591dc91f045c609,26.22,0.2,26.245,25.92,26.1,26.02,2026-08-14 20:00:00,2026-08-14,0.7686,cadp_finnhub,-0.08000000000000185,-0.3065134099616929,0.3249999999999993,1.2538580246913553,0.02500000000000213,0.09534706331045818,0.29999999999999716,1.1441647597253897,25.23,0.9899999999999984,3.923900118906058
BAX,Baxter International Inc,US,USD,USD,"NEW YORK STOCK EXCHANGE, INC.",1961-05-15,14243.23914006479,https://static2.finnhub.io/file/publicdatany/finnhubimage/stock_logo/BAX.png,516.47,Health Care,12249482000,https://www.baxter.com/,513.45,,20260816,AADP,ee639d4673e48e3ea0e77d0a91f4daff,26.73,-0.32,27.16,26.595,27.01,27.05,2026-08-14 20:00:00,2026-08-14,-1.183,cadp_finnhub,0.03999999999999915,0.14809329877822713,0.5650000000000013,2.124459484865581,0.4299999999999997,1.6086793864571631,0.13500000000000156,0.5050505050505109,27.78,-1.0500000000000007,-3.779697624190067
CPRT,Copart Inc,US,USD,USD,NASDAQ NMS - GLOBAL MARKET,1994-03-17,27459.570001986205,https://static2.finnhub.io/file/publicdatany/finnhubimage/stock_logo/CPRT.png,925.81,Commercial Services & Supplies,18009279800,https://www.copart.com,842.29,,20260816,AADP,ee6ab1f8a654313803b3121352599ef3,31.61,2.22,31.735,29.6,29.7,29.39,2026-08-14 20:00:00,2026-08-14,7.5536,cadp_finnhub,-0.3099999999999987,-1.0437710437710395,2.134999999999998,7.212837837837831,0.125,0.3954444795950649,2.009999999999998,6.358747231888636,29.66,1.9499999999999993,6.57451112609575
ABM,ABM Industries Inc,US,USD,USD,"NEW YORK STOCK EXCHANGE, INC.",1971-11-08,2843.517868797528,https://static2.finnhub.io/file/publicdatany/finnhubimage/stock_logo/ABM.png,58.58,Commercial Services & Supplies,12122970200,https://www.abm.com/,57.65,,20260816,AADP,ee7f3cb9a234935f7f82ac0995ae989b,48.13,0.01,48.32,47.82,48.14,48.12,2026-08-14 20:00:00,2026-08-14,0.0208,cadp_finnhub,-0.020000000000003126,-0.04154549231409042,0.5,1.0455876202425762,0.18999999999999773,0.39476418034489447,0.3100000000000023,0.6440889258258929,,,
IRM,Iron Mountain Inc,US,USD,USD,"NEW YORK STOCK EXCHANGE, INC.",1996-02-01,36066.69635075394,https://static2.finnhub.io/file/publicdatany/finnhubimage/stock_logo/950443403966.png,297.52,Real Estate,16175354781,https://www.ironmountain.com,294.97,,20260816,AADP,ee9471559d9f2557a656f46a13ccfe04,129.43,2.81,129.85,124.77,126.38,126.62,2026-08-14 20:00:00,2026-08-14,2.2192,cadp_finnhub,0.2400000000000091,0.18990346573825695,5.079999999999998,4.071491544441772,0.4199999999999875,0.324499729583549,4.660000000000011,3.6004017615699686,121.56,7.8700000000000045,6.474169134583748
MU,Micron Technology Inc,US,USD,USD,NASDAQ NMS - GLOBAL MARKET,1984-06-01,991121.4403444116,https://static2.finnhub.io/file/publicdatany/finnhubimage/stock_logo/MU.png,1129.39,Semiconductors,12083684000,https://www.micron.com/,1126.1,,20260816,AADP,eeed8c9b5ef844d9b935b4a8aed1cd1f,971.66,21.83,984.0,956.2,979.32,949.83,2026-08-14 20:00:00,2026-08-14,2.2983,cadp_finnhub,-29.49000000000001,-3.0112731282931025,27.799999999999955,2.9073415603430197,12.340000000000032,1.26999156083404,15.459999999999923,1.5910915340756975,861.0,110.65999999999997,12.852497096399532
FE,FirstEnergy Corp,US,USD,USD,"NEW YORK STOCK EXCHANGE, INC.",1946-09-13,27468.037979057422,https://static2.finnhub.io/file/publicdatany/finnhubimage/stock_logo/FE.png,578.64,Utilities,13307617837,https://www.firstenergycorp.com/,549.0,,20260816,AADP,ef0cf621d28b54b1a40edcfd59b81fba,47.41,0.57,47.45,46.66,46.66,46.84,2026-08-14 20:00:00,2026-08-14,1.2169,cadp_finnhub,0.18000000000000682,0.38576939562796153,0.7900000000000063,1.6930990141448916,0.04000000000000625,0.08437038599452912,0.75,1.5819447373971736,46.76,0.6499999999999986,1.3900769888793811
BAH,Booz Allen Hamilton Holding Corp,US,USD,USD,"NEW YORK STOCK EXCHANGE, INC.",2010-11-17,9147.672245110914,https://static2.finnhub.io/file/publicdatany/finnhubimage/stock_logo/BAH.png,120.28,Professional Services,13026587581,https://www.boozallen.com/,118.79,,20260816,AADP,ef1de871e2fe5cd72861031fde12ecde,77.46,-0.94,79.3821,76.84,78.5,78.4,2026-08-14 20:00:00,2026-08-14,-1.199,cadp_finnhub,-0.09999999999999432,-0.1273885350318399,2.5420999999999907,3.308302967204569,1.9221000000000004,2.4814097598760654,0.6199999999999903,0.800413116447186,76.05,1.4099999999999966,1.8540433925049264
SKYW,SkyWest Inc,US,USD,USD,NASDAQ NMS - GLOBAL MARKET,1986-06-26,4342.5597782834975,https://static2.finnhub.io/file/publicdatany/finnhubimage/stock_logo/SKYW.png,38.83,Airlines,18016343000,https://inc.skywest.com/,38.24,,20260816,AADP,ef83fdbd845edaf9471affac76d52290,107.58,-0.78,108.81,106.315,107.69,108.36,2026-08-14 20:00:00,2026-08-14,-0.7198,cadp_finnhub,0.6700000000000017,0.6221561890611957,2.4950000000000045,2.3467996049475657,1.230000000000004,1.1433351924149506,1.2650000000000006,1.1758691206543972,,,
DIS,Walt Disney Co,US,USD,USD,"NEW YORK STOCK EXCHANGE, INC.",1957-11-12,181146.7221207762,https://static2.finnhub.io/file/publicdatany/finnhubimage/stock_logo/DIS.png,1736.51,Media,18009279800,https://thewaltdisneycompany.com/,1735.2,,20260816,AADP,efa581ee5488f3b8f08cfa55aa502ed6,106.85,2.05,107.11,104.91,104.99,104.8,2026-08-14 20:00:00,2026-08-14,1.9561,cadp_finnhub,-0.18999999999999773,-0.18096961615391727,2.200000000000003,2.097035554284628,0.2600000000000051,0.24333177351427712,1.9399999999999977,1.815629386991107,104.91,1.9399999999999977,1.8492040796873488
PLAB,Photronics Inc,US,USD,USD,NASDAQ NMS - GLOBAL MARKET,1987-03-10,1925.1647599655173,https://static2.finnhub.io/file/publicdatany/finnhubimage/stock_logo/PLAB.png,58.96,Semiconductors,12037759000,https://www.photronics.com/,56.64,,20260816,AADP,efd156fde0524cfb17690338f8cab9fe,33.32,-0.16,33.65,32.77,33.38,33.48,2026-08-14 20:00:00,2026-08-14,-0.4779,cadp_finnhub,0.09999999999999432,0.29958058717793384,0.8799999999999955,2.6853829722306846,0.3299999999999983,0.9903961584633802,0.5499999999999972,1.6506602641056338,,,
SGI,Somnigroup International Inc,US,USD,USD,"NEW YORK STOCK EXCHANGE, INC.",2003-12-18,13726.348054219978,https://static2.finnhub.io/file/publicdatany/finnhubimage/stock_logo/TPX.png,210.37,Consumer products,18004831140,https://somnigroup.com/,202.72,,20260816,AADP,efefecacac7d5417b81571e7bd68cfc6,66.06,-0.28,66.855,65.52,65.84,66.34,2026-08-14 20:00:00,2026-08-14,-0.4221,cadp_finnhub,0.5,0.7594167679222357,1.335000000000008,2.0375457875458,0.7950000000000017,1.2034514078110834,0.5400000000000063,0.8174386920981022,65.67,0.39000000000000057,0.5938784833257204
AWI,Armstrong World Industries Inc,US,USD,USD,"NEW YORK STOCK EXCHANGE, INC.",2006-10-11,7840.59934820286,https://static2.finnhub.io/file/publicdatany/finnhubimage/stock_logo/AWI.png,42.26,Building,17173970611,https://www.armstrongceilings.com/,41.61,,20260816,AADP,f025b68232d88889589c42e6e9f756e3,182.2,0.52,182.265,180.4047,181.09,181.68,2026-08-14 20:00:00,2026-08-14,0.2862,cadp_finnhub,0.5900000000000034,0.3258048484179156,1.8602999999999952,1.0311815601256482,0.06499999999999773,0.03567508232711182,1.7952999999999975,0.9853457738748614,,,
HUBB,Hubbell Inc,US,USD,USD,"NEW YORK STOCK EXCHANGE, INC.",2009-10-29,27155.412790863236,https://static2.finnhub.io/file/publicdatany/finnhubimage/stock_logo/HUBB.png,52.83,Electrical Equipment,14758824000,https://www.hubbell.com,52.64,,20260816,AADP,f02c1417cbcefeed45278b96d7677a9f,511.39,4.29,513.04,504.23,505.97,507.1,2026-08-14 20:00:00,2026-08-14,0.846,cadp_finnhub,1.1299999999999955,0.2233333992133912,8.809999999999945,1.7472185312258186,1.6499999999999773,0.32265003226499883,7.159999999999968,1.400105594556008,504.9,6.490000000000009,1.2854030501089342
BJRI,BJ's Restaurants Inc,US,USD,USD,NASDAQ NMS - GLOBAL MARKET,1982-09-16,1479.5903817727856,https://static2.finnhub.io/file/publicdatany/finnhubimage/stock_logo/BJRI.png,21.02,"Hotels, Restaurants & Leisure",17145002440,https://www.bjsrestaurants.com/,19.54,,20260816,AADP,f04d37a25cab75c7d5d4f78cfa596312,67.95,1.28,68.125,65.59,66.81,66.67,2026-08-14 20:00:00,2026-08-14,1.9199,cadp_finnhub,-0.14000000000000057,-0.20954946864241963,2.5349999999999966,3.864918432687904,0.17499999999999716,0.25754231052243876,2.3599999999999994,3.4731420161883726,,,
TXT,Textron Inc,US,USD,USD,"NEW YORK STOCK EXCHANGE, INC.",1947-12-22,15380.790436922402,https://static2.finnhub.io/file/publicdatany/finnhubimage/stock_logo/TXT.png,171.99,Aerospace & Defense,13026587581,https://www.textron.com/,170.71,,20260816,AADP,f06dfc7ddf5086ca9cc1cb84e115a7d5,89.0,0.96,89.21,87.5501,88.42,88.04,2026-08-14 20:00:00,2026-08-14,1.0904,cadp_finnhub,-0.37999999999999545,-0.4297670210359596,1.6598999999999933,1.8959430086316214,0.20999999999999375,0.23595505617976822,1.4498999999999995,1.629101123595505,89.43,-0.4300000000000068,-0.48082299004808987
ALK,Alaska Air Group Inc,US,USD,USD,"NEW YORK STOCK EXCHANGE, INC.",1983-02-23,5575.691669406984,https://static2.finnhub.io/file/publicdatany/finnhubimage/stock_logo/ALK.png,111.57,Airlines,12063925040,https://investor.alaskaair.com/,110.8,,20260816,AADP,f0f0c127a5108869ac72a0836d047c1a,45.96,-1.54,47.57,45.76,47.23,47.5,2026-08-14 20:00:00,2026-08-14,-3.2421,cadp_finnhub,0.2700000000000031,0.5716705483802734,1.8100000000000023,3.9554195804195857,1.6099999999999994,3.5030461270670137,0.20000000000000284,0.43516100957354836,49.96,-4.0,-8.00640512409928
TMUS,T-Mobile US Inc,US,USD,USD,NASDAQ NMS - GLOBAL MARKET,2007-04-19,190066.68756098708,https://static2.finnhub.io/file/publicdatany/finnhubimage/stock_logo/TMUS.png,1072.67,Telecommunication,14253784000,https://www.t-mobile.com/,476.71,,20260816,AADP,f10495662ccd2802cd8d35c6c1428600,182.61,-0.77,183.98,181.33,183.22,183.38,2026-08-14 20:00:00,2026-08-14,-0.4199,cadp_finnhub,0.1599999999999966,0.08732671105774294,2.6499999999999773,1.4614239232338704,1.3699999999999761,0.750232736432822,1.2800000000000011,0.7009473741854231,177.15,5.460000000000008,3.0821337849280313
GPN,Global Payments Inc,US,USD,USD,"NEW YORK STOCK EXCHANGE, INC.",2001-01-12,22788.93532047212,https://static2.finnhub.io/file/publicdatany/finnhubimage/stock_logo/GPN.png,273.54,Financial Services,17708298030,https://www.globalpayments.com/en-ap,227.78,,20260816,AADP,f181c8deb438663c6ee8a3c48747e12a,93.05,-1.78,95.23,92.0,94.71,94.83,2026-08-14 20:00:00,2026-08-14,-1.877,cadp_finnhub,0.12000000000000455,0.1267025657269608,3.230000000000004,3.5108695652173956,2.180000000000007,2.342826437399255,1.0499999999999972,1.1284255776464236,86.12,6.929999999999993,8.04691128657686
SW,Smurfit WestRock PLC,IE,USD,USD,"NEW YORK STOCK EXCHANGE, INC.",2007-03-14,25245.08881680972,https://static2.finnhub.io/file/publicdatany/finnhubimage/stock_logo/950871067526.png,524.52,Packaging,35312027000,https://www.smurfitwestrock.com/,521.82,,20260816,AADP,f18c9f5450671ba91ca4f6e4d707b028,49.25,-0.77,49.66,49.0,49.57,50.02,2026-08-14 20:00:00,2026-08-14,-1.5394,cadp_finnhub,0.45000000000000284,0.9078071414161849,0.6599999999999966,1.3469387755101971,0.4099999999999966,0.8324873096446632,0.25,0.5076142131979695,48.28,0.9699999999999989,2.00911350455675
HPQ,HP Inc,US,USD,USD,"NEW YORK STOCK EXCHANGE, INC.",1961-03-17,27481.40758500355,https://static2.finnhub.io/file/publicdatany/finnhubimage/stock_logo/HPQ.png,914.52,Technology,13026587581,https://investor.hp.com/,911.88,,20260816,AADP,f1b4857fb71afd432aad819bc6b6c2d7,30.11,-1.19,31.4,29.952,31.3,31.3,2026-08-14 20:00:00,2026-08-14,-3.8019,cadp_finnhub,,,1.4479999999999968,4.834401709401699,1.2899999999999991,4.284290933244766,0.1579999999999977,0.5247426104284214,30.05,0.05999999999999872,0.19966722129783268
AKR,Acadia Realty Trust,US,USD,USD,"NEW YORK STOCK EXCHANGE, INC.",1993-05-27,2835.9204992901973,https://static2.finnhub.io/file/publicdatany/finnhubimage/stock_logo/942959032806.png,137.33,Real Estate,19142888100,https://www.acadiarealty.com/,136.66,,20260816,AADP,f1bb803d5628eedd1bcb585a3e8e6b0f,20.85,0.01,20.95,20.71,20.79,20.84,2026-08-14 20:00:00,2026-08-14,0.048,cadp_finnhub,0.05000000000000071,0.24050024050024393,0.23999999999999844,1.1588604538870033,0.09999999999999787,0.4796163069544262,0.14000000000000057,0.6714628297362137,,,
BWA,Borgwarner Inc,US,USD,USD,"NEW YORK STOCK EXCHANGE, INC.",1993-08-13,13934.853447167781,https://static2.finnhub.io/file/publicdatany/finnhubimage/stock_logo/BWA.png,205.11,Auto Components,12487549200,https://www.borgwarner.com/,203.66,,20260816,AADP,f1c5c4139e2ee2f8635e086e8f06637b,68.66,0.79,68.96,67.5,67.7,67.87,2026-08-14 20:00:00,2026-08-14,1.164,cadp_finnhub,0.1700000000000017,0.2511078286558371,1.4599999999999937,2.1629629629629537,0.29999999999999716,0.43693562481793935,1.1599999999999966,1.6894844159627098,68.7,-0.04000000000000625,-0.05822416302766558
UGI,UGI Corp,US,USD,USD,"NEW YORK STOCK EXCHANGE, INC.",1905-04-12,7327.977175509334,https://static2.finnhub.io/file/publicdatany/finnhubimage/stock_logo/UGI.png,214.39,Utilities,16103371000,https://www.ugicorp.com/,214.12,,20260816,AADP,f24fad61f3cc06558a5c3428b13536d7,35.37,0.11,35.62,35.23,35.38,35.26,2026-08-14 20:00:00,2026-08-14,0.312,cadp_finnhub,-0.12000000000000455,-0.339174674957616,0.39000000000000057,1.1070110701107028,0.25,0.7068136839129207,0.14000000000000057,0.39581566299123716,33.99,1.3799999999999955,4.060017652250648
FLO,Flowers Foods Inc,US,USD,USD,"NEW YORK STOCK EXCHANGE, INC.",1980-03-17,1568.7499293922654,https://static2.finnhub.io/file/publicdatany/finnhubimage/stock_logo/FLO.png,211.99,Food Products,19122269110,https://www.flowersfoods.com/,194.4,,20260816,AADP,f27f83c669dcaf83ea342c35312f4d62,7.52,-0.01,7.595,7.46,7.55,7.53,2026-08-14 20:00:00,2026-08-14,-0.1328,cadp_finnhub,-0.019999999999999574,-0.26490066225165,0.1349999999999998,1.809651474530828,0.07500000000000018,0.9973404255319174,0.05999999999999961,0.7978723404255268,,,
WRBY,Warby Parker Inc,US,USD,USD,"NEW YORK STOCK EXCHANGE, INC.",2021-09-29,3193.05,https://static2.finnhub.io/file/publicdatany/finnhubimage/stock_logo/950012068276.png,122.72,Retail,13026365400,https://www.warbyparker.com/,100.98,,20260816,AADP,f2c9d7471e28f013cb1a75ff000cea95,25.91,0.03,26.27,25.15,25.53,25.88,2026-08-14 20:00:00,2026-08-14,0.1159,cadp_finnhub,0.34999999999999787,1.3709361535448408,1.120000000000001,4.453280318091456,0.35999999999999943,1.389424932458508,0.7600000000000016,2.9332304129679723,,,
AVA,Avista Corp,US,USD,USD,"NEW YORK STOCK EXCHANGE, INC.",1981-05-22,3243.7469712220195,https://static2.finnhub.io/file/publicdatany/finnhubimage/stock_logo/AVA.png,82.64,Utilities,15094890500,https://investor.avistacorp.com/,81.79,,20260816,AADP,f2cab6346653290ccf9366471b9d6327,39.15,0.5,39.175,38.55,38.55,38.65,2026-08-14 20:00:00,2026-08-14,1.2937,cadp_finnhub,0.10000000000000142,0.2594033722438429,0.625,1.621271076523995,0.02499999999999858,0.06385696040868091,0.6000000000000014,1.532567049808433,,,
FR,First Industrial Realty Trust Inc,US,USD,USD,"NEW YORK STOCK EXCHANGE, INC.",1994-06-24,8719.27909102887,https://static2.finnhub.io/file/publicdatany/finnhubimage/stock_logo/942959031416.png,132.57,Real Estate,13123444300,https://www.firstindustrial.com/,131.52,,20260816,AADP,f2eaf7e7930b6fbf9466684ecc992bbe,62.87,-0.46,63.91,62.84,63.17,63.33,2026-08-14 20:00:00,2026-08-14,-0.7264,cadp_finnhub,0.1599999999999966,0.25328478708247043,1.0699999999999932,1.7027371101209312,1.0399999999999991,1.6542070940034979,0.02999999999999403,0.04771751232701453,63.03,-0.1600000000000037,-0.25384737426622833
PJT,PJT Partners Inc,US,USD,USD,"NEW YORK STOCK EXCHANGE, INC.",2015-09-18,4380.297921531925,https://static2.finnhub.io/file/publicdatany/finnhubimage/stock_logo/PJT.png,40.0,Financial Services,12123647800,https://pjtpartners.com/,23.99,,20260816,AADP,f378a2814ed20d7380a039faaaa9f36e,174.36,-4.5,179.99,174.06,178.58,178.86,2026-08-14 20:00:00,2026-08-14,-2.5159,cadp_finnhub,0.28000000000000114,0.15679247396125048,5.930000000000007,3.4068711938412077,5.6299999999999955,3.2289515944023828,0.30000000000001137,0.17205781142464519,,,
GEV,GE Vernova Inc,US,USD,USD,"NEW YORK STOCK EXCHANGE, INC.",2024-02-26,263755.4752997211,https://static2.finnhub.io/file/publicdatany/finnhubimage/stock_logo/950867201126.png,266.33,Electrical Equipment,13026587581,https://www.gevernova.com/,265.99,,20260816,AADP,f388152a4c00e5780a92b6d252afba67,1063.25,13.83,1070.47,1038.985,1042.1,1049.42,2026-08-14 20:00:00,2026-08-14,1.3179,cadp_finnhub,7.320000000000164,0.7024277900393594,31.485000000000127,3.030361362291095,7.220000000000027,0.6790500822948533,24.2650000000001,2.282153773806734,990.85,72.39999999999998,7.306857748397838
ADSK,Autodesk Inc,US,USD,USD,NASDAQ NMS - GLOBAL MARKET,1985-04-30,52555.88026503336,https://static2.finnhub.io/file/publicdatany/finnhubimage/stock_logo/ADSK.png,211.0,Technology,13026744089,https://www.autodesk.com/,210.46,,20260816,AADP,f3ebbafe8e0033d76ea738f3e1d90ec8,251.66,-6.3,260.74,251.29,260.0,257.96,2026-08-14 20:00:00,2026-08-14,-2.4422,cadp_finnhub,-2.0400000000000205,-0.7846153846153925,9.450000000000017,3.760595328106975,9.080000000000013,3.6080425971548964,0.37000000000000455,0.14702376221886854,248.8,2.859999999999985,1.1495176848874538
UPS,United Parcel Service Inc,US,USD,USD,"NEW YORK STOCK EXCHANGE, INC.",1999-11-10,88966.00603607557,https://static2.finnhub.io/file/publicdatany/finnhubimage/stock_logo/UPS.png,850.01,Logistics & Transportation,18009279800,https://www.ups.com/,746.42,,20260816,AADP,f401324c93f26e615895e8414552758d,104.5,-1.04,105.9,104.46,105.64,105.54,2026-08-14 20:00:00,2026-08-14,-0.9854,cadp_finnhub,-0.09999999999999432,-0.09466111321468602,1.440000000000012,1.3785180930499827,1.4000000000000057,1.3397129186602925,0.04000000000000625,0.038277511961728475,104.72,-0.21999999999999886,-0.2100840336134443
WING,Wingstop Inc,US,USD,USD,NASDAQ NMS - GLOBAL MARKET,2015-06-12,3659.76,https://static2.finnhub.io/file/publicdatany/finnhubimage/stock_logo/WING.png,27.24,"Hotels, Restaurants & Leisure",13026365400,https://ir.wingstop.com/,27.04,,20260816,AADP,f4198c4fd953309b30c0dc1426ecfa1a,126.12,12.22,126.24,114.59,114.59,113.9,2026-08-14 20:00:00,2026-08-14,10.7287,cadp_finnhub,-0.6899999999999977,-0.6021467841870998,11.649999999999991,10.166681211274971,0.11999999999999034,0.09514747859180965,11.530000000000001,9.14208690136378,117.52,8.600000000000009,7.317903335602457
CC,Chemours Co,US,USD,USD,"NEW YORK STOCK EXCHANGE, INC.",2015-06-19,2370.359084265387,https://static2.finnhub.io/file/publicdatany/finnhubimage/stock_logo/CC.png,150.38,Chemicals,13026587581,https://www.chemours.com/,149.87,,20260816,AADP,f4458e39ab36e0c12ec4fd6653744816,15.85,0.59,16.03,15.44,15.51,15.26,2026-08-14 20:00:00,2026-08-14,3.8663,cadp_finnhub,-0.25,-1.6118633139909737,0.5900000000000016,3.821243523316073,0.1800000000000015,1.1356466876971703,0.41000000000000014,2.586750788643534,,,
HSY,Hershey Co,US,USD,USD,"NEW YORK STOCK EXCHANGE, INC.",1927-12-01,36638.840687628945,https://static2.finnhub.io/file/publicdatany/finnhubimage/stock_logo/HSY.png,202.84,Food Products,13026587581,https://www.thehersheycompany.com/,145.73,,20260816,AADP,f45ca14530fd2daf82d550445fbfda88,184.22,-1.9,185.945,183.56,184.93,186.12,2026-08-14 20:00:00,2026-08-14,-1.0208,cadp_finnhub,1.1899999999999977,0.6434867247066445,2.384999999999991,1.2993026803225054,1.7249999999999943,0.9363804147215256,0.6599999999999966,0.3582672891108439,182.75,1.4699999999999989,0.8043775649794795
ECPG,Encore Capital Group Inc,US,USD,USD,NASDAQ NMS - GLOBAL MARKET,1999-07-09,2125.178398387822,https://static2.finnhub.io/file/publicdatany/finnhubimage/stock_logo/ECPG.png,21.44,Financial Services,13026365401,https://www.encorecapital.com/,20.6,,20260816,AADP,f47e4501ea6f2cf460ef5ee9afc35ee0,103.74,2.45,103.76,101.15,101.29,101.29,2026-08-14 20:00:00,2026-08-14,2.4188,cadp_finnhub,,,2.6099999999999994,2.5803262481463163,0.020000000000010232,0.019278966647397564,2.589999999999989,2.4966261808366967,,,
FCF,First Commonwealth Financial Corp,US,USD,USD,"NEW YORK STOCK EXCHANGE, INC.",1992-06-10,2174.6940301342665,https://static2.finnhub.io/file/publicdatany/finnhubimage/stock_logo/FCF.png,101.1,Banking,17243497220,https://www.fcbanking.com/,99.17,,20260816,AADP,f48b4a78825723725dce8bc084872b4f,21.62,-0.01,21.74,21.4701,21.52,21.63,2026-08-14 20:00:00,2026-08-14,-0.0462,cadp_finnhub,0.10999999999999943,0.5111524163568747,0.2698999999999998,1.257097079193855,0.11999999999999744,0.5550416281220972,0.14990000000000236,0.6933395004625456,,,
WDAY,Workday Inc,US,USD,USD,NASDAQ NMS - GLOBAL MARKET,2012-12-10,39053.17,https://static2.finnhub.io/file/publicdatany/finnhubimage/stock_logo/WDAY.png,247.0,Technology,13026587581,https://www.workday.com/,196.01,,20260816,AADP,f4f781f78da901c838bf6598b8276150,198.68,-7.77,208.0,195.01,207.85,206.45,2026-08-14 20:00:00,2026-08-14,-3.7636,cadp_finnhub,-1.4000000000000057,-0.6735626653836929,12.990000000000009,6.661196861699405,9.319999999999993,4.69096033823233,3.670000000000016,1.847191463660165,178.69,19.99000000000001,11.186971850691146
FOUR,"Shift4 Payments, Inc",US,USD,USD,"NEW YORK STOCK EXCHANGE, INC.",2020-06-05,3273.1112218814574,https://static2.finnhub.io/file/publicdatany/finnhubimage/stock_logo/950745475866.png,79.33,Financial Services,13026365400,https://www.shift4.com/,55.25,,20260816,AADP,f514a264e84eeff63536d1066a864576,45.37,-2.63,48.125,45.23,48.08,48.0,2026-08-14 20:00:00,2026-08-14,-5.4792,cadp_finnhub,-0.0799999999999983,-0.16638935108152725,2.895000000000003,6.400619058147254,2.7550000000000026,6.072294467709947,0.14000000000000057,0.3085739475424302,43.16,2.210000000000001,5.120481927710846
O,Realty Income Corp,US,USD,USD,"NEW YORK STOCK EXCHANGE, INC.",1994-10-18,58290.106287269395,https://static2.finnhub.io/file/publicdatany/finnhubimage/stock_logo/942959030586.png,932.49,Real Estate,18582845000,https://www.realtyincome.com/,931.32,,20260816,AADP,f5387ef6a3641e1d86675716447a7c3a,62.74,-0.21,63.2795,62.685,62.975,62.95,2026-08-14 20:00:00,2026-08-14,-0.3336,cadp_finnhub,-0.02499999999999858,-0.039698292973399885,0.5944999999999965,0.9483927574379779,0.5394999999999968,0.8598979917118215,0.054999999999999716,0.08766337264902728,62.51,0.23000000000000398,0.3679411294192993
FIS,Fidelity National Information Services Inc,US,USD,USD,"NEW YORK STOCK EXCHANGE, INC.",2001-06-20,22056.74344603317,https://static2.finnhub.io/file/publicdatany/finnhubimage/stock_logo/FIS.png,516.88,Financial Services,14075518315,https://www.fisglobal.com/,516.2,,20260816,AADP,f5b18639c840ec023e2ef1c21747b1bd,42.92,-1.21,44.39,42.85,44.3,44.13,2026-08-14 20:00:00,2026-08-14,-2.7419,cadp_finnhub,-0.1699999999999946,-0.3837471783295589,1.5399999999999991,3.5939323220536736,1.4699999999999989,3.4249767008387675,0.07000000000000028,0.16309412861137065,42.77,0.14999999999999858,0.35071311667056015
DBD,Diebold Nixdorf Inc,US,USD,USD,"NEW YORK STOCK EXCHANGE, INC.",1980-03-17,2558.89390223471,https://static2.finnhub.io/file/publicdatany/finnhubimage/stock_logo/950867278066.png,33.95,Technology,13304904000,https://www.dieboldnixdorf.com/,33.35,,20260816,AADP,f5e7d130bfee6027f91657ff2f02d174,73.06,0.82,73.83,72.19,72.19,72.24,2026-08-14 20:00:00,2026-08-14,1.1351,cadp_finnhub,0.04999999999999716,0.06926167059149073,1.6400000000000006,2.271782795401026,0.769999999999996,1.053928278127561,0.8700000000000045,1.190802080481802,,,
STX,Seagate Technology Holdings PLC,SG,USD,USD,NASDAQ NMS - GLOBAL MARKET,2002-12-11,184207.59945296857,https://static2.finnhub.io/file/publicdatany/finnhubimage/stock_logo/STX.png,227.0,Technology,6564125172,https://investors.seagate.com/overview/default.aspx,226.39,,20260816,AADP,f66b7186ec10ae84c23bf5328f315826,973.44,52.07,990.61,920.0,941.26,921.37,2026-08-14 20:00:00,2026-08-14,5.6514,cadp_finnhub,-19.889999999999986,-2.113124960159784,70.61000000000001,7.675000000000002,17.16999999999996,1.7638477975016393,53.440000000000055,5.489809335963187,800.99,172.45000000000005,21.529607111199894
ALB,Albemarle Corp,US,USD,USD,"NEW YORK STOCK EXCHANGE, INC.",1994-02-22,15471.642965837505,https://static2.finnhub.io/file/publicdatany/finnhubimage/stock_logo/ALB.png,117.93,Chemicals,19802995700,https://www.albemarle.com/,117.67,,20260816,AADP,f6d0df1540e0277fb1cddd3f91bb08b6,,,,,,,,,,cadp_finnhub,,,,,,,,,,,
RVTY,Revvity Inc,US,USD,USD,"NEW YORK STOCK EXCHANGE, INC.",1965-07-06,12791.443712172795,https://static2.finnhub.io/file/publicdatany/finnhubimage/stock_logo/PKI.png,111.56,Life Sciences Tools & Services,17816636900,https://www.revvity.com/,111.16,,20260816,AADP,f6f794ae5d307e66396c2edc73a0c7b0,116.84,-0.66,117.72,115.66,116.51,117.5,2026-08-14 20:00:00,2026-08-14,-0.5617,cadp_finnhub,0.9899999999999949,0.849712471032525,2.0600000000000023,1.7810824831402408,0.8799999999999955,0.7531667237247479,1.1800000000000068,1.0099281068127413,114.67,2.1700000000000017,1.892386849219501
CNO,CNO Financial Group Inc,US,USD,USD,"NEW YORK STOCK EXCHANGE, INC.",1985-11-15,5149.10338925018,https://static2.finnhub.io/file/publicdatany/finnhubimage/stock_logo/CNO.png,93.35,Insurance,13178176100,https://www.cnoinc.com/,91.01,,20260816,AADP,f729657a97eb565a4565948e15988182,55.28,0.43,55.39,54.705,54.75,54.85,2026-08-14 20:00:00,2026-08-14,0.784,cadp_finnhub,0.10000000000000142,0.18264840182648662,0.6850000000000023,1.252170733936573,0.10999999999999943,0.19898697539797294,0.5750000000000028,1.0401591895803235,55.16,0.12000000000000455,0.2175489485134238
XPEL,Xpel Inc,US,USD,USD,NASDAQ NMS - GLOBAL MARKET,2006-02-27,1216.82,https://static2.finnhub.io/file/publicdatany/finnhubimage/stock_logo/XPEL.png,27.56,Auto Components,12106783700,https://www.xpel.com/,24.95,,20260816,AADP,f72f123b408a8e0916907bfd943a5f35,50.0,-0.27,51.01,49.31,50.64,50.27,2026-08-14 20:00:00,2026-08-14,-0.5371,cadp_finnhub,-0.36999999999999744,-0.73064770932069,1.6999999999999957,3.447576556479407,1.009999999999998,2.019999999999996,0.6899999999999977,1.3799999999999955,,,
GAP,Gap Inc,US,USD,USD,"NEW YORK STOCK EXCHANGE, INC.",1976-07-30,7368.769125453703,https://static2.finnhub.io/file/publicdatany/finnhubimage/stock_logo/GPS.png,359.98,Retail,13026587581,https://www.gapinc.com/,216.5,,20260816,AADP,f756fa1e300659b21069d3ccf627b4e3,20.6,0.21,20.73,20.28,20.45,20.39,2026-08-14 20:00:00,2026-08-14,1.0299,cadp_finnhub,-0.05999999999999872,-0.2933985330073287,0.4499999999999993,2.2189349112426,0.129999999999999,0.6310679611650436,0.3200000000000003,1.5533980582524285,20.51,0.08999999999999986,0.4388103364212572
MTDR,Matador Resources Co,US,USD,USD,"NEW YORK STOCK EXCHANGE, INC.",2012-02-02,6092.183958960542,https://static2.finnhub.io/file/publicdatany/finnhubimage/stock_logo/MTDR.png,124.18,Energy,19723715200,https://www.matadorresources.com/,115.17,,20260816,AADP,f7703cebe333c9466730cbf8f6e66ee4,53.69,2.09,53.74,52.25,53.0,51.6,2026-08-14 20:00:00,2026-08-14,4.0504,cadp_finnhub,-1.3999999999999986,-2.6415094339622613,1.490000000000002,2.851674641148329,0.05000000000000426,0.09312721177128752,1.4399999999999977,2.6820636990128475,49.06,4.6299999999999955,9.437423562984092
TNC,Tennant Co,US,USD,USD,"NEW YORK STOCK EXCHANGE, INC.",1980-03-17,1259.004515093368,https://static2.finnhub.io/file/publicdatany/finnhubimage/stock_logo/TNC.png,17.04,Machinery,17635401200,https://www.tennantco.com,16.51,,20260816,AADP,f7858e2e4498718b0aacab068df7b8be,68.59,0.95,70.09,68.47,69.54,67.64,2026-08-14 20:00:00,2026-08-14,1.4045,cadp_finnhub,-1.9000000000000057,-2.732240437158478,1.6200000000000045,2.3659997079012776,1.5,2.1869077124945324,0.12000000000000455,0.17495261699956924,,,
VTRS,Viatris Inc,US,USD,USD,NASDAQ NMS - GLOBAL MARKET,1973-02-01,20709.619277474663,https://static2.finnhub.io/file/publicdatany/finnhubimage/stock_logo/VTRS.png,1164.55,Pharmaceuticals,13026587581,https://www.viatris.com/en,1161.12,,20260816,AADP,f78f45c88096e67e8430aa1c7a2ca063,16.23,0.19,16.27,15.88,15.902,16.04,2026-08-14 20:00:00,2026-08-14,1.1845,cadp_finnhub,0.1379999999999999,0.8678153691359571,0.3899999999999988,2.4559193954659873,0.03999999999999915,0.24645717806530587,0.34999999999999964,2.1565003080714704,16.28,-0.05000000000000071,-0.3071253071253115
KLAC,KLA Corp,US,USD,USD,NASDAQ NMS - GLOBAL MARKET,1980-10-08,258786.19508859515,https://static2.finnhub.io/file/publicdatany/finnhubimage/stock_logo/KLAC.png,1306.28,Semiconductors,13026587581,https://www.kla.com/,1304.84,,20260816,AADP,f7a01ea2fee6238ed74ce4855b9a994d,203.72,-5.65,208.87,200.86,206.8,209.37,2026-08-14 20:00:00,2026-08-14,-2.6986,cadp_finnhub,2.569999999999993,1.2427466150870374,8.009999999999991,3.987852235387827,5.150000000000006,2.5279795798154354,2.859999999999985,1.403887688984874,192.74,10.97999999999999,5.69679360796928
ATMU,Atmus Filtration Technologies Inc,US,USD,USD,"NEW YORK STOCK EXCHANGE, INC.",2023-05-26,4179.17821371785,https://static2.finnhub.io/file/publicdatany/finnhubimage/stock_logo/950838548016.png,81.67,Machinery,13026365400,https://www.atmus.com/,81.27,,20260816,AADP,f7dfc8db572a5cfd90a4f1efa8e8a083,51.01,1.22,51.1,49.595,49.82,49.79,2026-08-14 20:00:00,2026-08-14,2.4503,cadp_finnhub,-0.030000000000001137,-0.06021678040947639,1.5050000000000026,3.0345800988002876,0.09000000000000341,0.17643599294256698,1.4149999999999991,2.7739658890413628,,,
BCC,Boise Cascade Co,US,USD,USD,"NEW YORK STOCK EXCHANGE, INC.",2013-02-06,3021.590968582958,https://static2.finnhub.io/file/publicdatany/finnhubimage/stock_logo/BCC.png,35.19,Trading Companies & Distributors,12083846161,https://www.bc.com/,34.72,,20260816,AADP,f7fff5e0aca553e8e35ea50987ad09ed,83.24,-0.89,84.43,82.8,84.29,84.13,2026-08-14 20:00:00,2026-08-14,-1.0579,cadp_finnhub,-0.1600000000000108,-0.18982085656662806,1.6300000000000097,1.9685990338164367,1.190000000000012,1.4296011532917012,0.4399999999999977,0.5285920230658311,,,
VLO,Valero Energy Corp,US,USD,USD,"NEW YORK STOCK EXCHANGE, INC.",1980-01-02,88002.14707123145,https://static2.finnhub.io/file/publicdatany/finnhubimage/stock_logo/VLO.png,296.93,Energy,12103454524,https://www.valero.com/,286.14,,20260816,AADP,f80e76e2e8acbddfe19223e3d206f8b3,341.67,-1.25,346.09,339.225,342.92,342.92,2026-08-14 20:00:00,2026-08-14,-0.3645,cadp_finnhub,,,6.864999999999952,2.0237305623111363,4.419999999999959,1.2936459156495914,2.444999999999993,0.715602774607075,298.31,43.360000000000014,14.535215044752109
VYX,NCR Voyix Corp,US,USD,USD,"NEW YORK STOCK EXCHANGE, INC.",1996-12-11,1124.51,https://static2.finnhub.io/file/publicdatany/finnhubimage/stock_logo/NCR.png,137.81,Technology,19178219817,https://www.ncr.com/,136.58,,20260816,AADP,f81787beaa045529198a9d19b47029ac,8.16,-0.33,8.555,8.155,8.48,8.49,2026-08-14 20:00:00,2026-08-14,-3.8869,cadp_finnhub,0.009999999999999787,0.11792452830188427,0.40000000000000036,4.9049662783568415,0.3949999999999996,4.840686274509799,0.005000000000000782,0.06127450980393114,,,
MUSA,Murphy USA Inc,US,USD,USD,"NEW YORK STOCK EXCHANGE, INC.",2013-08-19,9606.049515271627,https://static2.finnhub.io/file/publicdatany/finnhubimage/stock_logo/MUSA.png,18.47,Retail,13026587581,https://www.murphyusa.com/murphyusa,16.66,,20260816,AADP,f89cc79e44d3dd47f99be3941b2ce3f7,569.12,5.96,572.93,559.26,568.52,563.16,2026-08-14 20:00:00,2026-08-14,1.0583,cadp_finnhub,-5.360000000000014,-0.9427988461267878,13.669999999999959,2.4443013982762865,3.8099999999999454,0.6694545965701338,9.860000000000014,1.7324992971605306,528.45,40.66999999999996,7.6960923455388315
AIG,American International Group Inc,US,USD,USD,"NEW YORK STOCK EXCHANGE, INC.",1984-10-08,41769.64805138828,https://static2.finnhub.io/file/publicdatany/finnhubimage/stock_logo/AIG.png,530.21,Insurance,12127707000,https://www.aig.com/home,526.97,,20260816,AADP,f8bc913d73a3f9c78e1be561c290a4a9,,,,,,,,,,cadp_finnhub,,,,,,,,,,,
SBCF,Seacoast Banking Corporation of Florida,US,USD,USD,NASDAQ NMS - GLOBAL MARKET,1984-02-02,3345.227610925282,https://static2.finnhub.io/file/publicdatany/finnhubimage/stock_logo/SBCF.png,96.82,Banking,17722886085,https://www.seacoastbanking.com/,95.16,,20260816,AADP,f8cb6f69c3b3844579e8925f15f4d572,36.13,0.2,36.18,35.74,35.84,35.93,2026-08-14 20:00:00,2026-08-14,0.5566,cadp_finnhub,0.0899999999999963,0.25111607142856107,0.4399999999999977,1.231113598209283,0.04999999999999716,0.13838915029060933,0.39000000000000057,1.0794353722668157,,,
TRMK,Trustmark Corp,US,USD,USD,NASDAQ NMS - GLOBAL MARKET,1980-03-17,2753.7068721252344,https://static2.finnhub.io/file/publicdatany/finnhubimage/stock_logo/TRMK.png,58.23,Banking,16012085111,https://investorrelations.trustmark.com/corporate-overview/default.aspx,54.17,,20260816,AADP,f91746b9a371d1715301a0555f02abbf,48.29,0.01,48.68,48.13,48.31,48.28,2026-08-14 20:00:00,2026-08-14,0.0207,cadp_finnhub,-0.030000000000001137,-0.06209894431794895,0.5499999999999972,1.1427384167878603,0.39000000000000057,0.8076206253882803,0.1599999999999966,0.3313315386208254,,,
SNPS,Synopsys Inc,US,USD,USD,NASDAQ NMS - GLOBAL MARKET,1992-02-26,79653.48628853147,https://static2.finnhub.io/file/publicdatany/finnhubimage/stock_logo/SNPS.png,191.48,Technology,16505845000,https://www.synopsys.com/,185.65,,20260816,AADP,f918a1fde8781dca0e2293c434204e08,421.5,9.75,423.95,409.4,414.11,411.75,2026-08-14 20:00:00,2026-08-14,2.3679,cadp_finnhub,-2.3600000000000136,-0.5698968873004789,14.550000000000011,3.5539814362481708,2.4499999999999886,0.5812574139976249,12.100000000000023,2.8706998813760434,415.99,5.509999999999991,1.324551070939203
SHAK,Shake Shack Inc,US,USD,USD,"NEW YORK STOCK EXCHANGE, INC.",2015-01-30,3042.693767548121,https://static2.finnhub.io/file/publicdatany/finnhubimage/stock_logo/SHAK.png,42.78,"Hotels, Restaurants & Leisure",16467477200,https://www.shakeshack.com/,38.58,,20260816,AADP,f93451c22fb2c50f0504e4ed02c4e301,74.84,1.2,75.44,73.83,74.5,73.64,2026-08-14 20:00:00,2026-08-14,1.6295,cadp_finnhub,-0.8599999999999994,-1.1543624161073818,1.6099999999999994,2.180685358255451,0.5999999999999943,0.801710315339383,1.0100000000000051,1.3495456974879811,,,
MCK,McKesson Corp,US,USD,USD,"NEW YORK STOCK EXCHANGE, INC.",1994-11-10,101384.64803323633,https://static2.finnhub.io/file/publicdatany/finnhubimage/stock_logo/MCK.png,117.08,Health Care,18009279800,https://www.mckesson.com/,117.01,,20260816,AADP,f948409b82a3afd411f6abc8c0100570,869.0,12.31,869.79,852.99,859.74,856.69,2026-08-14 20:00:00,2026-08-14,1.4369,cadp_finnhub,-3.0499999999999545,-0.3547584153348634,16.799999999999955,1.9695424330883073,0.7899999999999636,0.09090909090908672,16.00999999999999,1.8423475258918287,879.94,-10.940000000000055,-1.243266586358167
LLY,Eli Lilly and Co,US,USD,USD,"NEW YORK STOCK EXCHANGE, INC.",1970-07-09,1116176.419602507,https://static2.finnhub.io/file/publicdatany/finnhubimage/stock_logo/LLY.png,941.74,Pharmaceuticals,13172762000,https://www.lilly.com/,939.73,,20260816,AADP,f96cbf8264720509c34f0c93540a4669,1180.16,-28.84,1199.0,1171.1956,1194.01,1209.0,2026-08-14 20:00:00,2026-08-14,-2.3854,cadp_finnhub,14.990000000000009,1.2554333715798034,27.804399999999987,2.374018481626808,18.839999999999918,1.5963937093275415,8.964400000000069,0.7595919197397021,1231.94,-51.77999999999997,-4.203126775654656
RGLD,Royal Gold Inc,US,USD,USD,NASDAQ NMS - GLOBAL MARKET,1981-06-09,19512.528735248812,https://static2.finnhub.io/file/publicdatany/finnhubimage/stock_logo/RGLD.png,84.87,Metals & Mining,13026587581,https://www.royalgold.com/,84.63,,20260816,AADP,f96e5dba7ae0599ec4a9ec94cf6f1b0c,230.68,4.7,233.56,226.44,228.29,225.98,2026-08-14 20:00:00,2026-08-14,2.0798,cadp_finnhub,-2.3100000000000023,-1.011870866003768,7.1200000000000045,3.144320791379617,2.8799999999999955,1.2484827466620405,4.240000000000009,1.8380440436969,229.92,0.7600000000000193,0.33054975643703
ATO,Atmos Energy Corp,US,USD,USD,"NEW YORK STOCK EXCHANGE, INC.",1983-12-28,28760.159018751074,https://static2.finnhub.io/file/publicdatany/finnhubimage/stock_logo/ATO.png,166.92,Utilities,19729349227,https://www.atmosenergy.com/,166.0,,20260816,AADP,f98260270f1dc0a3b95b3d15b67adca4,,,,,,,,,,cadp_finnhub,,,,,,,,,,,
VVX,V2X Inc,US,USD,USD,"NEW YORK STOCK EXCHANGE, INC.",2014-09-16,2716.18,https://static2.finnhub.io/file/publicdatany/finnhubimage/stock_logo/VEC.png,31.31,Aerospace & Defense,15714812000,https://gov2x.com/,30.6,,20260816,AADP,f99bd83aad1e08142e5e987a8e190daf,83.0,1.73,83.5,81.27,82.32,81.27,2026-08-14 20:00:00,2026-08-14,2.1287,cadp_finnhub,-1.0499999999999972,-1.2755102040816293,2.230000000000004,2.743939953242284,0.5,0.6024096385542169,1.730000000000004,2.0843373493975954,,,
HAYW,Hayward Holdings Inc,US,USD,USD,"NEW YORK STOCK EXCHANGE, INC.",2021-03-12,3355.7318216260373,https://static2.finnhub.io/file/publicdatany/finnhubimage/stock_logo/950799042936.png,212.12,Building,13026365400,https://www.hayward-pool.com/shop/en/pools,207.32,,20260816,AADP,fa1e56a038456260e3ab7937b0d6f760,15.16,-0.13,15.37,15.095,15.23,15.29,2026-08-14 20:00:00,2026-08-14,-0.8502,cadp_finnhub,0.05999999999999872,0.393959290873268,0.2749999999999986,1.8217952964557707,0.20999999999999908,1.3852242744063263,0.0649999999999995,0.42875989445909957,,,
MANH,Manhattan Associates Inc,US,USD,USD,NASDAQ NMS - GLOBAL MARKET,1998-04-23,11382.880287428316,https://static2.finnhub.io/file/publicdatany/finnhubimage/stock_logo/MANH.png,58.3,Technology,17709557070,https://www.manh.com/,57.46,,20260816,AADP,fa5bd21dfa99cb8862a9a9b0b5cb5f24,197.39,-3.53,203.0,196.22,202.88,200.92,2026-08-14 20:00:00,2026-08-14,-1.7569,cadp_finnhub,-1.960000000000008,-0.9660883280757137,6.780000000000001,3.4553052695953523,5.610000000000014,2.842089264907044,1.1699999999999875,0.5927351942854185,195.23,2.1599999999999966,1.1063873380115745
SAH,Sonic Automotive Inc,US,USD,USD,"NEW YORK STOCK EXCHANGE, INC.",1997-11-12,2606.3243606116152,https://static2.finnhub.io/file/publicdatany/finnhubimage/stock_logo/942959049396.png,31.6,Retail,13026587581,https://www.sonicautomotive.com/,12.0,,20260816,AADP,faa73dcc0a02a839b8dd14adf19bc868,80.83,1.59,81.345,78.47,78.89,79.24,2026-08-14 20:00:00,2026-08-14,2.0066,cadp_finnhub,0.3499999999999943,0.44365572315882157,2.875,3.6638205683700775,0.5150000000000006,0.637139675862923,2.3599999999999994,2.9197080291970794,,,
GHC,Graham Holdings Co,US,USD,USD,"NEW YORK STOCK EXCHANGE, INC.",1980-03-17,5021.396565707989,https://static2.finnhub.io/file/publicdatany/finnhubimage/stock_logo/GHC.png,4.31,Diversified Consumer Services,13026587581,https://www.ghco.com,3.1,,20260816,AADP,fb16e79657420c570dfbaa35f013c79b,1191.2,16.97,1195.6099,1168.93,1174.24,1174.23,2026-08-14 20:00:00,2026-08-14,1.4452,cadp_finnhub,-0.009999999999990905,-0.0008516146613972361,26.67989999999986,2.2824206753184417,4.40989999999988,0.3702065144392108,22.269999999999982,1.8695433176628595,1187.12,4.080000000000155,0.3436889278253382
ADBE,Adobe Inc,US,USD,USD,NASDAQ NMS - GLOBAL MARKET,1986-08-20,105420.9710438625,https://static2.finnhub.io/file/publicdatany/finnhubimage/stock_logo/ADBE.png,397.5,Technology,14085366000,https://www.adobe.com/,396.55,,20260816,AADP,fb1c5070c3d7e6c63d9663e3cd9ba69a,264.02,-6.47,273.4,261.67,273.22,270.49,2026-08-14 20:00:00,2026-08-14,-2.392,cadp_finnhub,-2.730000000000018,-0.9991947880828702,11.729999999999961,4.482745442733198,9.379999999999995,3.5527611544579942,2.349999999999966,0.8900840845390372,272.96,-8.939999999999998,-3.2752051582649466
USPH,US Physical Therapy Inc,US,USD,USD,"NEW YORK STOCK EXCHANGE, INC.",1992-05-29,1193.5335212323437,https://static2.finnhub.io/file/publicdatany/finnhubimage/stock_logo/USPH.png,15.22,Health Care,17132977000,https://www.usph.com/,14.84,,20260816,AADP,fb5fe5bb2bc34dc896495f188e66a809,81.24,-1.52,81.8,78.63,81.8,82.76,2026-08-14 20:00:00,2026-08-14,-1.8366,cadp_finnhub,0.960000000000008,1.1735941320293497,3.1700000000000017,4.0315401246343665,0.5600000000000023,0.6893156080748428,2.6099999999999994,3.2127031019202357,,,
COR,Cencora Inc,US,USD,USD,"NEW YORK STOCK EXCHANGE, INC.",1996-05-28,61152.47960566185,https://static2.finnhub.io/file/publicdatany/finnhubimage/stock_logo/ABC.png,194.56,Health Care,13026587581,https://www.cencora.com/,186.3,,20260816,AADP,fbabac18252903d579c82f416525a70e,313.82,3.81,314.31,302.01,304.78,310.01,2026-08-14 20:00:00,2026-08-14,1.229,cadp_finnhub,5.230000000000018,1.7159918629831417,12.300000000000011,4.0727128240786765,0.4900000000000091,0.15614046268561887,11.810000000000002,3.7633038047288263,320.46,-6.639999999999986,-2.07202146913811
ULTA,Ulta Beauty Inc,US,USD,USD,NASDAQ NMS - GLOBAL MARKET,2007-10-25,24295.408244514656,https://static2.finnhub.io/file/publicdatany/finnhubimage/stock_logo/ULTA.png,42.99,Retail,13026365400,https://www.ulta.com/,42.89,,20260816,AADP,fbcf1349b0be9a1faaad683c98dc7ed5,510.75,-4.82,517.525,506.9725,515.48,515.57,2026-08-14 20:00:00,2026-08-14,-0.9349,cadp_finnhub,0.09000000000003183,0.017459455265001908,10.552499999999952,2.0814738472007757,6.774999999999977,1.3264806656877097,3.777499999999975,0.739598629466466,554.97,-44.22000000000003,-7.967998270176771
LAUR,Laureate Education Inc,US,USD,USD,NASDAQ NMS - GLOBAL MARKET,2017-02-01,5281.310623117664,https://static2.finnhub.io/file/publicdatany/finnhubimage/stock_logo/LAUR.png,139.98,Diversified Consumer Services,17862093368,https://www.laureate.net/,116.94,,20260816,AADP,fbe7defdae1d2051245b2e7b6c49cf2d,37.62,0.24,37.71,37.17,37.38,37.38,2026-08-14 20:00:00,2026-08-14,0.6421,cadp_finnhub,,,0.5399999999999991,1.4527845036319589,0.09000000000000341,0.23923444976077465,0.44999999999999574,1.1961722488038165,,,
STC,Stewart Information Services Corp,US,USD,USD,"NEW YORK STOCK EXCHANGE, INC.",1994-01-06,2081.3087372722885,https://static2.finnhub.io/file/publicdatany/finnhubimage/stock_logo/STC.png,30.45,Insurance,13026587581,https://www.stewart.com/,29.84,,20260816,AADP,fc184cd1f5eb7aab698403a37ee98992,68.2,0.51,68.48,67.575,68.0,67.69,2026-08-14 20:00:00,2026-08-14,0.7534,cadp_finnhub,-0.3100000000000023,-0.45588235294117985,0.9050000000000011,1.339252682204959,0.28000000000000114,0.41055718475073477,0.625,0.9164222873900292,,,
FG,F&G Annuities & Life Inc,US,USD,USD,"NEW YORK STOCK EXCHANGE, INC.",2022-11-21,3665.859583026388,https://static2.finnhub.io/file/publicdatany/finnhubimage/stock_logo/950800475656.png,132.48,Insurance,13026587581,https://www.fglife.com/,128.92,,20260816,AADP,fc3f82f974379bd0602f99798a379bae,27.42,-0.03,28.03,27.32,27.62,27.45,2026-08-14 20:00:00,2026-08-14,-0.1093,cadp_finnhub,-0.1700000000000017,-0.6154960173787172,0.7100000000000009,2.5988286969253327,0.6099999999999994,2.22465353756382,0.10000000000000142,0.364697301239976,,,
P,Everpure Inc,US,USD,USD,"NEW YORK STOCK EXCHANGE, INC.",2015-10-07,29933.065377021547,https://static2.finnhub.io/file/publicdatany/finnhubimage/stock_logo/PSTG.png,332.4,Technology,18003797873,https://www.purestorage.com/,315.73,,20260816,AADP,fc449de59efcbe203e31e713ba6e223b,118.16,0.81,118.64,115.1,117.86,117.35,2026-08-14 20:00:00,2026-08-14,0.6902,cadp_finnhub,-0.5100000000000051,-0.43271678262345586,3.5400000000000063,3.075586446568207,0.480000000000004,0.406228842247803,3.0600000000000023,2.5897088693297245,90.05,28.11,31.21599111604664
HWM,Howmet Aerospace Inc,US,USD,USD,"NEW YORK STOCK EXCHANGE, INC.",1951-06-11,112782.29775777148,https://static2.finnhub.io/file/publicdatany/finnhubimage/stock_logo/HWM.png,400.11,Aerospace & Defense,13026587581,https://www.howmet.com/,396.57,,20260816,AADP,fc45779aebf32c6cafbd163fe5204953,289.18,6.36,289.99,281.725,282.38,282.82,2026-08-14 20:00:00,2026-08-14,2.2488,cadp_finnhub,0.4399999999999977,0.15581840073659528,8.264999999999986,2.933711953145793,0.8100000000000023,0.28010235839269737,7.454999999999984,2.5779791133549983,283.71,5.470000000000027,1.9280250960487921
BTU,Peabody Energy Corp,US,USD,USD,"NEW YORK STOCK EXCHANGE, INC.",2017-04-03,2900.058129578231,https://static2.finnhub.io/file/publicdatany/finnhubimage/stock_logo/BTU.png,121.8,Energy,13026365400,https://www.peabodyenergy.com/,120.59,,20260816,AADP,fc72d30e4e71dac3bf278a398e83e821,25.48,1.39,25.52,24.475,24.67,24.09,2026-08-14 20:00:00,2026-08-14,5.77,cadp_finnhub,-0.5800000000000018,-2.3510336441021558,1.0449999999999982,4.269662921348307,0.03999999999999915,0.1569858712715822,1.004999999999999,3.9442700156985833,,,
M,Macy's Inc,US,USD,USD,"NEW YORK STOCK EXCHANGE, INC.",1992-02-05,6681.164058869876,https://static2.finnhub.io/file/publicdatany/finnhubimage/stock_logo/M.png,263.04,Retail,13023513367,https://www.macysinc.com/overview/default.aspx,258.99,,20260816,AADP,fc7d77f47c15b6c87fc4bb4f1bdae291,23.41,-0.43,23.91,23.305,23.63,23.84,2026-08-14 20:00:00,2026-08-14,-1.8037,cadp_finnhub,0.21000000000000085,0.8887008040626359,0.6050000000000004,2.5960094400343294,0.5,2.135839384878257,0.10500000000000043,0.44852627082443586,25.4,-1.9899999999999984,-7.8346456692913335
FTRE,Fortrea Holdings Inc,US,USD,USD,NASDAQ NMS - GLOBAL MARKET,2023-06-16,1752.6930250039566,https://static2.finnhub.io/file/publicdatany/finnhubimage/stock_logo/950865376926.png,95.1,Life Sciences Tools & Services,13026365400,https://www.fortrea.com/,94.13,,20260816,AADP,fcb31f87f246e9468d559da599c857f8,17.41,-0.41,17.84,16.84,17.65,17.82,2026-08-14 20:00:00,2026-08-14,-2.3008,cadp_finnhub,0.1700000000000017,0.9631728045325876,1.0,5.938242280285036,0.4299999999999997,2.46984491671453,0.5700000000000003,3.2739804709936835,,,
CASY,Caseys General Stores Inc,US,USD,USD,NASDAQ NMS - GLOBAL MARKET,1983-10-21,30860.246838232986,https://static2.finnhub.io/file/publicdatany/finnhubimage/stock_logo/CASY.png,37.0,Retail,15152437611,https://www.caseys.com/,36.79,,20260816,AADP,fce06c77c07832d65546252fe2af65d8,846.45,-7.33,857.79,844.93,854.17,853.78,2026-08-14 20:00:00,2026-08-14,-0.8585,cadp_finnhub,-0.38999999999998636,-0.04565835840640463,12.860000000000014,1.5220195755861448,11.339999999999918,1.3397129186602774,1.5200000000000955,0.17957351290685752,833.95,12.5,1.4988908207926133
WSFS,WSFS Financial Corp,US,USD,USD,NASDAQ NMS - GLOBAL MARKET,1986-11-26,4101.79,https://static2.finnhub.io/file/publicdatany/finnhubimage/stock_logo/WSFS.png,51.39,Banking,13027926000,https://investors.wsfsbank.com/overview/default.aspx,50.88,,20260816,AADP,fcf36aeea4fdfe7147c93021fa481ece,81.66,0.1,82.005,81.31,81.31,81.56,2026-08-14 20:00:00,2026-08-14,0.1226,cadp_finnhub,0.25,0.30746525642602385,0.6949999999999932,0.8547534128643379,0.34499999999999886,0.4224834680382058,0.3499999999999943,0.4286064168503482,,,
DEI,Douglas Emmett Inc,US,USD,USD,"NEW YORK STOCK EXCHANGE, INC.",2006-10-24,1957.9026893999999,https://static2.finnhub.io/file/publicdatany/finnhubimage/stock_logo/942959090166.png,167.49,Real Estate,13102557700,https://www.douglasemmett.com/,161.63,,20260816,AADP,fd0f31550cc6d407119a283a6a54937e,11.68,-0.21,11.95,11.64,11.8,11.89,2026-08-14 20:00:00,2026-08-14,-1.7662,cadp_finnhub,0.08999999999999986,0.7627118644067784,0.3099999999999987,2.663230240549817,0.2699999999999996,2.311643835616435,0.03999999999999915,0.34246575342465024,,,
OSW,OneSpaWorld Holdings Ltd,BS,USD,USD,NASDAQ NMS - GLOBAL MARKET,2017-11-17,2660.281190235915,https://static2.finnhub.io/file/publicdatany/finnhubimage/stock_logo/OSW.png,101.51,Diversified Consumer Services,2423222670,https://onespaworld.com/,97.83,,20260816,AADP,fd17d7c7b9512c21137a757296408c4f,26.92,0.0,27.22,26.64,26.88,26.92,2026-08-14 20:00:00,2026-08-14,0.0,cadp_finnhub,0.0400000000000027,0.14880952380953386,0.5799999999999983,2.1771771771771706,0.29999999999999716,1.1144130757800785,0.28000000000000114,1.0401188707280873,,,
INDV,"Indivior Pharmaceuticals, Inc",US,USD,USD,NASDAQ NMS - GLOBAL MARKET,2023-06-12,4581.289636508922,https://static2.finnhub.io/file/publicdatany/finnhubimage/stock_logo/950440662426.png,121.0,Pharmaceuticals,18043791090,https://www.indivior.com/,118.63,,20260816,AADP,fd29ced83d4d998882fc7f12b7cae7a0,39.01,0.79,39.14,37.82,38.0,38.22,2026-08-14 20:00:00,2026-08-14,2.067,cadp_finnhub,0.21999999999999886,0.5789473684210497,1.3200000000000003,3.490216816499207,0.13000000000000256,0.33324788515765846,1.1899999999999977,3.0504998718277307,,,
MTSI,MACOM Technology Solutions Holdings Inc,US,USD,USD,NASDAQ NMS - GLOBAL MARKET,2012-03-15,23714.254362063453,https://static2.finnhub.io/file/publicdatany/finnhubimage/stock_logo/MTSI.png,76.3,Semiconductors,13026587581,https://www.macom.com/,69.2,,20260816,AADP,fd5f5699bf3790d6954d63fb01c7f9a6,316.44,9.38,316.58,303.0501,307.55,307.06,2026-08-14 20:00:00,2026-08-14,3.0548,cadp_finnhub,-0.4900000000000091,-0.15932368720533543,13.529899999999998,4.464575329293736,0.13999999999998636,0.04424219441283857,13.389900000000011,4.231418278346609,311.67,4.769999999999982,1.5304649148137395
KWR,Quaker Chemical Corp,US,USD,USD,"NEW YORK STOCK EXCHANGE, INC.",1980-03-17,2924.4486962623278,https://static2.finnhub.io/file/publicdatany/finnhubimage/stock_logo/KWR.png,17.37,Chemicals,16108324000,https://home.quakerhoughton.com/,13.55,,20260816,AADP,fe5610983ba74db5393f0bcef5049139,170.72,-0.71,172.605,167.825,169.98,171.43,2026-08-14 20:00:00,2026-08-14,-0.4142,cadp_finnhub,1.450000000000017,0.8530415342981629,4.780000000000001,2.848204975420826,1.884999999999991,1.1041471415182702,2.8950000000000102,1.695759137769453,,,
NLY,Annaly Capital Management Inc,US,USD,USD,"NEW YORK STOCK EXCHANGE, INC.",1997-10-08,17365.580039343335,https://static2.finnhub.io/file/publicdatany/finnhubimage/stock_logo/942959034386.png,753.71,Real Estate,12126960100,https://www.annaly.com/,752.87,,20260816,AADP,fef6f084b37b70124232f7af575a0394,23.33,-0.06,23.515,23.28,23.5,23.39,2026-08-14 20:00:00,2026-08-14,-0.2565,cadp_finnhub,-0.10999999999999943,-0.46808510638297635,0.23499999999999943,1.0094501718213034,0.18500000000000227,0.792970424346345,0.04999999999999716,0.21431633090440275,22.91,0.41999999999999815,1.8332605848974166
BKR,Baker Hughes Co,US,USD,USD,NASDAQ NMS - GLOBAL MARKET,1987-06-04,61099.08914827489,https://static2.finnhub.io/file/publicdatany/finnhubimage/stock_logo/BKR.png,992.67,Energy,13026587581,https://www.bakerhughes.com/,990.16,,20260816,AADP,ff36ddd76b841cafe772422a96f4cb47,64.82,1.38,65.17,63.47,63.54,63.44,2026-08-14 20:00:00,2026-08-14,2.1753,cadp_finnhub,-0.10000000000000142,-0.15738117721120778,1.7000000000000028,2.678430754687258,0.3500000000000085,0.5399568034557368,1.3499999999999943,2.0826905276149255,61.55,3.269999999999996,5.312753858651496
ETN,Eaton Corporation PLC,IE,USD,USD,"NEW YORK STOCK EXCHANGE, INC.",2012-12-03,174267.3102110463,https://static2.finnhub.io/file/publicdatany/finnhubimage/stock_logo/ETN.png,388.3,Electrical Equipment,35316372900,https://www.eaton.com/,388.04,,20260816,AADP,ff495eb6b5ed80dac2e8f25d192a4029,451.51,-1.82,456.67,449.01,453.76,453.33,2026-08-14 20:00:00,2026-08-14,-0.4015,cadp_finnhub,-0.4300000000000068,-0.09476375176304805,7.660000000000025,1.7059753680318979,5.160000000000025,1.1428318309672045,2.5,0.5536975925228677,449.63,1.8799999999999955,0.4181215666214433
AMH,American Homes 4 Rent,US,USD,USD,"NEW YORK STOCK EXCHANGE, INC.",2013-08-01,12460.393404895807,https://static2.finnhub.io/file/publicdatany/finnhubimage/stock_logo/950379893556.png,359.82,Real Estate,18054135300,https://www.amh.com/,330.43,,20260816,AADP,ff54b42570c3185adc704ad512135b92,34.08,-0.17,34.5,34.05,34.3,34.25,2026-08-14 20:00:00,2026-08-14,-0.4964,cadp_finnhub,-0.04999999999999716,-0.14577259475217832,0.45000000000000284,1.321585903083709,0.4200000000000017,1.2323943661971881,0.030000000000001137,0.08802816901408785,34.63,-0.5500000000000043,-1.588218307825597
ITGR,Integer Holdings Corp,US,USD,USD,"NEW YORK STOCK EXCHANGE, INC.",2000-09-29,4258.183636979298,https://static2.finnhub.io/file/publicdatany/finnhubimage/stock_logo/ITGR.png,33.95,Health Care,12146185243,https://www.integer.net/home/default.aspx,33.42,,20260816,AADP,ff64c37e3b1c2bf8db2da39e3511ab5d,125.26,0.2,125.44,125.14,125.15,125.06,2026-08-14 20:00:00,2026-08-14,0.1599,cadp_finnhub,-0.09000000000000341,-0.07191370355573584,0.29999999999999716,0.23973150071919222,0.1799999999999926,0.14370110170844053,0.12000000000000455,0.09580073447230125,,,
ACHC,Acadia Healthcare Company Inc,US,USD,USD,NASDAQ NMS - GLOBAL MARKET,2011-11-01,2935.4515465595714,https://static2.finnhub.io/file/publicdatany/finnhubimage/stock_logo/ACHC.png,93.1,Health Care,13026587581,https://www.acadiahealthcare.com/,91.64,,20260816,AADP,ff7499146d734d935841e09dc2aa95c6,30.83,0.59,31.14,29.81,30.1,30.24,2026-08-14 20:00:00,2026-08-14,1.9511,cadp_finnhub,0.13999999999999702,0.46511627906975755,1.3300000000000018,4.4615900704461655,0.3100000000000023,1.0055141096334814,1.0199999999999996,3.3084657800843327,,,
BKU,BankUnited Inc,US,USD,USD,"NEW YORK STOCK EXCHANGE, INC.",2011-01-28,3376.792291137036,https://static2.finnhub.io/file/publicdatany/finnhubimage/stock_logo/BKU.png,72.28,Banking,13026587581,https://www.bankunited.com/,71.61,,20260816,AADP,ff83a3cb6a588056f310f029e01a725e,48.34,0.51,48.34,47.44,48.32,47.83,2026-08-14 20:00:00,2026-08-14,1.0663,cadp_finnhub,-0.490000000000002,-1.0140728476821232,0.9000000000000057,1.8971332209106362,,,0.9000000000000057,1.861812163839482,,,
LFUS,Littelfuse Inc,US,USD,USD,NASDAQ NMS - GLOBAL MARKET,1992-09-22,11595.797463394958,https://static2.finnhub.io/file/publicdatany/finnhubimage/stock_logo/LFUS.png,25.4,Electrical Equipment,13026587581,https://www.littelfuse.com/,25.04,,20260816,AADP,ff8db365ddd610224eb05647c5ecd966,457.57,7.57,461.09,445.061,449.67,450.0,2026-08-14 20:00:00,2026-08-14,1.6822,cadp_finnhub,0.3299999999999841,0.07338715057708632,16.028999999999996,3.6015287792010526,3.519999999999982,0.7692812028760587,12.509000000000015,2.733789365561557,456.55,1.0199999999999818,0.2234147409922203
CW,Curtiss-Wright Corp,US,USD,USD,"NEW YORK STOCK EXCHANGE, INC.",1980-03-17,25545.554273981288,https://static2.finnhub.io/file/publicdatany/finnhubimage/stock_logo/CW.png,36.94,Aerospace & Defense,18668207754,https://www.curtisswright.com/,36.8,,20260816,AADP,ffc4498c7b3af7beffcc1beb80c1bb74,699.31,10.48,699.39,686.37,690.58,688.83,2026-08-14 20:00:00,2026-08-14,1.5214,cadp_finnhub,-1.75,-0.2534101769527064,13.019999999999982,1.8969360548975016,0.08000000000004093,0.011439847850029447,12.93999999999994,1.8503953897413081,696.93,2.3799999999999955,0.3414977113913873
DHI,D.R. Horton Inc,US,USD,USD,"NEW YORK STOCK EXCHANGE, INC.",1992-06-05,42257.26989996877,https://static2.finnhub.io/file/publicdatany/finnhubimage/stock_logo/DHI.png,279.7,Consumer products,18173908200,https://www.drhorton.com/,246.76,,20260816,AADP,ffcdcfec894565645eb909175441afce,148.81,-1.07,150.19,148.45,149.05,149.88,2026-08-14 20:00:00,2026-08-14,-0.7139,cadp_finnhub,0.8299999999999841,0.5568601140556753,1.740000000000009,1.1721118221623505,1.3799999999999955,0.9273570324574931,0.36000000000001364,0.2419192258584864,149.99,-1.1800000000000068,-0.786719114607645
DE,Deere & Co,US,USD,USD,"NEW YORK STOCK EXCHANGE, INC.",1933-06-29,167585.26755202046,https://static2.finnhub.io/file/publicdatany/finnhubimage/stock_logo/DE.png,269.94,Machinery,13026587581,https://www.deere.com/,269.48,,20260816,AADP,ffe41b8be107e4761584f8c77406495d,608.85,-3.53,616.0,607.0,608.83,612.38,2026-08-14 20:00:00,2026-08-14,-0.5764,cadp_finnhub,3.5499999999999545,0.583085590394684,9.0,1.4827018121911038,7.149999999999977,1.1743450767840975,1.8500000000000227,0.30385152336372223,620.83,-11.980000000000018,-1.9296747902002187
HRL,Hormel Foods Corp,US,USD,USD,"NEW YORK STOCK EXCHANGE, INC.",1990-01-16,13768.87991786688,https://static2.finnhub.io/file/publicdatany/finnhubimage/stock_logo/HRL.png,550.31,Food Products,13026587581,https://www.hormelfoods.com/,288.32,,20260816,AADP,fff694843ff4e1aa056da39a7dbc70d1,24.54,0.1,24.62,24.33,24.42,24.44,2026-08-14 20:00:00,2026-08-14,0.4092,cadp_finnhub,0.019999999999999574,0.08190008190008015,0.2900000000000027,1.1919441019317827,0.08000000000000185,0.3259983700081575,0.21000000000000085,0.855745721271397,25.21,-0.6700000000000017,-2.657675525585092
